374	0	1
374	0	7
374	0	8
374	0	11
374	0	15
374	0	19
374	0	59
374	0	62
374	0	324
375	0	5
375	0	8
375	0	19
375	0	45
375	0	142
375	0	184
375	0	237
376	0	41
379	0	8
379	0	84
379	0	92
382	0	5
382	0	8
382	0	12
382	0	19
382	0	31
382	0	36
382	0	38
382	0	45
382	0	47
382	0	48
382	0	78
382	0	102
382	0	106
382	0	118
382	0	125
384	0	45
385	0	5
386	0	8
387	0	5
387	0	8
387	0	15
387	0	19
387	0	45
387	0	90
387	0	185
388	0	8
388	0	39
390	0	3
390	0	5
390	0	8
390	0	19
390	0	31
390	0	47
391	0	41
392	0	2
392	0	8
392	0	47
393	0	45
393	0	90
394	0	5
394	0	8
394	0	182
395	0	8
395	0	31
395	0	34
396	0	8
397	0	8
397	0	45
398	0	0
398	0	5
398	0	8
398	0	94
399	0	182
400	0	8
400	0	45
401	0	8
401	0	161
402	0	0
402	0	84
404	0	2
404	0	8
404	0	45
405	0	8
406	0	2
407	0	5
407	0	8
407	0	12
407	0	15
407	0	19
407	0	32
407	0	41
407	0	49
407	0	63
407	0	82
407	0	90
407	0	106
407	0	153
407	0	276
408	0	5
408	0	8
408	0	31
408	0	39
408	0	47
408	0	278
409	0	8
410	0	1
410	0	5
410	0	8
410	0	19
410	0	45
410	0	49
410	0	120
413	0	58
414	0	1
414	0	2
414	0	8
414	0	31
414	0	45
415	0	8
415	0	45
416	0	1
416	0	5
416	0	8
416	0	15
416	0	19
416	0	20
416	0	42
416	0	45
416	0	47
416	0	49
416	0	55
416	0	60
416	0	62
416	0	89
416	0	153
416	0	160
416	0	181
416	0	242
416	0	247
416	0	249
418	0	8
419	0	8
419	0	39
420	0	0
420	0	5
420	0	8
420	0	9
420	0	26
420	0	40
420	0	42
420	0	45
420	0	49
420	0	62
423	0	0
423	0	1
423	0	5
423	0	8
423	0	19
423	0	41
423	0	42
423	0	45
423	0	49
423	0	112
423	0	158
423	0	163
424	0	0
424	0	1
424	0	5
424	0	15
424	0	37
424	0	39
424	0	45
424	0	49
424	0	51
424	0	66
424	0	228
424	0	363
425	0	5
425	0	45
425	0	47
426	0	49
427	0	31
428	0	5
428	0	8
428	0	19
428	0	24
428	0	30
428	0	31
428	0	34
428	0	41
428	0	45
428	0	84
428	0	85
428	0	90
428	0	234
428	0	278
429	0	5
429	0	8
429	0	19
429	0	36
429	0	47
429	0	54
429	0	82
429	0	84
429	0	104
429	0	153
429	0	250
430	0	5
432	0	5
432	0	8
432	0	15
432	0	31
432	0	45
432	0	47
432	0	88
432	0	145
433	0	5
433	0	8
433	0	15
434	0	8
434	0	45
435	0	5
435	0	8
435	0	40
435	0	45
435	0	47
435	0	107
435	0	126
436	0	8
436	0	45
437	0	19
438	0	49
438	0	66
439	0	8
439	0	184
439	0	213
440	0	5
440	0	8
440	0	42
440	0	45
440	0	47
440	0	153
443	0	45
444	0	1
444	0	2
444	0	5
444	0	8
444	0	31
444	0	45
444	0	65
444	0	66
444	0	92
444	0	160
444	0	161
445	0	5
445	0	8
445	0	47
447	0	8
447	0	51
449	0	8
449	0	100
450	0	0
450	0	5
450	0	8
450	0	12
450	0	31
450	0	42
450	0	47
450	0	49
450	0	92
450	0	183
451	0	21
451	0	79
452	0	8
453	0	4
454	0	5
455	0	90
456	0	0
456	0	5
456	0	8
456	0	10
456	0	19
456	0	31
456	0	34
456	0	38
456	0	39
456	0	45
456	0	83
456	0	84
456	0	118
456	0	181
456	0	184
456	0	187
456	0	198
456	0	210
456	0	258
456	0	276
460	0	19
460	0	49
460	0	234
461	0	8
461	0	84
463	0	5
463	0	19
463	0	31
463	0	45
463	0	110
464	0	1
464	0	5
464	0	8
464	0	15
464	0	19
464	0	49
464	0	85
464	0	125
466	0	234
468	0	2
473	0	8
473	0	19
473	0	34
473	0	47
474	0	8
475	0	5
475	0	9
475	0	31
475	0	45
475	0	47
475	0	63
476	0	276
477	0	5
477	0	49
480	0	1
480	0	13
481	0	15
482	0	0
482	0	1
482	0	5
482	0	8
482	0	9
482	0	37
482	0	42
482	0	45
482	0	49
482	0	54
482	0	106
482	0	149
482	0	153
482	0	231
483	0	19
484	0	5
484	0	8
484	0	19
484	0	45
486	0	5
486	0	8
486	0	15
486	0	19
486	0	33
486	0	38
486	0	39
486	0	47
486	0	106
486	0	209
487	0	0
487	0	1
487	0	5
487	0	8
487	0	12
487	0	15
487	0	31
487	0	32
487	0	41
487	0	45
487	0	47
487	0	49
487	0	87
487	0	92
487	0	105
487	0	106
487	0	149
487	0	153
487	0	209
487	0	210
487	0	224
487	0	234
487	0	252
488	0	1
488	0	5
488	0	8
488	0	9
488	0	19
488	0	23
488	0	26
488	0	31
488	0	39
488	0	42
488	0	44
488	0	45
488	0	47
488	0	48
488	0	51
488	0	57
488	0	62
488	0	79
488	0	82
488	0	129
488	0	134
488	0	157
488	0	163
488	0	164
488	0	182
488	0	328
489	0	92
492	0	0
492	0	1
492	0	5
492	0	6
492	0	8
492	0	12
492	0	15
492	0	19
492	0	20
492	0	31
492	0	45
492	0	46
492	0	47
492	0	49
492	0	88
492	0	129
492	0	149
492	0	202
492	0	207
492	0	209
492	0	222
492	0	289
493	0	45
494	0	1
494	0	5
494	0	6
494	0	8
494	0	11
494	0	15
494	0	19
494	0	24
494	0	31
494	0	38
494	0	41
494	0	45
494	0	47
494	0	49
494	0	57
494	0	61
494	0	66
494	0	82
494	0	92
494	0	99
494	0	106
494	0	110
494	0	114
494	0	149
494	0	163
494	0	172
494	0	202
494	0	215
494	0	235
495	0	5
495	0	49
495	0	84
495	0	90
495	0	161
495	0	186
495	0	355
497	0	5
497	0	8
497	0	31
497	0	40
497	0	45
497	0	48
497	0	53
497	0	76
497	0	123
497	0	145
497	0	163
497	0	209
497	0	278
497	0	341
498	0	42
499	0	5
499	0	8
499	0	29
499	0	45
499	0	46
499	0	102
500	0	5
500	0	8
500	0	15
500	0	17
500	0	19
500	0	30
500	0	45
500	0	49
500	0	60
500	0	61
500	0	84
500	0	85
500	0	122
503	0	5
503	0	15
503	0	21
503	0	45
503	0	47
503	0	51
503	0	108
503	0	182
504	0	2
504	0	5
505	0	8
505	0	13
506	0	5
506	0	8
506	0	42
506	0	57
506	0	118
507	0	5
507	0	47
507	0	51
508	0	1
508	0	5
508	0	8
508	0	15
508	0	19
508	0	40
508	0	45
508	0	47
508	0	49
508	0	66
508	0	92
508	0	127
510	0	0
510	0	8
510	0	15
510	0	16
510	0	34
510	0	37
510	0	47
510	0	150
510	0	217
510	0	234
512	0	5
512	0	8
512	0	47
512	0	134
512	0	234
513	0	1
513	0	5
513	0	6
513	0	8
513	0	15
513	0	16
513	0	19
513	0	24
513	0	27
513	0	31
513	0	35
513	0	37
513	0	42
513	0	45
513	0	47
513	0	49
513	0	92
513	0	94
513	0	110
513	0	117
513	0	118
513	0	125
513	0	129
513	0	149
513	0	160
513	0	163
513	0	164
513	0	196
513	0	218
513	0	223
513	0	257
513	0	273
513	0	278
513	0	371
514	0	5
515	0	1
515	0	5
515	0	8
515	0	9
515	0	12
515	0	15
515	0	19
515	0	45
515	0	84
515	0	94
515	0	255
516	0	2
516	0	8
517	0	5
517	0	8
517	0	31
517	0	39
517	0	45
517	0	54
518	0	8
518	0	45
519	0	5
519	0	8
519	0	45
519	0	47
520	0	5
521	0	0
521	0	1
521	0	5
521	0	8
521	0	12
521	0	15
521	0	16
521	0	19
521	0	31
521	0	39
521	0	45
521	0	48
521	0	87
521	0	160
522	0	5
522	0	8
524	0	1
524	0	2
524	0	15
524	0	42
525	0	4
525	0	5
525	0	8
525	0	15
525	0	19
525	0	45
526	0	1
526	0	5
526	0	8
526	0	19
526	0	28
526	0	31
526	0	43
526	0	45
526	0	47
526	0	125
526	0	328
527	0	5
527	0	8
529	0	45
531	0	5
531	0	8
531	0	150
532	0	3
532	0	8
532	0	49
532	0	161
533	0	0
533	0	1
533	0	8
533	0	12
533	0	15
533	0	23
533	0	37
533	0	44
533	0	45
533	0	49
533	0	82
533	0	83
533	0	88
533	0	94
533	0	176
533	0	237
533	0	328
534	0	5
535	0	5
536	0	19
536	0	49
536	0	234
537	0	1
537	0	4
537	0	5
537	0	8
537	0	10
537	0	15
537	0	21
537	0	45
537	0	49
537	0	161
538	0	0
538	0	1
538	0	5
538	0	6
538	0	8
538	0	15
538	0	16
538	0	19
538	0	24
538	0	31
538	0	42
538	0	45
538	0	47
538	0	63
538	0	74
538	0	84
538	0	88
538	0	94
538	0	108
538	0	124
538	0	149
538	0	153
538	0	253
538	0	305
540	0	5
541	0	45
544	0	0
544	0	1
544	0	5
544	0	8
544	0	19
544	0	30
544	0	31
544	0	45
544	0	57
544	0	61
544	0	64
544	0	102
544	0	104
544	0	116
544	0	124
544	0	129
544	0	148
544	0	189
544	0	246
544	0	341
546	0	1
546	0	5
546	0	8
546	0	11
546	0	15
546	0	19
546	0	39
546	0	45
546	0	110
546	0	114
546	0	324
547	0	1
547	0	8
547	0	16
547	0	19
548	0	1
548	0	5
548	0	8
548	0	19
548	0	30
548	0	45
548	0	49
551	0	4
551	0	263
552	0	5
552	0	8
552	0	14
552	0	19
552	0	45
552	0	49
552	0	234
555	0	1
557	0	19
557	0	49
557	0	234
559	0	0
559	0	5
559	0	6
559	0	8
559	0	9
559	0	12
559	0	15
559	0	37
559	0	39
559	0	45
559	0	49
559	0	62
559	0	66
559	0	106
559	0	160
559	0	240
561	0	5
561	0	8
561	0	15
561	0	19
561	0	21
561	0	31
561	0	45
561	0	46
561	0	47
561	0	85
561	0	182
562	0	5
562	0	8
562	0	31
562	0	39
562	0	40
562	0	45
562	0	49
562	0	209
563	0	5
563	0	8
564	0	45
564	0	58
570	0	8
573	0	1
573	0	5
573	0	8
573	0	45
573	0	47
575	0	110
576	0	8
576	0	15
576	0	63
577	0	5
577	0	8
577	0	15
577	0	45
577	0	165
577	0	259
578	0	31
578	0	92
580	0	5
580	0	8
580	0	15
580	0	45
580	0	234
581	0	8
582	0	1
582	0	5
582	0	8
582	0	15
582	0	45
582	0	258
582	0	276
584	0	1
584	0	8
584	0	49
585	0	0
585	0	5
585	0	6
585	0	8
585	0	9
585	0	15
585	0	19
585	0	33
585	0	37
585	0	45
585	0	47
585	0	57
585	0	63
585	0	65
585	0	82
585	0	84
585	0	88
585	0	102
585	0	104
585	0	106
585	0	116
585	0	118
585	0	160
585	0	181
585	0	223
585	0	252
585	0	260
590	0	8
591	0	5
591	0	8
591	0	15
591	0	31
591	0	45
591	0	181
593	0	1
593	0	5
593	0	8
593	0	19
593	0	31
593	0	42
593	0	45
593	0	47
593	0	49
593	0	61
593	0	88
593	0	144
593	0	181
593	0	187
593	0	215
593	0	263
593	0	364
594	0	1
594	0	8
594	0	37
595	0	5
595	0	8
595	0	19
595	0	45
595	0	58
595	0	63
595	0	152
596	0	1
596	0	4
596	0	5
596	0	8
596	0	19
596	0	28
596	0	30
596	0	45
596	0	47
596	0	49
596	0	57
596	0	104
596	0	181
596	0	187
596	0	263
596	0	349
596	0	364
597	0	0
597	0	1
597	0	5
597	0	8
597	0	36
597	0	40
597	0	45
597	0	47
597	0	49
597	0	57
597	0	59
597	0	61
597	0	82
597	0	83
597	0	84
597	0	118
597	0	124
597	0	134
597	0	164
597	0	202
597	0	227
599	0	61
600	0	8
600	0	45
600	0	84
600	0	85
601	0	1
601	0	5
601	0	8
601	0	15
601	0	16
601	0	31
601	0	37
601	0	39
601	0	45
601	0	67
601	0	129
602	0	234
603	0	5
603	0	8
603	0	45
603	0	47
603	0	102
603	0	257
604	0	1
604	0	5
604	0	8
604	0	12
604	0	15
604	0	19
604	0	39
604	0	45
604	0	47
604	0	49
604	0	92
604	0	107
604	0	114
605	0	2
605	0	127
606	0	1
606	0	5
606	0	8
606	0	19
606	0	31
606	0	45
606	0	46
606	0	47
606	0	54
606	0	59
606	0	64
606	0	85
606	0	87
606	0	102
606	0	110
606	0	163
606	0	167
606	0	222
606	0	252
607	0	5
610	0	8
610	0	45
612	0	1
612	0	5
612	0	8
612	0	15
612	0	19
612	0	33
612	0	45
612	0	47
612	0	107
612	0	118
612	0	145
612	0	324
613	0	5
613	0	13
613	0	114
621	0	5
621	0	8
621	0	45
621	0	51
622	0	160
623	0	2
623	0	8
623	0	9
623	0	19
623	0	45
623	0	47
623	0	79
623	0	104
623	0	109
623	0	123
624	0	0
624	0	8
624	0	31
624	0	42
624	0	45
624	0	49
624	0	88
624	0	104
624	0	182
625	0	1
625	0	3
625	0	5
625	0	8
625	0	19
625	0	45
625	0	47
625	0	81
625	0	102
625	0	111
625	0	118
625	0	254
625	0	363
626	0	8
627	0	1
627	0	8
627	0	31
627	0	90
628	0	8
629	0	8
630	0	0
630	0	3
630	0	5
630	0	8
630	0	15
630	0	19
630	0	21
630	0	31
630	0	45
630	0	47
630	0	65
630	0	92
630	0	102
630	0	106
630	0	124
630	0	129
630	0	253
630	0	271
632	0	5
632	0	8
632	0	13
632	0	15
632	0	31
632	0	45
632	0	57
632	0	59
632	0	88
632	0	92
632	0	149
632	0	152
632	0	160
632	0	182
632	0	185
633	0	118
634	0	5
634	0	6
634	0	8
634	0	15
634	0	19
634	0	28
634	0	31
634	0	37
634	0	45
634	0	49
634	0	58
634	0	64
634	0	126
634	0	161
634	0	181
634	0	189
634	0	229
634	0	234
634	0	245
634	0	341
634	0	364
635	0	8
635	0	19
635	0	39
635	0	45
636	0	39
637	0	1
637	0	229
639	0	5
640	0	8
640	0	19
641	0	5
642	0	0
642	0	1
642	0	5
642	0	6
642	0	8
642	0	12
642	0	15
642	0	19
642	0	21
642	0	22
642	0	31
642	0	37
642	0	42
642	0	45
642	0	47
642	0	49
642	0	56
642	0	60
642	0	67
642	0	82
642	0	84
642	0	88
642	0	94
642	0	100
642	0	106
642	0	118
642	0	125
642	0	129
642	0	145
642	0	155
642	0	163
642	0	174
642	0	207
642	0	234
642	0	238
642	0	243
642	0	245
642	0	252
642	0	265
642	0	271
642	0	273
646	0	8
646	0	45
646	0	92
647	0	1
647	0	5
647	0	8
647	0	15
647	0	19
647	0	42
647	0	45
647	0	47
647	0	49
647	0	84
647	0	160
647	0	182
647	0	207
648	0	5
648	0	8
648	0	12
648	0	15
648	0	16
648	0	19
648	0	31
648	0	40
648	0	45
648	0	47
648	0	49
648	0	82
648	0	101
648	0	143
648	0	222
649	0	1
649	0	8
649	0	19
651	0	8
651	0	9
651	0	15
651	0	23
651	0	44
651	0	45
651	0	47
651	0	49
651	0	92
651	0	125
651	0	163
652	0	20
653	0	1
653	0	5
653	0	8
653	0	15
653	0	19
653	0	31
653	0	45
653	0	253
654	0	0
654	0	1
654	0	5
654	0	8
654	0	9
654	0	12
654	0	15
654	0	19
654	0	31
654	0	32
654	0	41
654	0	45
654	0	47
654	0	56
654	0	60
654	0	62
654	0	79
654	0	82
654	0	92
654	0	125
654	0	153
654	0	163
654	0	223
654	0	271
655	0	8
657	0	0
657	0	1
657	0	3
657	0	5
657	0	8
657	0	15
657	0	27
657	0	31
657	0	45
657	0	47
657	0	106
657	0	129
657	0	145
658	0	5
658	0	8
658	0	13
658	0	19
658	0	31
658	0	37
658	0	39
658	0	45
658	0	49
658	0	99
659	0	1
659	0	5
659	0	8
659	0	19
659	0	45
659	0	102
660	0	8
660	0	89
661	0	5
661	0	84
661	0	92
663	0	0
663	0	2
664	0	5
664	0	8
664	0	9
664	0	39
665	0	0
665	0	5
665	0	8
667	0	5
667	0	8
668	0	0
668	0	1
668	0	3
668	0	5
668	0	8
668	0	15
668	0	16
668	0	19
668	0	20
668	0	31
668	0	36
668	0	37
668	0	45
668	0	49
668	0	59
668	0	80
668	0	92
668	0	109
668	0	142
668	0	164
668	0	196
668	0	240
668	0	257
668	0	324
672	0	5
672	0	8
672	0	19
672	0	26
672	0	30
672	0	33
672	0	47
672	0	49
672	0	145
672	0	258
674	0	5
674	0	8
674	0	19
674	0	47
674	0	82
674	0	92
675	0	2
676	0	4
677	0	5
677	0	8
677	0	12
677	0	19
677	0	20
677	0	21
677	0	27
677	0	45
677	0	47
677	0	84
677	0	100
677	0	118
677	0	124
677	0	125
677	0	182
679	0	1
679	0	7
679	0	8
679	0	11
679	0	15
679	0	19
679	0	59
679	0	62
679	0	324
680	0	8
680	0	45
681	0	1
681	0	5
681	0	8
681	0	15
681	0	47
682	0	8
683	0	8
684	0	5
684	0	8
684	0	13
684	0	184
685	0	1
685	0	8
685	0	19
687	0	0
687	0	1
687	0	5
687	0	8
687	0	21
687	0	31
687	0	42
687	0	45
687	0	109
687	0	111
687	0	161
687	0	182
687	0	212
687	0	233
687	0	240
687	0	252
687	0	366
688	0	5
689	0	8
691	0	5
691	0	8
692	0	8
693	0	8
694	0	8
695	0	8
696	0	2
696	0	5
698	0	5
698	0	8
698	0	19
698	0	42
698	0	45
698	0	49
699	0	8
700	0	0
700	0	5
700	0	8
700	0	15
700	0	19
700	0	31
700	0	45
700	0	53
700	0	96
700	0	117
700	0	156
701	0	160
703	0	3
706	0	177
707	0	8
707	0	12
707	0	15
707	0	45
707	0	53
708	0	8
709	0	1
709	0	5
709	0	8
709	0	9
709	0	13
709	0	15
709	0	31
709	0	38
709	0	43
709	0	45
709	0	48
709	0	54
709	0	60
709	0	67
709	0	99
709	0	125
709	0	129
709	0	240
709	0	270
710	0	5
710	0	8
710	0	36
710	0	266
711	0	1
711	0	8
711	0	45
711	0	47
711	0	49
711	0	90
711	0	92
711	0	363
713	0	19
715	0	45
716	0	182
717	0	160
718	0	8
719	0	0
719	0	5
719	0	6
719	0	8
719	0	9
719	0	15
719	0	49
719	0	84
722	0	8
722	0	39
722	0	45
724	0	5
724	0	8
724	0	19
724	0	110
725	0	5
726	0	1
726	0	5
726	0	8
726	0	9
726	0	19
726	0	40
726	0	45
726	0	47
726	0	49
726	0	125
728	0	1
728	0	5
728	0	8
728	0	19
728	0	42
728	0	45
728	0	111
730	0	1
730	0	8
731	0	1
731	0	8
731	0	9
731	0	31
731	0	53
731	0	79
731	0	160
732	0	0
732	0	5
732	0	8
732	0	31
732	0	33
732	0	48
734	0	1
734	0	2
734	0	8
734	0	11
734	0	15
734	0	19
734	0	31
734	0	45
734	0	59
734	0	88
735	0	8
735	0	45
737	0	1
739	0	2
739	0	5
739	0	8
739	0	15
739	0	16
739	0	19
739	0	45
739	0	145
739	0	184
740	0	1
740	0	2
740	0	4
740	0	5
740	0	8
740	0	15
740	0	39
740	0	41
740	0	45
740	0	60
740	0	75
740	0	161
740	0	163
740	0	195
740	0	251
741	0	8
741	0	76
741	0	92
743	0	0
743	0	1
743	0	5
743	0	8
743	0	9
743	0	12
743	0	15
743	0	19
743	0	31
743	0	42
743	0	45
743	0	47
743	0	49
743	0	85
743	0	118
743	0	154
743	0	240
743	0	246
744	0	131
745	0	5
745	0	8
745	0	19
745	0	257
745	0	263
746	0	3
746	0	8
746	0	19
746	0	45
746	0	49
746	0	66
746	0	153
747	0	8
747	0	15
747	0	19
747	0	47
752	0	8
752	0	42
752	0	45
752	0	47
752	0	182
752	0	272
754	0	8
754	0	15
754	0	92
754	0	106
755	0	160
756	0	0
756	0	5
756	0	8
756	0	30
758	0	0
759	0	8
760	0	0
760	0	1
760	0	5
760	0	8
760	0	15
760	0	31
760	0	33
760	0	42
760	0	45
760	0	92
760	0	99
760	0	153
760	0	161
760	0	182
760	0	253
761	0	1
761	0	4
761	0	5
761	0	8
761	0	9
761	0	19
761	0	31
761	0	45
761	0	47
761	0	63
761	0	79
761	0	83
761	0	94
761	0	110
761	0	125
761	0	142
761	0	156
761	0	244
761	0	276
762	0	5
762	0	8
762	0	45
763	0	1
763	0	5
763	0	8
763	0	15
763	0	16
763	0	19
763	0	42
763	0	47
763	0	118
763	0	221
764	0	5
764	0	15
764	0	35
764	0	45
764	0	47
764	0	58
764	0	99
765	0	5
765	0	8
765	0	15
765	0	19
765	0	30
765	0	34
765	0	37
765	0	42
765	0	45
765	0	47
765	0	49
765	0	60
765	0	79
765	0	160
766	0	0
766	0	1
766	0	5
766	0	8
766	0	12
766	0	15
766	0	17
766	0	19
766	0	31
766	0	32
766	0	41
766	0	42
766	0	45
766	0	47
766	0	49
766	0	60
766	0	67
766	0	82
766	0	84
766	0	92
766	0	94
766	0	100
766	0	102
766	0	106
766	0	110
766	0	118
766	0	129
766	0	145
766	0	149
766	0	163
766	0	164
766	0	171
766	0	174
766	0	178
766	0	223
766	0	224
766	0	245
766	0	248
766	0	252
766	0	253
766	0	257
766	0	289
766	0	366
767	0	2
769	0	5
769	0	8
769	0	26
769	0	45
769	0	89
770	0	0
770	0	1
770	0	5
770	0	6
770	0	8
770	0	15
770	0	31
770	0	34
770	0	42
770	0	45
770	0	49
770	0	107
770	0	110
770	0	161
770	0	209
772	0	0
772	0	5
772	0	8
772	0	9
772	0	11
772	0	12
772	0	19
772	0	37
772	0	45
772	0	47
772	0	49
772	0	57
772	0	66
772	0	83
772	0	94
772	0	102
772	0	152
772	0	234
772	0	237
772	0	328
773	0	5
773	0	8
773	0	45
774	0	5
774	0	252
775	0	4
776	0	0
776	0	1
776	0	5
776	0	6
776	0	8
776	0	31
776	0	45
776	0	47
776	0	49
776	0	65
776	0	80
776	0	94
776	0	107
776	0	122
776	0	127
778	0	5
778	0	8
778	0	15
778	0	19
778	0	33
778	0	38
778	0	39
778	0	106
778	0	209
779	0	0
779	0	5
779	0	8
779	0	15
779	0	36
779	0	45
779	0	47
779	0	94
779	0	142
779	0	184
779	0	187
780	0	5
780	0	8
781	0	8
782	0	8
783	0	84
784	0	0
784	0	4
784	0	5
784	0	8
784	0	15
784	0	19
784	0	31
784	0	45
784	0	79
784	0	85
784	0	88
784	0	104
784	0	125
784	0	131
784	0	148
784	0	158
784	0	160
784	0	161
784	0	260
785	0	8
787	0	1
787	0	5
787	0	6
787	0	8
787	0	17
787	0	234
788	0	45
788	0	47
789	0	8
789	0	39
789	0	42
789	0	59
790	0	6
790	0	8
790	0	15
790	0	47
790	0	234
790	0	335
791	0	276
792	0	1
792	0	5
793	0	45
794	0	8
794	0	45
797	0	1
797	0	5
797	0	8
797	0	13
797	0	15
797	0	27
797	0	31
797	0	33
797	0	42
797	0	45
797	0	47
797	0	49
797	0	60
797	0	154
797	0	215
797	0	227
797	0	261
797	0	264
798	0	8
798	0	114
800	0	8
801	0	1
801	0	5
801	0	8
801	0	15
801	0	45
801	0	47
801	0	105
801	0	106
801	0	150
801	0	182
801	0	248
801	0	276
801	0	305
805	0	1
805	0	5
805	0	8
805	0	10
805	0	19
805	0	26
805	0	31
805	0	41
805	0	42
805	0	43
805	0	45
805	0	47
805	0	49
805	0	129
807	0	90
810	0	0
810	0	1
810	0	5
810	0	8
810	0	9
810	0	15
810	0	19
810	0	26
810	0	31
810	0	42
810	0	45
810	0	47
810	0	49
810	0	60
810	0	124
810	0	145
810	0	186
810	0	335
811	0	8
812	0	45
813	0	0
813	0	5
813	0	8
813	0	9
813	0	15
813	0	30
813	0	31
813	0	45
813	0	49
813	0	55
813	0	65
813	0	80
813	0	114
813	0	145
813	0	153
813	0	160
813	0	184
815	0	65
816	0	0
816	0	8
816	0	19
816	0	39
816	0	45
816	0	78
818	0	19
820	0	0
820	0	1
820	0	5
820	0	6
820	0	8
820	0	12
820	0	15
820	0	19
820	0	41
820	0	42
820	0	45
820	0	49
820	0	112
820	0	149
820	0	158
820	0	163
820	0	209
821	0	1
821	0	5
821	0	8
821	0	19
821	0	40
821	0	47
821	0	64
821	0	85
821	0	134
821	0	263
822	0	0
822	0	5
822	0	6
822	0	8
822	0	9
822	0	15
822	0	19
822	0	45
822	0	47
822	0	49
822	0	181
822	0	224
823	0	15
824	0	102
824	0	279
826	0	2
826	0	5
826	0	45
828	0	1
828	0	6
828	0	8
828	0	15
828	0	19
828	0	31
828	0	40
828	0	42
828	0	45
828	0	59
828	0	65
828	0	94
828	0	104
828	0	177
828	0	324
829	0	8
829	0	45
830	0	0
830	0	1
830	0	5
830	0	8
830	0	19
830	0	31
830	0	45
830	0	47
830	0	67
830	0	92
830	0	258
832	0	5
832	0	8
832	0	15
832	0	19
832	0	21
832	0	42
832	0	45
832	0	47
832	0	49
832	0	153
832	0	234
834	0	4
834	0	8
835	0	5
835	0	8
835	0	15
835	0	16
835	0	19
835	0	53
835	0	65
835	0	90
837	0	0
837	0	5
837	0	8
837	0	9
837	0	12
837	0	27
837	0	31
837	0	45
837	0	47
837	0	48
837	0	49
837	0	55
837	0	57
837	0	63
837	0	81
837	0	88
837	0	92
837	0	114
838	0	8
840	0	8
841	0	31
843	0	8
843	0	45
843	0	252
844	0	1
844	0	5
844	0	8
844	0	19
844	0	45
844	0	49
844	0	66
844	0	181
844	0	187
844	0	263
844	0	364
846	0	51
847	0	8
847	0	131
847	0	141
847	0	153
848	0	163
850	0	4
850	0	5
850	0	8
851	0	8
852	0	0
852	0	1
852	0	5
852	0	8
852	0	9
852	0	14
852	0	15
852	0	19
852	0	24
852	0	31
852	0	36
852	0	40
852	0	42
852	0	45
852	0	48
852	0	49
852	0	59
852	0	92
852	0	109
852	0	164
852	0	213
852	0	232
852	0	257
852	0	324
852	0	335
852	0	341
855	0	5
855	0	8
855	0	15
855	0	45
855	0	49
856	0	8
859	0	0
859	0	1
859	0	5
859	0	7
859	0	8
859	0	12
859	0	15
859	0	16
859	0	19
859	0	31
859	0	32
859	0	41
859	0	45
859	0	46
859	0	47
859	0	48
859	0	49
859	0	60
859	0	88
859	0	92
859	0	101
859	0	102
859	0	106
859	0	149
859	0	150
859	0	153
859	0	181
859	0	183
859	0	184
859	0	208
859	0	209
859	0	210
859	0	271
859	0	335
860	0	2
861	0	49
863	0	5
863	0	8
864	0	5
864	0	8
864	0	19
864	0	30
864	0	45
866	0	5
866	0	45
867	0	5
867	0	8
867	0	42
867	0	45
867	0	49
867	0	182
869	0	19
869	0	49
869	0	234
871	0	19
871	0	47
871	0	106
873	0	0
873	0	1
873	0	5
873	0	8
873	0	9
873	0	12
873	0	15
873	0	19
873	0	20
873	0	31
873	0	36
873	0	37
873	0	42
873	0	43
873	0	45
873	0	47
873	0	49
873	0	83
873	0	85
873	0	112
873	0	114
873	0	118
873	0	122
873	0	143
874	0	0
874	0	1
874	0	5
874	0	6
874	0	8
874	0	9
874	0	15
874	0	24
874	0	37
874	0	42
874	0	45
874	0	49
874	0	54
874	0	106
874	0	149
874	0	153
874	0	182
874	0	189
874	0	231
875	0	8
875	0	45
876	0	1
876	0	5
876	0	8
876	0	30
876	0	31
876	0	45
876	0	63
876	0	84
876	0	85
876	0	104
876	0	127
876	0	153
878	0	8
879	0	8
879	0	45
880	0	10
880	0	15
880	0	134
882	0	1
882	0	5
882	0	14
882	0	19
882	0	24
882	0	39
882	0	92
883	0	47
885	0	1
885	0	5
885	0	8
885	0	19
885	0	30
885	0	31
885	0	90
885	0	92
885	0	129
885	0	234
885	0	335
886	0	1
886	0	5
886	0	8
886	0	19
886	0	45
886	0	47
886	0	134
887	0	5
887	0	8
887	0	19
887	0	45
887	0	49
888	0	26
889	0	1
889	0	8
889	0	20
889	0	54
889	0	110
890	0	0
890	0	1
890	0	5
890	0	8
890	0	15
890	0	19
890	0	42
890	0	45
890	0	47
890	0	60
890	0	90
890	0	111
890	0	131
890	0	232
890	0	275
891	0	5
891	0	15
891	0	45
891	0	66
891	0	182
892	0	19
892	0	49
892	0	234
893	0	1
893	0	5
893	0	8
893	0	9
893	0	19
893	0	45
893	0	47
893	0	58
893	0	110
895	0	5
898	0	8
899	0	8
899	0	11
899	0	79
900	0	19
900	0	45
901	0	5
903	0	5
903	0	8
903	0	36
903	0	42
903	0	109
903	0	163
904	0	5
904	0	8
904	0	31
904	0	45
904	0	47
904	0	58
906	0	19
906	0	49
906	0	234
907	0	0
907	0	1
907	0	5
907	0	6
907	0	8
907	0	11
907	0	12
907	0	15
907	0	19
907	0	21
907	0	30
907	0	40
907	0	45
907	0	60
907	0	96
907	0	124
907	0	163
907	0	182
907	0	257
907	0	335
908	0	5
908	0	134
909	0	1
909	0	2
909	0	5
909	0	189
910	0	5
910	0	8
910	0	11
910	0	31
910	0	45
910	0	47
910	0	55
910	0	80
910	0	160
911	0	90
913	0	5
913	0	8
914	0	5
916	0	19
917	0	31
918	0	5
918	0	8
919	0	39
921	0	8
921	0	31
923	0	8
925	0	45
926	0	2
926	0	5
926	0	8
926	0	19
926	0	45
926	0	161
927	0	5
928	0	19
928	0	49
928	0	234
930	0	15
930	0	39
930	0	51
931	0	1
931	0	5
931	0	8
931	0	19
931	0	31
931	0	45
931	0	47
931	0	49
931	0	106
931	0	124
931	0	150
931	0	160
931	0	234
933	0	5
933	0	8
934	0	5
934	0	8
934	0	15
934	0	19
934	0	45
934	0	276
937	0	1
937	0	5
937	0	8
937	0	12
937	0	15
937	0	32
937	0	41
937	0	49
937	0	84
937	0	104
937	0	106
937	0	153
937	0	234
938	0	0
938	0	1
938	0	5
938	0	8
938	0	12
938	0	15
938	0	16
938	0	19
938	0	26
938	0	32
938	0	41
938	0	49
938	0	57
938	0	92
938	0	101
938	0	102
938	0	106
938	0	149
938	0	150
938	0	153
938	0	208
938	0	209
938	0	210
938	0	234
938	0	236
938	0	263
939	0	1
939	0	5
939	0	8
939	0	47
940	0	5
940	0	8
940	0	19
940	0	45
940	0	49
940	0	152
941	0	2
941	0	4
941	0	5
941	0	8
941	0	45
941	0	171
942	0	0
942	0	1
942	0	3
942	0	5
942	0	8
942	0	9
942	0	12
942	0	15
942	0	16
942	0	23
942	0	31
942	0	37
942	0	43
942	0	44
942	0	45
942	0	81
942	0	82
942	0	83
942	0	84
942	0	88
942	0	94
942	0	102
942	0	118
942	0	161
942	0	163
942	0	164
942	0	213
942	0	237
942	0	328
942	0	371
943	0	5
943	0	8
943	0	30
945	0	1
945	0	112
947	0	5
947	0	8
947	0	39
947	0	45
947	0	57
947	0	88
948	0	182
948	0	276
950	0	1
950	0	5
950	0	8
950	0	19
950	0	31
950	0	45
950	0	54
950	0	82
950	0	84
950	0	109
950	0	145
950	0	164
950	0	328
951	0	5
951	0	8
951	0	21
951	0	45
951	0	47
951	0	49
951	0	57
953	0	0
953	0	1
953	0	5
953	0	8
953	0	9
953	0	12
953	0	15
953	0	19
953	0	27
953	0	31
953	0	42
953	0	45
953	0	47
953	0	49
953	0	56
953	0	59
953	0	60
953	0	61
953	0	79
953	0	82
953	0	83
953	0	84
953	0	85
953	0	88
953	0	89
953	0	92
953	0	94
953	0	102
953	0	106
953	0	110
953	0	118
953	0	122
953	0	129
953	0	145
953	0	153
953	0	163
953	0	187
953	0	223
953	0	228
953	0	233
953	0	234
953	0	235
953	0	248
953	0	257
953	0	260
953	0	263
953	0	328
953	0	335
953	0	337
954	0	19
955	0	4
955	0	5
955	0	8
955	0	45
955	0	57
955	0	84
955	0	110
955	0	148
956	0	60
957	0	1
957	0	5
957	0	8
957	0	9
957	0	15
957	0	19
957	0	21
957	0	31
957	0	45
957	0	49
957	0	57
957	0	92
957	0	100
957	0	239
957	0	245
957	0	364
958	0	0
958	0	5
958	0	8
958	0	15
958	0	16
958	0	19
958	0	45
958	0	47
958	0	82
958	0	88
958	0	92
958	0	106
958	0	118
958	0	142
958	0	144
958	0	215
960	0	39
960	0	163
961	0	5
961	0	8
961	0	9
961	0	19
961	0	21
961	0	45
961	0	47
961	0	49
961	0	76
961	0	157
961	0	177
961	0	276
962	0	1
962	0	5
962	0	8
962	0	45
962	0	49
962	0	54
962	0	187
964	0	8
965	0	5
966	0	5
966	0	8
967	0	19
969	0	2
969	0	8
971	0	8
971	0	45
971	0	84
971	0	92
973	0	1
973	0	5
973	0	8
973	0	9
973	0	15
973	0	19
973	0	27
973	0	31
973	0	39
973	0	43
973	0	45
973	0	47
973	0	79
973	0	83
973	0	160
973	0	182
973	0	276
975	0	8
976	0	8
976	0	13
976	0	49
976	0	51
977	0	5
977	0	8
977	0	31
977	0	47
977	0	59
977	0	82
980	0	109
981	0	5
981	0	8
981	0	274
981	0	341
982	0	0
982	0	2
982	0	5
982	0	8
982	0	31
982	0	45
984	0	5
985	0	45
986	0	5
987	0	8
987	0	186
988	0	8
988	0	47
988	0	88
989	0	1
989	0	5
989	0	8
989	0	31
989	0	45
989	0	47
989	0	52
989	0	79
989	0	85
989	0	160
989	0	239
991	0	10
992	0	0
992	0	1
992	0	5
992	0	6
992	0	8
992	0	9
992	0	12
992	0	15
992	0	19
992	0	31
992	0	37
992	0	42
992	0	45
992	0	47
992	0	49
992	0	60
992	0	62
992	0	78
992	0	79
992	0	88
992	0	92
992	0	109
992	0	139
992	0	144
992	0	152
992	0	158
992	0	161
992	0	163
992	0	164
992	0	166
992	0	181
992	0	224
992	0	229
992	0	257
992	0	264
992	0	276
994	0	13
994	0	33
997	0	1
997	0	5
997	0	8
997	0	47
1000	0	1
1000	0	5
1000	0	8
1000	0	45
1000	0	77
1000	0	79
1000	0	126
1000	0	152
1000	0	161
1000	0	232
1000	0	234
1001	0	0
1001	0	1
1001	0	5
1001	0	6
1001	0	8
1001	0	11
1001	0	15
1001	0	16
1001	0	31
1001	0	37
1001	0	41
1001	0	45
1001	0	47
1001	0	51
1001	0	64
1001	0	84
1001	0	86
1001	0	88
1001	0	92
1001	0	102
1001	0	106
1001	0	129
1001	0	148
1001	0	163
1001	0	209
1001	0	219
1001	0	271
1003	0	1
1003	0	8
1003	0	42
1003	0	45
1003	0	47
1003	0	49
1003	0	131
1003	0	208
1004	0	8
1005	0	1
1005	0	8
1005	0	15
1005	0	19
1005	0	30
1005	0	39
1005	0	91
1005	0	125
1005	0	328
1006	0	5
1006	0	8
1006	0	11
1006	0	15
1006	0	16
1006	0	31
1006	0	40
1006	0	45
1006	0	160
1006	0	182
1007	0	5
1007	0	8
1009	0	8
1009	0	49
1009	0	66
1010	0	5
1010	0	39
1010	0	66
1011	0	1
1011	0	5
1012	0	5
1012	0	45
1013	0	8
1015	0	8
1015	0	45
1016	0	5
1016	0	8
1016	0	11
1016	0	45
1016	0	47
1016	0	49
1017	0	1
1017	0	5
1017	0	6
1017	0	8
1017	0	11
1017	0	15
1017	0	19
1017	0	42
1017	0	45
1017	0	324
1019	0	8
1019	0	15
1019	0	26
1019	0	45
1019	0	47
1019	0	49
1019	0	59
1019	0	96
1021	0	5
1021	0	62
1021	0	102
1023	0	5
1023	0	8
1023	0	19
1023	0	21
1023	0	30
1023	0	31
1023	0	45
1023	0	78
1023	0	84
1024	0	1
1024	0	5
1024	0	7
1024	0	8
1024	0	11
1024	0	15
1024	0	19
1024	0	42
1024	0	45
1024	0	59
1024	0	324
1025	0	1
1025	0	3
1025	0	5
1025	0	9
1025	0	12
1025	0	19
1025	0	30
1025	0	45
1025	0	49
1025	0	157
1026	0	1
1026	0	5
1026	0	8
1026	0	10
1026	0	31
1026	0	45
1026	0	92
1026	0	337
1027	0	1
1027	0	5
1027	0	8
1027	0	9
1027	0	15
1027	0	19
1027	0	45
1027	0	47
1027	0	100
1028	0	0
1028	0	2
1028	0	5
1028	0	8
1028	0	19
1028	0	42
1029	0	5
1029	0	8
1029	0	19
1029	0	26
1029	0	45
1029	0	47
1029	0	62
1029	0	87
1029	0	88
1029	0	161
1030	0	0
1032	0	5
1032	0	8
1032	0	31
1032	0	45
1033	0	1
1033	0	5
1033	0	8
1033	0	11
1033	0	15
1033	0	19
1033	0	33
1033	0	45
1033	0	59
1033	0	60
1033	0	65
1033	0	84
1033	0	143
1033	0	324
1035	0	1
1035	0	8
1035	0	19
1035	0	45
1035	0	47
1035	0	104
1035	0	152
1035	0	186
1036	0	19
1036	0	45
1036	0	58
1036	0	181
1036	0	251
1037	0	8
1040	0	5
1040	0	90
1040	0	112
1041	0	0
1041	0	1
1041	0	5
1041	0	7
1041	0	8
1041	0	12
1041	0	15
1041	0	16
1041	0	19
1041	0	31
1041	0	32
1041	0	37
1041	0	41
1041	0	42
1041	0	45
1041	0	46
1041	0	47
1041	0	49
1041	0	88
1041	0	92
1041	0	94
1041	0	101
1041	0	102
1041	0	106
1041	0	134
1041	0	149
1041	0	150
1041	0	153
1041	0	164
1041	0	181
1041	0	202
1041	0	208
1041	0	209
1041	0	210
1041	0	213
1041	0	234
1041	0	241
1042	0	5
1042	0	8
1042	0	276
1043	0	2
1043	0	8
1043	0	12
1043	0	27
1043	0	31
1043	0	43
1043	0	45
1043	0	67
1043	0	85
1043	0	328
1046	0	10
1047	0	0
1047	0	1
1047	0	5
1047	0	8
1047	0	12
1047	0	15
1047	0	19
1047	0	32
1047	0	41
1047	0	49
1047	0	59
1047	0	63
1047	0	82
1047	0	90
1047	0	106
1047	0	149
1047	0	153
1047	0	209
1047	0	210
1047	0	276
1048	0	5
1048	0	8
1048	0	9
1048	0	15
1048	0	19
1048	0	45
1048	0	49
1049	0	5
1049	0	8
1049	0	24
1049	0	45
1049	0	47
1049	0	106
1049	0	152
1049	0	222
1050	0	2
1050	0	10
1050	0	84
1050	0	202
1051	0	4
1051	0	5
1051	0	8
1051	0	15
1051	0	45
1052	0	39
1052	0	45
1052	0	47
1054	0	5
1054	0	8
1054	0	45
1054	0	63
1054	0	92
1054	0	176
1058	0	45
1058	0	57
1059	0	1
1059	0	5
1059	0	8
1059	0	45
1059	0	47
1059	0	88
1059	0	216
1059	0	335
1061	0	5
1061	0	8
1061	0	31
1061	0	45
1061	0	49
1061	0	82
1061	0	187
1061	0	260
1062	0	31
1063	0	1
1063	0	5
1063	0	8
1063	0	19
1063	0	31
1063	0	45
1063	0	47
1063	0	49
1063	0	83
1063	0	85
1063	0	144
1065	0	5
1065	0	8
1065	0	82
1065	0	92
1066	0	1
1066	0	5
1066	0	8
1066	0	11
1066	0	15
1066	0	19
1066	0	21
1066	0	37
1066	0	39
1066	0	42
1066	0	45
1066	0	46
1066	0	143
1066	0	182
1066	0	324
1067	0	1
1067	0	3
1067	0	5
1067	0	8
1067	0	9
1067	0	12
1067	0	15
1067	0	19
1067	0	31
1067	0	36
1067	0	42
1067	0	45
1067	0	47
1067	0	49
1067	0	53
1067	0	64
1067	0	82
1067	0	85
1067	0	101
1067	0	110
1067	0	112
1067	0	118
1067	0	122
1067	0	129
1067	0	136
1067	0	144
1067	0	187
1067	0	234
1067	0	238
1067	0	267
1067	0	269
1069	0	5
1070	0	8
1071	0	5
1071	0	8
1071	0	19
1074	0	5
1074	0	8
1074	0	19
1074	0	39
1074	0	45
1074	0	47
1074	0	49
1074	0	58
1074	0	88
1074	0	125
1074	0	160
1074	0	161
1074	0	234
1074	0	245
1074	0	364
1076	0	8
1077	0	0
1077	0	1
1077	0	5
1077	0	8
1077	0	19
1077	0	42
1077	0	47
1077	0	53
1077	0	54
1077	0	57
1077	0	63
1077	0	87
1077	0	150
1077	0	231
1077	0	234
1079	0	49
1080	0	0
1080	0	1
1080	0	5
1080	0	8
1080	0	19
1080	0	57
1080	0	182
1080	0	276
1083	0	45
1085	0	5
1085	0	8
1085	0	19
1085	0	31
1085	0	45
1085	0	79
1085	0	225
1086	0	0
1086	0	1
1086	0	8
1086	0	9
1086	0	15
1086	0	31
1086	0	49
1086	0	53
1086	0	160
1089	0	1
1089	0	5
1089	0	8
1089	0	9
1089	0	15
1089	0	31
1089	0	34
1089	0	38
1089	0	45
1089	0	47
1089	0	53
1089	0	60
1089	0	64
1089	0	79
1089	0	92
1089	0	114
1089	0	153
1089	0	187
1089	0	224
1089	0	233
1091	0	5
1091	0	8
1091	0	15
1091	0	31
1091	0	36
1091	0	45
1091	0	112
1092	0	1
1092	0	5
1092	0	8
1092	0	15
1092	0	19
1092	0	31
1092	0	39
1092	0	45
1092	0	46
1092	0	47
1092	0	49
1092	0	79
1092	0	88
1092	0	106
1092	0	233
1092	0	277
1092	0	289
1093	0	1
1093	0	5
1093	0	8
1093	0	11
1093	0	31
1093	0	42
1093	0	45
1093	0	47
1093	0	65
1093	0	131
1094	0	2
1096	0	8
1097	0	5
1097	0	8
1097	0	19
1097	0	45
1097	0	129
1098	0	0
1098	0	8
1098	0	12
1098	0	15
1098	0	23
1098	0	36
1098	0	37
1098	0	44
1098	0	45
1098	0	82
1098	0	83
1098	0	88
1098	0	94
1098	0	328
1099	0	8
1100	0	8
1101	0	5
1101	0	8
1103	0	0
1103	0	5
1103	0	8
1103	0	9
1103	0	19
1103	0	37
1103	0	39
1103	0	45
1103	0	49
1103	0	145
1103	0	269
1105	0	8
1105	0	15
1105	0	31
1106	0	5
1106	0	31
1107	0	5
1107	0	8
1108	0	5
1108	0	152
1109	0	39
1110	0	8
1110	0	9
1110	0	39
1110	0	107
1110	0	110
1110	0	125
1110	0	148
1110	0	164
1111	0	0
1111	0	1
1111	0	5
1111	0	6
1111	0	8
1111	0	15
1111	0	30
1111	0	31
1111	0	33
1111	0	45
1111	0	54
1111	0	74
1111	0	82
1111	0	87
1111	0	92
1111	0	102
1111	0	106
1111	0	126
1111	0	149
1111	0	153
1111	0	224
1111	0	271
1113	0	8
1113	0	182
1114	0	3
1114	0	8
1114	0	19
1114	0	45
1114	0	49
1114	0	66
1114	0	153
1115	0	5
1116	0	45
1118	0	1
1118	0	5
1118	0	8
1118	0	19
1118	0	31
1118	0	38
1118	0	45
1118	0	47
1118	0	49
1118	0	57
1118	0	59
1118	0	60
1118	0	88
1118	0	181
1118	0	187
1118	0	230
1118	0	263
1118	0	364
1119	0	8
1119	0	13
1120	0	19
1121	0	2
1121	0	5
1121	0	8
1121	0	15
1121	0	19
1121	0	27
1121	0	34
1121	0	45
1121	0	229
1121	0	271
1122	0	5
1122	0	8
1122	0	9
1122	0	38
1122	0	39
1122	0	47
1122	0	48
1122	0	105
1123	0	1
1123	0	5
1123	0	8
1124	0	5
1124	0	8
1124	0	114
1126	0	0
1126	0	1
1126	0	5
1126	0	8
1126	0	15
1126	0	31
1126	0	39
1126	0	45
1126	0	47
1126	0	88
1126	0	92
1126	0	145
1126	0	157
1126	0	163
1126	0	234
1127	0	8
1127	0	15
1127	0	31
1127	0	45
1127	0	47
1127	0	59
1127	0	129
1127	0	160
1127	0	324
1128	0	1
1128	0	5
1128	0	8
1128	0	9
1128	0	19
1128	0	31
1128	0	42
1128	0	45
1128	0	47
1128	0	49
1128	0	59
1128	0	60
1128	0	66
1128	0	84
1128	0	85
1128	0	88
1128	0	94
1128	0	125
1128	0	134
1128	0	184
1129	0	8
1131	0	8
1133	0	1
1133	0	8
1133	0	15
1133	0	19
1133	0	39
1133	0	91
1133	0	125
1133	0	328
1134	0	118
1135	0	5
1135	0	8
1135	0	60
1136	0	1
1138	0	0
1138	0	5
1138	0	6
1138	0	8
1138	0	15
1138	0	21
1138	0	26
1138	0	33
1138	0	45
1138	0	60
1138	0	66
1138	0	79
1138	0	84
1138	0	90
1138	0	92
1138	0	106
1138	0	109
1138	0	118
1138	0	258
1139	0	8
1139	0	19
1140	0	1
1140	0	5
1140	0	6
1140	0	7
1140	0	8
1140	0	11
1140	0	15
1140	0	19
1140	0	42
1140	0	45
1140	0	59
1140	0	324
1141	0	1
1141	0	8
1143	0	45
1146	0	8
1146	0	182
1147	0	0
1147	0	5
1147	0	8
1147	0	15
1147	0	276
1148	0	8
1148	0	92
1149	0	0
1149	0	5
1149	0	6
1149	0	8
1149	0	15
1149	0	19
1149	0	31
1149	0	45
1149	0	47
1149	0	49
1149	0	127
1149	0	153
1149	0	156
1149	0	181
1150	0	31
1150	0	106
1150	0	182
1150	0	234
1151	0	1
1151	0	5
1151	0	8
1151	0	45
1151	0	66
1151	0	153
1151	0	276
1152	0	42
1154	0	8
1154	0	15
1154	0	19
1154	0	41
1154	0	182
1158	0	84
1159	0	2
1159	0	8
1159	0	31
1159	0	60
1159	0	129
1160	0	1
1160	0	5
1160	0	8
1160	0	11
1160	0	19
1160	0	36
1160	0	42
1160	0	45
1160	0	46
1160	0	49
1160	0	84
1160	0	88
1160	0	90
1160	0	92
1160	0	104
1160	0	118
1160	0	142
1160	0	163
1160	0	181
1160	0	187
1160	0	263
1160	0	349
1161	0	0
1161	0	1
1161	0	5
1161	0	8
1161	0	11
1161	0	12
1161	0	15
1161	0	16
1161	0	19
1161	0	32
1161	0	41
1161	0	47
1161	0	49
1161	0	86
1161	0	92
1161	0	102
1161	0	106
1161	0	149
1161	0	150
1161	0	153
1161	0	208
1161	0	209
1161	0	210
404	4	104
410	4	2
420	4	124
429	4	13
432	4	67
433	4	104
434	4	104
456	4	170
497	4	93
499	4	2
500	4	2
500	4	39
500	4	124
506	4	114
508	4	4
508	4	104
510	4	39
521	4	67
526	4	13
533	4	4
533	4	13
533	4	26
533	4	54
537	4	2
537	4	104
538	4	30
538	4	184
544	4	4
548	4	2
552	4	87
570	4	104
593	4	2
596	4	90
597	4	2
597	4	30
612	4	2
624	4	85
634	4	4
646	4	124
651	4	26
668	4	2
674	4	2
674	4	4
674	4	10
674	4	13
674	4	66
674	4	90
687	4	33
698	4	2
700	4	157
711	4	39
726	4	26
728	4	4
728	4	39
728	4	91
728	4	182
752	4	50
761	4	164
762	4	39
763	4	2
766	4	40
766	4	54
766	4	66
772	4	2
772	4	4
776	4	13
776	4	33
787	4	85
787	4	91
797	4	2
797	4	4
797	4	90
798	4	67
805	4	123
813	4	2
816	4	2
822	4	2
822	4	3
822	4	13
822	4	33
822	4	43
822	4	90
822	4	185
826	4	4
826	4	13
837	4	156
844	4	67
846	4	87
859	4	66
859	4	116
864	4	20
864	4	33
864	4	85
864	4	91
867	4	2
873	4	2
874	4	2
890	4	2
890	4	4
890	4	85
890	4	89
890	4	91
890	4	186
938	4	116
942	4	4
947	4	182
953	4	2
953	4	33
953	4	57
953	4	160
973	4	164
981	4	30
981	4	66
989	4	4
989	4	39
989	4	66
992	4	2
992	4	13
992	4	33
992	4	67
992	4	90
1000	4	131
1025	4	54
1029	4	66
1041	4	116
1048	4	2
1048	4	13
1048	4	157
1049	4	67
1049	4	114
1059	4	26
1059	4	85
1059	4	91
1059	4	124
1065	4	10
1066	4	114
1067	4	13
1067	4	184
1071	4	184
1085	4	2
1086	4	40
1086	4	54
1092	4	33
1098	4	13
1098	4	26
1098	4	54
1118	4	2
1118	4	85
1118	4	91
1122	4	85
1122	4	91
1138	4	54
1139	4	13
1149	4	2
1149	4	13
1149	4	33
1149	4	43
1149	4	85
1149	4	90
1160	4	2
1161	4	2
1161	4	116
374	1	4
374	1	38
374	1	55
374	1	61
375	1	157
382	1	65
400	1	13
400	1	29
405	1	2
405	1	191
408	1	2
408	1	4
408	1	63
408	1	66
409	1	66
410	1	13
410	1	30
415	1	55
415	1	191
416	1	53
416	1	76
416	1	109
416	1	131
416	1	213
416	1	224
420	1	2
420	1	104
423	1	54
424	1	4
424	1	20
424	1	61
429	1	75
432	1	66
434	1	2
434	1	57
437	1	57
439	1	195
445	1	2
445	1	4
445	1	112
448	1	206
456	1	13
456	1	46
456	1	100
456	1	156
456	1	157
456	1	164
464	1	2
464	1	13
464	1	30
464	1	66
473	1	66
475	1	2
475	1	13
475	1	30
482	1	39
483	1	2
483	1	201
486	1	4
487	1	2
487	1	4
487	1	13
487	1	30
487	1	124
488	1	17
492	1	2
492	1	3
492	1	7
492	1	30
492	1	36
492	1	40
492	1	54
492	1	124
492	1	144
494	1	3
494	1	4
495	1	2
495	1	13
495	1	30
497	1	2
497	1	33
499	1	30
499	1	91
500	1	4
500	1	10
500	1	53
500	1	63
500	1	204
508	1	65
513	1	10
513	1	11
513	1	26
513	1	33
513	1	34
513	1	53
513	1	55
513	1	64
515	1	66
521	1	13
521	1	34
523	1	55
523	1	191
524	1	4
525	1	39
526	1	2
526	1	30
531	1	55
531	1	191
533	1	46
537	1	190
538	1	2
538	1	3
538	1	13
538	1	55
538	1	59
538	1	67
538	1	100
538	1	104
538	1	195
544	1	87
544	1	166
546	1	4
546	1	38
546	1	55
547	1	4
551	1	30
561	1	2
561	1	4
561	1	58
561	1	99
561	1	114
565	1	33
573	1	13
580	1	30
585	1	2
585	1	39
585	1	46
585	1	66
585	1	74
593	1	13
593	1	30
593	1	55
593	1	91
595	1	66
596	1	2
596	1	182
597	1	13
597	1	43
597	1	48
597	1	53
597	1	216
600	1	104
601	1	13
603	1	40
603	1	55
603	1	191
604	1	63
604	1	104
606	1	2
606	1	104
606	1	205
610	1	192
612	1	4
612	1	13
612	1	38
612	1	55
612	1	61
618	1	55
618	1	191
621	1	191
623	1	195
623	1	220
624	1	34
625	1	2
625	1	4
625	1	61
625	1	104
625	1	119
628	1	4
630	1	13
630	1	39
630	1	104
634	1	13
634	1	30
634	1	66
634	1	104
634	1	122
635	1	13
642	1	2
642	1	4
642	1	10
642	1	11
642	1	13
642	1	17
642	1	26
642	1	27
642	1	30
642	1	39
642	1	46
642	1	48
642	1	53
642	1	54
642	1	57
642	1	63
642	1	77
642	1	80
642	1	85
642	1	87
642	1	90
642	1	91
642	1	101
642	1	107
642	1	109
642	1	119
642	1	120
642	1	144
642	1	162
642	1	186
642	1	191
642	1	193
642	1	197
642	1	198
642	1	199
642	1	200
642	1	204
642	1	205
642	1	214
646	1	55
647	1	20
647	1	123
653	1	34
654	1	3
654	1	26
654	1	27
654	1	34
654	1	53
654	1	65
654	1	66
654	1	104
654	1	124
654	1	144
657	1	26
659	1	2
659	1	13
660	1	48
667	1	182
668	1	10
668	1	13
668	1	30
668	1	69
668	1	124
668	1	160
668	1	221
677	1	39
677	1	59
677	1	104
677	1	157
679	1	4
679	1	38
679	1	55
679	1	61
680	1	55
680	1	191
687	1	34
687	1	104
687	1	160
687	1	225
696	1	63
698	1	39
700	1	3
700	1	39
700	1	64
700	1	104
700	1	160
705	1	4
707	1	40
709	1	2
709	1	34
710	1	2
710	1	62
711	1	2
711	1	13
711	1	30
716	1	139
722	1	2
726	1	33
726	1	53
726	1	91
728	1	30
732	1	2
732	1	13
732	1	30
734	1	55
734	1	66
743	1	2
743	1	10
743	1	34
743	1	64
743	1	135
744	1	191
746	1	182
760	1	13
760	1	34
761	1	34
761	1	38
761	1	48
761	1	53
761	1	66
762	1	66
765	1	13
765	1	104
766	1	13
766	1	30
766	1	38
766	1	39
766	1	48
766	1	62
766	1	64
766	1	74
766	1	77
766	1	109
766	1	124
766	1	205
766	1	212
768	1	2
768	1	13
768	1	30
768	1	104
769	1	104
770	1	66
770	1	114
773	1	2
773	1	196
776	1	2
779	1	157
779	1	172
784	1	48
784	1	62
784	1	67
784	1	114
784	1	211
787	1	30
797	1	36
797	1	219
798	1	13
801	1	2
801	1	4
801	1	13
801	1	28
801	1	30
802	1	2
805	1	20
805	1	30
805	1	91
810	1	2
810	1	11
813	1	125
816	1	13
816	1	17
816	1	30
817	1	104
818	1	103
820	1	3
820	1	7
820	1	13
820	1	40
820	1	54
820	1	124
821	1	114
822	1	17
822	1	59
822	1	89
822	1	104
822	1	119
822	1	182
822	1	193
828	1	4
828	1	38
828	1	55
828	1	205
830	1	39
830	1	63
830	1	65
830	1	104
830	1	213
830	1	222
837	1	2
837	1	13
837	1	30
837	1	36
837	1	58
837	1	76
837	1	104
837	1	164
844	1	2
844	1	13
844	1	30
844	1	36
844	1	91
852	1	2
852	1	10
852	1	33
852	1	65
852	1	69
852	1	124
852	1	131
859	1	2
859	1	4
859	1	13
859	1	30
859	1	104
859	1	124
859	1	125
864	1	2
864	1	66
864	1	182
873	1	3
873	1	104
874	1	4
874	1	13
876	1	2
882	1	2
882	1	13
882	1	30
893	1	104
900	1	17
903	1	4
907	1	3
907	1	26
907	1	164
909	1	48
909	1	203
910	1	157
910	1	196
912	1	63
922	1	57
931	1	2
931	1	13
931	1	30
931	1	122
938	1	2
938	1	4
938	1	13
938	1	30
938	1	104
938	1	124
938	1	125
940	1	124
942	1	13
942	1	36
942	1	39
942	1	46
942	1	48
942	1	54
942	1	105
942	1	125
942	1	172
947	1	2
950	1	2
950	1	13
950	1	30
951	1	2
951	1	4
951	1	13
951	1	30
953	1	4
953	1	11
953	1	26
953	1	28
953	1	30
953	1	34
953	1	39
953	1	48
953	1	53
953	1	64
953	1	65
953	1	66
953	1	67
953	1	87
953	1	90
953	1	104
953	1	124
953	1	167
953	1	171
953	1	182
953	1	215
955	1	2
955	1	34
955	1	63
955	1	90
957	1	66
958	1	2
958	1	4
958	1	10
958	1	13
958	1	160
961	1	2
961	1	13
961	1	30
962	1	2
962	1	13
962	1	30
962	1	157
971	1	55
971	1	191
973	1	34
973	1	53
973	1	63
974	1	206
977	1	54
981	1	10
985	1	36
987	1	2
987	1	13
987	1	30
989	1	104
992	1	3
992	1	4
992	1	30
992	1	36
992	1	46
992	1	53
992	1	58
992	1	65
992	1	66
992	1	131
992	1	182
1000	1	66
1000	1	97
1000	1	104
1000	1	213
1001	1	2
1001	1	27
1001	1	39
1001	1	57
1001	1	160
1001	1	212
1003	1	2
1003	1	59
1003	1	114
1005	1	2
1005	1	4
1006	1	39
1009	1	4
1010	1	2
1017	1	4
1017	1	13
1017	1	34
1017	1	38
1017	1	55
1017	1	117
1019	1	13
1023	1	10
1023	1	135
1024	1	4
1024	1	13
1024	1	38
1024	1	55
1024	1	90
1027	1	53
1027	1	182
1029	1	172
1033	1	4
1033	1	30
1033	1	38
1033	1	55
1033	1	104
1035	1	2
1035	1	13
1035	1	30
1036	1	66
1040	1	191
1041	1	2
1041	1	3
1041	1	4
1041	1	13
1041	1	30
1041	1	40
1041	1	43
1041	1	57
1041	1	104
1041	1	124
1041	1	125
1041	1	157
1041	1	205
1047	1	4
1047	1	13
1047	1	124
1048	1	10
1049	1	66
1049	1	124
1059	1	11
1061	1	104
1061	1	117
1066	1	4
1066	1	38
1066	1	55
1066	1	66
1066	1	205
1067	1	2
1067	1	4
1067	1	20
1067	1	26
1067	1	30
1067	1	39
1071	1	2
1071	1	13
1071	1	30
1074	1	66
1077	1	2
1077	1	7
1077	1	13
1077	1	26
1077	1	30
1080	1	66
1085	1	13
1085	1	30
1086	1	188
1089	1	131
1089	1	205
1092	1	2
1092	1	4
1092	1	48
1092	1	65
1092	1	91
1103	1	124
1107	1	101
1110	1	53
1111	1	2
1111	1	104
1114	1	182
1118	1	13
1118	1	30
1121	1	157
1122	1	53
1123	1	2
1123	1	33
1126	1	2
1126	1	13
1126	1	20
1126	1	59
1127	1	38
1127	1	89
1127	1	117
1133	1	4
1140	1	4
1140	1	13
1140	1	38
1140	1	55
1140	1	90
1149	1	4
1149	1	17
1149	1	30
1149	1	59
1149	1	89
1149	1	182
1149	1	193
1151	1	4
1160	1	4
1160	1	30
1160	1	91
1161	1	4
1161	1	13
1161	1	30
1161	1	54
1161	1	66
1161	1	104
1161	1	124
1161	1	125
1161	1	157
1161	1	224
374	2	20
375	2	34
376	2	4
379	2	58
382	2	14
382	2	26
382	2	33
382	2	34
382	2	46
382	2	62
382	2	117
384	2	22
387	2	2
387	2	27
387	2	50
387	2	157
390	2	30
393	2	98
396	2	63
398	2	2
398	2	22
398	2	56
398	2	65
400	2	80
401	2	30
407	2	2
407	2	3
407	2	34
407	2	40
407	2	53
408	2	22
408	2	34
408	2	53
408	2	65
408	2	75
408	2	80
410	2	40
414	2	58
414	2	104
416	2	2
416	2	4
416	2	22
416	2	26
416	2	30
416	2	33
416	2	40
416	2	50
416	2	56
416	2	66
416	2	99
416	2	115
419	2	87
420	2	17
423	2	2
423	2	7
423	2	14
423	2	20
423	2	27
423	2	58
423	2	61
424	2	3
424	2	74
426	2	4
428	2	2
428	2	14
428	2	33
428	2	73
428	2	122
428	2	166
429	2	22
429	2	34
429	2	65
429	2	80
429	2	137
432	2	63
432	2	65
433	2	52
434	2	4
435	2	34
440	2	58
440	2	62
444	2	26
444	2	30
444	2	80
444	2	132
445	2	22
449	2	2
449	2	173
450	2	58
450	2	144
451	2	2
452	2	22
453	2	2
456	2	4
456	2	11
456	2	30
456	2	53
456	2	63
456	2	104
463	2	3
463	2	34
463	2	66
464	2	4
464	2	104
468	2	101
468	2	125
471	2	46
472	2	27
474	2	22
475	2	113
480	2	46
482	2	2
482	2	13
482	2	112
486	2	58
487	2	33
487	2	40
487	2	54
487	2	59
487	2	145
488	2	2
488	2	22
488	2	30
488	2	34
488	2	50
488	2	53
488	2	58
488	2	65
488	2	109
488	2	115
488	2	122
492	2	27
492	2	66
492	2	76
492	2	80
492	2	109
492	2	171
494	2	18
494	2	22
494	2	30
494	2	34
494	2	46
494	2	50
494	2	63
494	2	74
494	2	80
494	2	113
494	2	120
494	2	137
494	2	173
497	2	4
497	2	13
497	2	30
497	2	36
497	2	57
497	2	58
497	2	66
497	2	104
498	2	2
498	2	57
499	2	4
499	2	11
499	2	73
505	2	2
507	2	80
508	2	2
508	2	10
508	2	26
510	2	20
510	2	46
510	2	56
510	2	67
510	2	109
512	2	3
512	2	22
512	2	26
512	2	75
512	2	100
512	2	120
513	2	3
513	2	4
513	2	36
513	2	43
513	2	48
513	2	57
513	2	58
513	2	61
513	2	63
513	2	65
513	2	66
513	2	76
513	2	126
513	2	131
513	2	175
513	2	179
514	2	125
515	2	64
515	2	70
515	2	71
521	2	10
521	2	26
521	2	30
521	2	52
521	2	53
521	2	55
521	2	57
521	2	58
521	2	62
521	2	122
522	2	30
524	2	74
525	2	52
526	2	22
526	2	34
526	2	54
526	2	122
531	2	62
532	2	75
533	2	50
533	2	58
533	2	87
537	2	30
537	2	34
537	2	53
537	2	64
537	2	125
538	2	26
538	2	46
538	2	53
538	2	54
538	2	64
538	2	78
538	2	96
540	2	22
544	2	26
544	2	36
544	2	46
544	2	53
544	2	62
544	2	66
544	2	91
544	2	178
546	2	20
546	2	30
546	2	34
547	2	22
548	2	40
551	2	22
552	2	3
552	2	30
554	2	2
555	2	22
558	2	122
559	2	2
559	2	3
559	2	20
559	2	30
559	2	40
559	2	54
560	2	22
560	2	75
561	2	33
561	2	66
562	2	2
562	2	30
562	2	34
562	2	56
562	2	64
567	2	2
577	2	2
577	2	30
577	2	33
577	2	34
577	2	90
578	2	2
580	2	170
582	2	30
582	2	137
584	2	4
585	2	3
585	2	30
585	2	34
585	2	40
585	2	54
585	2	68
585	2	85
585	2	114
585	2	122
585	2	142
585	2	166
591	2	2
592	2	80
593	2	10
593	2	29
593	2	67
594	2	4
594	2	39
595	2	22
595	2	33
595	2	53
595	2	159
596	2	10
596	2	13
596	2	58
596	2	67
597	2	4
597	2	46
597	2	55
597	2	128
601	2	33
601	2	46
601	2	57
601	2	61
601	2	64
601	2	104
601	2	114
604	2	40
604	2	86
604	2	157
604	2	174
606	2	14
606	2	36
606	2	58
606	2	75
606	2	114
606	2	144
610	2	173
612	2	10
612	2	20
612	2	22
612	2	26
612	2	48
612	2	59
613	2	2
618	2	2
621	2	64
623	2	22
623	2	122
623	2	154
623	2	170
624	2	48
624	2	50
624	2	160
625	2	33
625	2	57
630	2	26
630	2	46
630	2	53
630	2	58
630	2	62
630	2	67
630	2	114
630	2	125
631	2	2
632	2	2
632	2	54
632	2	63
632	2	135
634	2	2
634	2	14
634	2	18
634	2	26
634	2	27
634	2	33
634	2	34
634	2	39
634	2	74
634	2	157
635	2	11
636	2	120
637	2	143
640	2	87
642	2	29
642	2	33
642	2	34
642	2	36
642	2	50
642	2	64
642	2	65
642	2	75
642	2	121
642	2	131
642	2	133
642	2	138
646	2	30
646	2	80
647	2	2
647	2	30
647	2	35
647	2	53
647	2	95
648	2	3
648	2	33
648	2	46
648	2	50
648	2	157
649	2	22
649	2	30
651	2	3
652	2	71
653	2	14
653	2	57
654	2	14
654	2	22
654	2	25
654	2	30
654	2	33
654	2	40
654	2	48
654	2	57
654	2	67
654	2	68
654	2	103
655	2	30
655	2	58
657	2	2
657	2	54
657	2	65
657	2	135
658	2	22
658	2	30
658	2	91
660	2	22
663	2	3
663	2	53
663	2	54
664	2	2
664	2	33
664	2	48
664	2	142
665	2	36
665	2	46
665	2	61
665	2	65
666	2	107
666	2	125
668	2	14
668	2	26
668	2	33
668	2	34
668	2	38
668	2	39
668	2	40
668	2	48
668	2	54
668	2	58
668	2	62
668	2	63
668	2	65
668	2	67
668	2	75
668	2	113
668	2	114
672	2	54
672	2	65
673	2	39
674	2	80
677	2	62
677	2	66
679	2	20
685	2	22
685	2	30
685	2	50
687	2	2
687	2	4
687	2	13
687	2	27
687	2	43
687	2	46
687	2	48
687	2	50
687	2	62
687	2	65
687	2	173
693	2	30
696	2	69
698	2	50
700	2	30
700	2	58
700	2	62
700	2	66
700	2	100
706	2	22
709	2	3
709	2	4
709	2	33
709	2	57
709	2	111
709	2	122
709	2	166
710	2	173
711	2	22
711	2	26
711	2	48
712	2	22
712	2	62
718	2	62
719	2	20
723	2	22
724	2	30
726	2	2
726	2	3
726	2	28
726	2	30
726	2	111
728	2	46
728	2	66
728	2	112
731	2	2
732	2	43
734	2	4
734	2	13
734	2	46
735	2	141
738	2	125
739	2	30
740	2	57
743	2	22
743	2	53
743	2	58
743	2	104
744	2	30
745	2	30
745	2	61
745	2	62
745	2	117
745	2	142
751	2	2
754	2	146
760	2	2
760	2	10
760	2	63
760	2	64
760	2	65
760	2	109
760	2	162
761	2	27
761	2	98
761	2	107
761	2	117
763	2	13
763	2	54
763	2	58
763	2	65
765	2	2
765	2	26
765	2	90
765	2	99
765	2	107
766	2	2
766	2	3
766	2	4
766	2	10
766	2	14
766	2	27
766	2	29
766	2	33
766	2	34
766	2	36
766	2	46
766	2	53
766	2	57
766	2	63
766	2	90
766	2	101
766	2	131
766	2	133
766	2	138
766	2	142
766	2	170
766	2	172
766	2	173
766	2	180
767	2	30
769	2	30
769	2	57
770	2	7
770	2	30
770	2	46
770	2	56
770	2	57
772	2	17
772	2	26
772	2	36
772	2	58
772	2	65
772	2	87
772	2	122
776	2	30
776	2	36
776	2	46
776	2	61
776	2	73
776	2	120
777	2	66
778	2	58
779	2	30
779	2	53
784	2	2
784	2	27
784	2	33
784	2	56
784	2	63
784	2	65
784	2	80
784	2	98
784	2	107
787	2	2
787	2	40
787	2	112
790	2	20
790	2	33
792	2	2
794	2	22
795	2	2
797	2	34
797	2	50
797	2	65
797	2	107
798	2	22
800	2	22
801	2	33
801	2	34
801	2	54
801	2	63
801	2	90
801	2	96
805	2	2
805	2	13
805	2	33
805	2	66
805	2	122
810	2	89
813	2	26
813	2	62
813	2	144
814	2	30
816	2	10
816	2	46
816	2	58
816	2	75
816	2	90
816	2	137
820	2	2
820	2	14
820	2	20
820	2	27
820	2	61
821	2	20
821	2	36
821	2	67
821	2	109
822	2	96
822	2	111
828	2	20
828	2	30
828	2	33
828	2	39
828	2	46
828	2	73
828	2	109
829	2	57
830	2	4
830	2	13
832	2	2
834	2	22
834	2	77
837	2	77
838	2	58
839	2	33
839	2	66
842	2	2
843	2	3
843	2	22
844	2	29
844	2	120
852	2	26
852	2	34
852	2	39
852	2	50
852	2	63
852	2	67
852	2	80
853	2	30
856	2	62
856	2	173
859	2	17
859	2	39
859	2	40
859	2	53
859	2	54
859	2	55
859	2	112
859	2	113
861	2	22
861	2	104
863	2	33
863	2	46
863	2	56
863	2	120
864	2	62
867	2	26
867	2	50
868	2	2
870	2	22
872	2	125
873	2	14
873	2	27
873	2	46
873	2	48
873	2	55
873	2	65
873	2	80
873	2	101
873	2	130
874	2	20
874	2	112
875	2	46
876	2	22
876	2	27
876	2	65
876	2	107
882	2	3
882	2	50
882	2	169
885	2	46
885	2	131
887	2	2
887	2	30
887	2	157
889	2	33
890	2	11
890	2	54
890	2	104
890	2	157
891	2	33
893	2	33
893	2	39
893	2	53
893	2	61
893	2	67
893	2	136
893	2	142
894	2	80
898	2	20
899	2	33
900	2	10
903	2	2
903	2	46
903	2	58
904	2	2
907	2	54
907	2	131
909	2	30
910	2	54
910	2	132
914	2	2
918	2	101
918	2	120
930	2	137
931	2	4
931	2	34
931	2	46
931	2	66
931	2	85
931	2	108
934	2	2
934	2	30
934	2	43
934	2	54
934	2	80
934	2	137
937	2	40
937	2	58
938	2	3
938	2	40
938	2	58
940	2	93
941	2	50
942	2	2
942	2	26
942	2	34
942	2	58
942	2	61
942	2	72
942	2	87
942	2	96
942	2	113
942	2	122
942	2	176
943	2	66
945	2	54
947	2	65
947	2	66
950	2	14
950	2	26
950	2	34
950	2	58
950	2	62
950	2	64
950	2	100
950	2	144
951	2	100
951	2	111
953	2	3
953	2	13
953	2	14
953	2	20
953	2	29
953	2	36
953	2	38
953	2	40
953	2	50
953	2	54
953	2	62
953	2	63
953	2	73
953	2	75
953	2	76
953	2	97
953	2	101
953	2	107
953	2	109
953	2	117
953	2	119
953	2	121
953	2	123
953	2	125
953	2	133
953	2	142
953	2	144
953	2	146
953	2	147
953	2	150
953	2	151
953	2	168
953	2	172
954	2	30
955	2	53
957	2	2
957	2	4
957	2	18
957	2	33
957	2	157
958	2	11
958	2	26
958	2	48
958	2	50
958	2	57
958	2	62
958	2	101
958	2	120
960	2	26
962	2	58
963	2	2
964	2	2
965	2	27
973	2	107
973	2	117
973	2	125
975	2	22
976	2	30
977	2	2
977	2	122
981	2	33
981	2	34
981	2	50
983	2	57
988	2	115
992	2	26
992	2	34
992	2	48
992	2	57
992	2	113
996	2	2
997	2	22
998	2	30
1000	2	2
1000	2	56
1000	2	80
1000	2	89
1001	2	3
1001	2	13
1001	2	14
1001	2	17
1001	2	22
1001	2	25
1001	2	28
1001	2	33
1001	2	34
1001	2	36
1001	2	48
1001	2	50
1001	2	53
1001	2	63
1001	2	65
1001	2	101
1001	2	107
1001	2	108
1001	2	114
1001	2	131
1001	2	139
1001	2	142
1001	2	173
1003	2	58
1003	2	134
1005	2	13
1005	2	58
1006	2	3
1006	2	57
1006	2	111
1006	2	137
1007	2	100
1012	2	2
1013	2	62
1013	2	141
1014	2	54
1015	2	46
1015	2	100
1016	2	2
1016	2	27
1016	2	63
1016	2	95
1017	2	2
1017	2	20
1017	2	50
1017	2	54
1017	2	165
1019	2	4
1019	2	22
1019	2	155
1019	2	170
1021	2	58
1023	2	2
1023	2	50
1023	2	53
1023	2	63
1023	2	73
1023	2	80
1023	2	122
1024	2	2
1024	2	20
1024	2	22
1025	2	2
1025	2	46
1025	2	170
1026	2	2
1026	2	4
1026	2	22
1026	2	53
1026	2	63
1028	2	22
1028	2	33
1028	2	65
1028	2	80
1029	2	22
1029	2	30
1029	2	56
1029	2	166
1033	2	2
1033	2	20
1033	2	46
1033	2	53
1033	2	57
1033	2	66
1033	2	89
1036	2	4
1036	2	36
1041	2	17
1041	2	26
1041	2	48
1041	2	53
1041	2	54
1041	2	55
1041	2	63
1041	2	65
1041	2	76
1041	2	136
1043	2	4
1043	2	26
1043	2	30
1043	2	34
1043	2	62
1046	2	75
1046	2	93
1047	2	2
1047	2	3
1047	2	34
1047	2	40
1047	2	50
1047	2	53
1047	2	54
1048	2	3
1048	2	28
1048	2	58
1048	2	91
1049	2	2
1049	2	30
1049	2	93
1051	2	30
1051	2	117
1054	2	4
1054	2	22
1059	2	4
1061	2	36
1061	2	63
1061	2	74
1063	2	4
1063	2	18
1063	2	26
1063	2	48
1063	2	53
1063	2	104
1063	2	107
1063	2	125
1065	2	80
1066	2	2
1066	2	3
1066	2	13
1066	2	20
1066	2	26
1066	2	34
1066	2	52
1066	2	53
1066	2	54
1066	2	61
1066	2	62
1066	2	100
1067	2	14
1067	2	33
1067	2	34
1067	2	48
1067	2	55
1067	2	56
1067	2	57
1067	2	62
1067	2	63
1067	2	130
1074	2	2
1074	2	4
1074	2	11
1074	2	18
1074	2	30
1074	2	74
1074	2	76
1074	2	108
1074	2	157
1075	2	87
1077	2	34
1077	2	50
1077	2	109
1077	2	177
1080	2	170
1085	2	34
1085	2	57
1085	2	104
1085	2	131
1086	2	2
1089	2	2
1089	2	22
1089	2	57
1089	2	61
1089	2	109
1089	2	111
1089	2	125
1090	2	115
1091	2	46
1091	2	66
1092	2	3
1092	2	27
1092	2	34
1092	2	57
1092	2	104
1093	2	27
1093	2	33
1093	2	46
1093	2	67
1093	2	99
1093	2	147
1094	2	100
1095	2	30
1098	2	46
1098	2	50
1098	2	58
1098	2	87
1099	2	30
1102	2	57
1103	2	2
1104	2	30
1105	2	2
1105	2	34
1105	2	58
1106	2	2
1106	2	65
1106	2	87
1106	2	107
1108	2	22
1110	2	22
1110	2	48
1110	2	117
1111	2	3
1111	2	48
1111	2	63
1111	2	65
1111	2	107
1111	2	113
1112	2	125
1118	2	10
1118	2	28
1118	2	29
1121	2	58
1121	2	173
1122	2	2
1122	2	34
1122	2	63
1122	2	140
1123	2	30
1124	2	22
1126	2	3
1126	2	4
1126	2	26
1126	2	30
1126	2	34
1126	2	75
1126	2	107
1127	2	4
1127	2	46
1128	2	28
1128	2	33
1128	2	34
1128	2	36
1128	2	56
1128	2	67
1128	2	115
1133	2	13
1133	2	58
1136	2	62
1137	2	30
1138	2	27
1138	2	30
1138	2	34
1138	2	39
1138	2	46
1138	2	103
1138	2	155
1140	2	2
1140	2	20
1140	2	22
1141	2	22
1142	2	73
1147	2	3
1147	2	54
1147	2	80
1147	2	100
1150	2	57
1152	2	52
1154	2	3
1154	2	22
1154	2	75
1155	2	122
1156	2	2
1159	2	46
1159	2	64
1160	2	13
1160	2	22
1160	2	61
1160	2	67
1161	2	3
1161	2	40
1161	2	57
1161	2	122
374	5	2
374	5	13
374	5	17
374	5	33
374	5	34
374	5	119
374	5	327
375	5	2
375	5	54
375	5	100
375	5	352
382	5	2
382	5	4
382	5	30
382	5	100
382	5	104
382	5	131
382	5	280
382	5	361
386	5	2
386	5	351
387	5	4
387	5	30
387	5	39
387	5	43
387	5	55
387	5	112
387	5	115
387	5	125
390	5	33
390	5	101
390	5	281
390	5	330
392	5	34
394	5	33
394	5	230
395	5	211
396	5	112
398	5	4
401	5	4
401	5	33
401	5	34
403	5	39
406	5	57
407	5	10
407	5	43
407	5	141
407	5	182
407	5	327
408	5	61
408	5	101
408	5	205
410	5	34
410	5	66
412	5	66
414	5	4
415	5	34
416	5	3
416	5	13
416	5	34
416	5	39
416	5	90
416	5	91
416	5	104
416	5	114
416	5	123
416	5	171
416	5	211
416	5	221
416	5	254
417	5	222
419	5	30
419	5	59
420	5	13
420	5	33
420	5	34
420	5	43
420	5	59
420	5	66
420	5	221
422	5	2
423	5	3
423	5	30
423	5	34
423	5	39
423	5	40
423	5	46
423	5	64
423	5	74
423	5	104
424	5	13
424	5	33
424	5	55
424	5	90
424	5	104
424	5	108
427	5	2
427	5	165
428	5	4
428	5	53
428	5	100
428	5	220
428	5	332
429	5	2
429	5	4
429	5	30
429	5	33
429	5	39
429	5	90
429	5	100
429	5	103
429	5	116
429	5	160
430	5	66
431	5	347
432	5	10
432	5	13
432	5	104
432	5	182
433	5	116
434	5	13
434	5	116
435	5	13
435	5	67
435	5	150
435	5	157
435	5	182
435	5	359
440	5	13
440	5	55
440	5	123
440	5	240
440	5	352
441	5	30
444	5	4
447	5	34
447	5	350
449	5	66
450	5	11
450	5	34
450	5	54
450	5	90
450	5	100
451	5	33
452	5	222
456	5	2
456	5	7
456	5	120
456	5	142
456	5	171
456	5	221
456	5	222
456	5	329
456	5	336
463	5	13
463	5	90
464	5	34
464	5	227
465	5	211
466	5	2
473	5	30
475	5	141
475	5	157
475	5	177
476	5	350
479	5	211
482	5	10
482	5	30
482	5	33
482	5	55
482	5	101
482	5	157
482	5	165
482	5	222
482	5	280
482	5	329
482	5	339
483	5	4
485	5	30
486	5	30
486	5	34
486	5	46
486	5	365
487	5	11
487	5	17
487	5	43
487	5	65
487	5	66
487	5	104
487	5	123
487	5	141
487	5	211
487	5	369
488	5	4
488	5	13
488	5	114
488	5	125
488	5	138
488	5	172
488	5	254
488	5	329
488	5	336
488	5	345
491	5	287
492	5	4
492	5	11
492	5	33
492	5	39
492	5	57
492	5	90
492	5	100
492	5	115
492	5	131
492	5	177
492	5	195
492	5	205
492	5	221
492	5	240
494	5	2
494	5	13
494	5	26
494	5	33
494	5	39
494	5	40
494	5	55
494	5	59
494	5	85
494	5	91
494	5	101
494	5	104
494	5	125
494	5	126
494	5	329
495	5	34
495	5	66
495	5	141
497	5	34
497	5	65
497	5	67
497	5	135
497	5	334
498	5	108
498	5	157
499	5	13
499	5	100
499	5	114
500	5	54
500	5	66
500	5	221
500	5	232
501	5	33
503	5	240
504	5	112
504	5	340
506	5	39
506	5	59
506	5	141
508	5	13
508	5	75
508	5	157
508	5	345
510	5	4
510	5	104
510	5	157
510	5	344
512	5	2
512	5	4
513	5	2
513	5	13
513	5	39
513	5	40
513	5	62
513	5	67
513	5	85
513	5	90
513	5	104
513	5	138
513	5	157
513	5	171
513	5	329
513	5	336
514	5	2
515	5	2
515	5	18
515	5	28
515	5	30
515	5	33
515	5	34
515	5	59
515	5	65
515	5	182
519	5	4
521	5	2
521	5	4
521	5	11
521	5	33
521	5	100
521	5	104
521	5	114
521	5	246
521	5	329
523	5	34
524	5	33
524	5	240
525	5	10
525	5	66
525	5	240
525	5	345
526	5	4
526	5	58
526	5	135
528	5	351
531	5	2
531	5	34
532	5	4
532	5	112
533	5	2
533	5	33
533	5	34
533	5	53
533	5	59
533	5	104
533	5	171
534	5	182
537	5	39
538	5	4
538	5	11
538	5	39
538	5	66
538	5	90
538	5	101
538	5	138
538	5	160
538	5	231
544	5	2
544	5	13
544	5	20
544	5	33
544	5	34
544	5	40
544	5	58
544	5	155
544	5	176
544	5	211
544	5	230
544	5	267
546	5	2
546	5	7
546	5	13
546	5	17
546	5	33
546	5	59
546	5	97
546	5	100
546	5	103
546	5	119
546	5	123
546	5	155
546	5	160
547	5	2
547	5	13
547	5	40
547	5	93
547	5	114
547	5	142
548	5	4
548	5	34
548	5	66
549	5	232
552	5	2
552	5	20
552	5	101
552	5	222
552	5	246
559	5	4
559	5	63
559	5	104
559	5	131
559	5	296
561	5	10
561	5	36
561	5	39
561	5	56
561	5	336
561	5	346
562	5	13
562	5	43
562	5	66
562	5	222
562	5	240
563	5	222
564	5	208
570	5	13
570	5	34
570	5	329
572	5	112
573	5	76
573	5	112
574	5	352
575	5	351
576	5	357
577	5	85
577	5	182
577	5	211
578	5	66
580	5	2
580	5	13
580	5	104
580	5	351
581	5	336
582	5	34
584	5	2
584	5	329
585	5	4
585	5	11
585	5	13
585	5	55
585	5	58
585	5	91
585	5	100
585	5	115
585	5	131
585	5	240
589	5	211
591	5	13
591	5	46
591	5	58
591	5	157
591	5	240
593	5	4
593	5	28
593	5	33
593	5	39
593	5	65
593	5	66
593	5	85
593	5	87
593	5	99
593	5	184
593	5	211
593	5	227
593	5	329
593	5	336
593	5	362
594	5	33
594	5	46
594	5	57
595	5	4
595	5	13
595	5	30
595	5	34
596	5	33
596	5	55
596	5	91
596	5	97
596	5	116
596	5	141
596	5	184
596	5	211
596	5	227
596	5	336
596	5	362
597	5	10
597	5	26
597	5	28
597	5	33
597	5	39
597	5	66
597	5	85
597	5	90
597	5	101
597	5	142
597	5	157
597	5	160
597	5	211
597	5	220
597	5	222
597	5	336
598	5	30
598	5	222
600	5	2
601	5	2
601	5	4
601	5	30
601	5	123
601	5	254
602	5	232
603	5	2
603	5	34
603	5	350
604	5	2
604	5	4
604	5	10
604	5	11
604	5	66
604	5	123
606	5	4
606	5	7
606	5	11
606	5	13
606	5	30
606	5	33
606	5	57
606	5	100
606	5	138
606	5	240
610	5	34
612	5	7
612	5	11
612	5	17
612	5	34
612	5	119
617	5	13
618	5	33
618	5	34
618	5	350
621	5	2
621	5	104
621	5	358
623	5	4
623	5	39
623	5	40
623	5	66
623	5	338
624	5	4
625	5	28
625	5	66
625	5	216
625	5	227
626	5	2
627	5	30
627	5	160
629	5	13
630	5	2
630	5	4
630	5	29
630	5	30
630	5	33
630	5	57
630	5	66
630	5	100
630	5	131
632	5	4
632	5	40
632	5	58
632	5	61
632	5	66
632	5	123
632	5	125
632	5	138
633	5	39
634	5	43
634	5	91
634	5	100
634	5	182
634	5	334
635	5	34
637	5	65
637	5	125
637	5	351
640	5	340
642	5	20
642	5	40
642	5	61
642	5	62
642	5	108
642	5	111
642	5	114
642	5	123
642	5	142
642	5	157
642	5	160
642	5	165
642	5	235
642	5	280
642	5	334
642	5	346
643	5	30
646	5	34
647	5	34
647	5	54
647	5	55
647	5	108
647	5	142
647	5	155
647	5	220
647	5	334
647	5	346
648	5	13
648	5	30
648	5	91
648	5	124
648	5	125
649	5	2
649	5	34
649	5	55
651	5	2
651	5	33
651	5	39
651	5	46
651	5	55
651	5	58
651	5	142
651	5	157
651	5	177
651	5	216
651	5	222
653	5	2
653	5	4
653	5	13
653	5	33
653	5	100
654	5	4
654	5	13
654	5	55
654	5	75
654	5	101
654	5	116
654	5	123
654	5	160
654	5	176
654	5	220
654	5	221
654	5	315
654	5	325
655	5	48
657	5	39
657	5	160
657	5	327
658	5	2
658	5	4
658	5	33
658	5	53
658	5	55
658	5	61
658	5	101
658	5	165
658	5	182
661	5	39
661	5	97
661	5	182
662	5	39
663	5	254
665	5	13
665	5	100
667	5	334
668	5	11
668	5	28
668	5	55
668	5	66
668	5	72
668	5	85
668	5	87
668	5	100
668	5	103
668	5	104
668	5	123
668	5	157
668	5	167
668	5	231
668	5	336
670	5	39
672	5	13
672	5	55
672	5	66
672	5	90
672	5	142
672	5	240
673	5	46
673	5	57
673	5	221
674	5	34
674	5	150
676	5	334
677	5	2
677	5	4
677	5	34
677	5	61
677	5	221
677	5	338
679	5	2
679	5	13
679	5	17
679	5	33
679	5	34
679	5	97
679	5	119
679	5	327
680	5	34
681	5	11
681	5	13
682	5	112
683	5	157
684	5	4
684	5	104
684	5	281
685	5	2
685	5	34
685	5	55
686	5	112
687	5	39
687	5	66
687	5	100
687	5	103
687	5	131
687	5	142
687	5	235
691	5	2
695	5	2
696	5	205
698	5	10
698	5	43
698	5	85
698	5	141
698	5	168
698	5	182
700	5	2
700	5	4
700	5	10
700	5	13
700	5	33
700	5	85
700	5	131
700	5	170
700	5	336
707	5	4
707	5	34
709	5	66
709	5	103
709	5	138
709	5	177
709	5	196
709	5	221
710	5	182
710	5	231
711	5	33
711	5	34
711	5	66
711	5	346
714	5	350
715	5	33
716	5	65
717	5	65
719	5	2
719	5	33
719	5	39
719	5	59
719	5	104
719	5	138
719	5	157
719	5	221
721	5	123
722	5	336
726	5	4
726	5	10
726	5	13
726	5	34
726	5	39
726	5	55
726	5	59
726	5	65
726	5	66
726	5	90
726	5	114
726	5	157
726	5	177
728	5	221
728	5	230
728	5	281
728	5	336
729	5	351
731	5	4
731	5	33
731	5	34
731	5	114
732	5	4
733	5	30
733	5	34
734	5	7
734	5	10
734	5	65
734	5	100
734	5	103
734	5	116
734	5	171
735	5	39
735	5	40
735	5	157
735	5	336
739	5	357
740	5	66
740	5	327
743	5	7
743	5	13
743	5	30
743	5	99
743	5	120
743	5	123
743	5	221
743	5	222
743	5	336
743	5	361
744	5	125
746	5	10
746	5	30
746	5	40
746	5	221
752	5	131
752	5	211
756	5	34
756	5	66
760	5	4
760	5	36
760	5	90
760	5	100
760	5	138
760	5	222
760	5	329
760	5	334
761	5	2
761	5	33
761	5	112
761	5	254
762	5	2
762	5	13
762	5	46
762	5	58
763	5	66
763	5	99
763	5	361
764	5	34
764	5	116
764	5	329
765	5	4
765	5	10
765	5	33
765	5	55
765	5	91
765	5	101
765	5	138
766	5	11
766	5	20
766	5	26
766	5	28
766	5	61
766	5	65
766	5	75
766	5	91
766	5	104
766	5	112
766	5	125
766	5	143
766	5	160
766	5	165
766	5	194
766	5	221
766	5	222
766	5	235
766	5	280
766	5	285
766	5	327
766	5	370
769	5	222
770	5	13
770	5	33
770	5	55
770	5	64
770	5	100
770	5	125
770	5	160
770	5	221
770	5	227
770	5	334
771	5	346
772	5	13
772	5	40
772	5	46
772	5	55
772	5	59
772	5	91
772	5	230
772	5	240
773	5	11
773	5	13
773	5	55
773	5	177
774	5	30
776	5	4
776	5	34
776	5	66
776	5	221
776	5	230
778	5	30
778	5	34
778	5	46
778	5	365
779	5	4
779	5	33
779	5	34
779	5	66
779	5	91
779	5	100
779	5	356
784	5	10
784	5	30
784	5	87
784	5	123
784	5	219
784	5	296
787	5	4
787	5	66
789	5	4
789	5	157
789	5	240
790	5	13
790	5	39
790	5	157
794	5	34
797	5	10
797	5	39
797	5	55
797	5	66
797	5	85
797	5	103
797	5	112
797	5	211
797	5	222
797	5	240
798	5	59
798	5	85
800	5	40
800	5	90
800	5	184
800	5	350
801	5	10
801	5	43
801	5	85
801	5	125
801	5	336
805	5	4
805	5	28
805	5	34
805	5	67
805	5	90
805	5	222
805	5	227
805	5	336
805	5	359
805	5	362
805	5	368
807	5	2
809	5	157
810	5	30
810	5	34
810	5	40
810	5	87
810	5	135
810	5	240
810	5	329
813	5	4
813	5	13
813	5	33
813	5	39
813	5	40
813	5	57
813	5	66
813	5	90
813	5	91
813	5	100
813	5	131
813	5	165
813	5	176
813	5	222
813	5	280
814	5	39
815	5	30
816	5	100
817	5	165
818	5	2
818	5	30
818	5	95
820	5	30
820	5	34
820	5	39
820	5	57
820	5	64
820	5	74
820	5	104
821	5	4
821	5	28
821	5	54
821	5	90
821	5	227
822	5	4
822	5	10
822	5	34
822	5	58
822	5	123
822	5	320
822	5	334
822	5	352
822	5	359
825	5	112
827	5	4
828	5	2
828	5	7
828	5	11
828	5	13
828	5	17
828	5	34
828	5	100
828	5	119
828	5	327
829	5	157
829	5	287
830	5	10
830	5	66
830	5	165
830	5	184
831	5	30
832	5	34
832	5	39
832	5	40
832	5	54
832	5	157
834	5	142
835	5	2
835	5	33
835	5	100
837	5	4
837	5	33
837	5	43
837	5	67
837	5	87
837	5	99
837	5	116
837	5	123
837	5	220
837	5	222
837	5	334
838	5	13
840	5	13
843	5	65
844	5	33
844	5	34
844	5	55
844	5	141
844	5	215
844	5	227
844	5	336
844	5	362
846	5	39
846	5	55
846	5	357
847	5	112
847	5	240
849	5	55
849	5	58
852	5	13
852	5	20
852	5	30
852	5	55
852	5	66
852	5	85
852	5	87
852	5	97
852	5	123
852	5	155
852	5	157
852	5	160
852	5	182
852	5	336
852	5	356
852	5	361
855	5	2
855	5	40
855	5	254
857	5	33
859	5	33
859	5	43
859	5	57
859	5	59
859	5	62
859	5	85
859	5	90
859	5	141
859	5	160
859	5	240
861	5	13
863	5	39
863	5	123
864	5	4
864	5	39
864	5	59
864	5	221
867	5	10
867	5	39
867	5	43
867	5	85
867	5	141
867	5	168
871	5	222
873	5	4
873	5	11
873	5	26
873	5	28
873	5	33
873	5	39
873	5	53
873	5	90
873	5	157
873	5	160
873	5	193
873	5	211
873	5	227
873	5	246
873	5	325
873	5	332
873	5	368
874	5	10
874	5	30
874	5	33
874	5	55
874	5	66
874	5	101
874	5	157
874	5	222
874	5	280
874	5	329
874	5	339
876	5	4
876	5	10
876	5	13
876	5	33
876	5	40
876	5	57
876	5	90
876	5	93
876	5	114
876	5	122
876	5	125
876	5	211
876	5	222
876	5	227
876	5	329
876	5	334
882	5	34
882	5	182
882	5	254
884	5	30
885	5	39
886	5	346
887	5	34
887	5	39
887	5	90
888	5	222
890	5	33
890	5	34
890	5	39
890	5	46
890	5	100
890	5	123
893	5	2
893	5	4
893	5	13
893	5	28
893	5	30
893	5	43
893	5	66
893	5	85
893	5	101
893	5	125
893	5	157
893	5	220
893	5	221
893	5	231
894	5	34
894	5	65
897	5	211
898	5	4
898	5	112
898	5	329
900	5	2
900	5	100
902	5	2
903	5	30
903	5	61
903	5	138
903	5	240
904	5	33
907	5	2
907	5	4
907	5	13
907	5	34
907	5	39
907	5	66
907	5	354
909	5	66
909	5	100
909	5	160
909	5	336
910	5	4
913	5	48
915	5	346
916	5	30
921	5	222
925	5	13
926	5	4
926	5	33
926	5	34
930	5	109
930	5	157
931	5	40
931	5	76
931	5	90
931	5	100
931	5	125
931	5	182
931	5	205
931	5	222
931	5	254
931	5	327
934	5	13
934	5	33
934	5	91
936	5	2
937	5	34
937	5	39
937	5	43
937	5	125
937	5	138
937	5	141
937	5	142
938	5	34
938	5	39
938	5	43
938	5	59
938	5	62
938	5	85
938	5	138
938	5	141
938	5	142
938	5	160
940	5	34
940	5	66
940	5	114
940	5	141
940	5	367
941	5	103
942	5	53
942	5	59
942	5	66
942	5	103
942	5	114
942	5	116
942	5	177
942	5	182
942	5	205
942	5	336
942	5	344
944	5	39
946	5	138
947	5	34
950	5	4
950	5	33
950	5	90
950	5	171
951	5	33
951	5	85
951	5	157
951	5	332
953	5	10
953	5	43
953	5	46
953	5	55
953	5	58
953	5	74
953	5	91
953	5	103
953	5	112
953	5	114
953	5	116
953	5	138
953	5	155
953	5	157
953	5	164
953	5	221
953	5	222
953	5	227
953	5	230
953	5	240
953	5	280
953	5	285
953	5	326
953	5	332
953	5	336
953	5	356
953	5	361
954	5	55
954	5	296
955	5	13
955	5	40
956	5	222
957	5	13
957	5	91
957	5	123
957	5	323
958	5	30
958	5	33
958	5	39
958	5	58
958	5	85
958	5	91
958	5	100
958	5	116
958	5	125
958	5	131
958	5	182
958	5	235
958	5	296
958	5	325
958	5	336
958	5	372
960	5	232
960	5	346
961	5	34
961	5	66
962	5	33
962	5	48
962	5	59
962	5	90
962	5	104
963	5	112
964	5	340
965	5	34
969	5	357
971	5	34
971	5	138
971	5	141
973	5	2
973	5	4
973	5	7
973	5	55
973	5	246
973	5	323
973	5	331
977	5	4
977	5	55
977	5	342
978	5	55
981	5	157
981	5	211
982	5	11
982	5	13
982	5	334
984	5	125
985	5	100
987	5	66
987	5	123
987	5	157
988	5	97
989	5	2
989	5	33
989	5	157
989	5	336
990	5	360
992	5	20
992	5	28
992	5	39
992	5	59
992	5	100
992	5	104
992	5	114
992	5	116
992	5	123
992	5	160
992	5	221
992	5	240
992	5	334
992	5	369
997	5	13
997	5	112
1000	5	4
1000	5	13
1000	5	57
1000	5	123
1000	5	240
1000	5	351
1001	5	4
1001	5	26
1001	5	30
1001	5	54
1001	5	55
1001	5	85
1001	5	90
1001	5	100
1001	5	103
1001	5	104
1001	5	123
1001	5	125
1001	5	157
1001	5	176
1001	5	221
1001	5	327
1001	5	332
1001	5	348
1001	5	353
1001	5	356
1001	5	373
1003	5	13
1003	5	104
1003	5	240
1003	5	352
1005	5	33
1005	5	34
1005	5	43
1006	5	33
1006	5	67
1006	5	100
1009	5	13
1009	5	34
1010	5	33
1011	5	33
1012	5	11
1015	5	4
1015	5	34
1015	5	329
1016	5	30
1016	5	55
1016	5	90
1016	5	125
1017	5	7
1017	5	17
1017	5	33
1017	5	59
1017	5	90
1017	5	119
1017	5	138
1017	5	339
1017	5	359
1019	5	33
1019	5	34
1019	5	66
1019	5	67
1019	5	157
1020	5	2
1021	5	2
1021	5	296
1023	5	100
1023	5	104
1023	5	125
1023	5	157
1023	5	222
1023	5	240
1023	5	329
1024	5	17
1024	5	33
1024	5	34
1024	5	39
1024	5	64
1024	5	119
1024	5	138
1024	5	167
1024	5	227
1024	5	240
1024	5	327
1025	5	4
1025	5	91
1025	5	97
1025	5	150
1025	5	182
1026	5	30
1026	5	39
1026	5	101
1026	5	221
1027	5	2
1027	5	4
1027	5	33
1027	5	66
1027	5	85
1027	5	157
1027	5	221
1028	5	30
1028	5	57
1028	5	99
1029	5	2
1029	5	11
1030	5	211
1030	5	345
1032	5	4
1032	5	33
1032	5	39
1032	5	123
1033	5	7
1033	5	13
1033	5	17
1033	5	58
1033	5	85
1033	5	100
1033	5	112
1033	5	119
1033	5	325
1035	5	34
1035	5	66
1035	5	157
1036	5	2
1036	5	3
1036	5	61
1036	5	138
1036	5	157
1036	5	240
1037	5	48
1037	5	66
1039	5	66
1041	5	33
1041	5	34
1041	5	39
1041	5	59
1041	5	62
1041	5	66
1041	5	85
1041	5	108
1041	5	123
1041	5	138
1041	5	141
1041	5	160
1041	5	177
1041	5	240
1041	5	329
1041	5	343
1043	5	13
1043	5	65
1043	5	235
1044	5	91
1045	5	360
1046	5	66
1046	5	141
1047	5	10
1047	5	43
1047	5	104
1047	5	141
1047	5	182
1047	5	327
1048	5	4
1048	5	33
1048	5	34
1048	5	67
1048	5	123
1048	5	329
1048	5	334
1049	5	34
1049	5	141
1049	5	157
1050	5	65
1051	5	61
1051	5	157
1054	5	2
1054	5	75
1059	5	2
1059	5	182
1061	5	2
1061	5	4
1061	5	39
1061	5	55
1061	5	99
1061	5	116
1063	5	2
1063	5	10
1063	5	13
1063	5	33
1063	5	34
1063	5	40
1063	5	66
1063	5	93
1063	5	114
1063	5	240
1065	5	2
1065	5	150
1066	5	7
1066	5	10
1066	5	17
1066	5	30
1066	5	33
1066	5	65
1066	5	90
1066	5	119
1066	5	138
1066	5	155
1066	5	208
1066	5	336
1066	5	338
1066	5	359
1067	5	50
1067	5	54
1067	5	66
1067	5	75
1067	5	90
1067	5	97
1067	5	103
1067	5	123
1067	5	143
1067	5	157
1067	5	160
1067	5	194
1067	5	222
1067	5	227
1067	5	230
1067	5	246
1067	5	332
1067	5	368
1071	5	34
1071	5	66
1071	5	97
1071	5	240
1074	5	10
1074	5	13
1074	5	33
1074	5	90
1074	5	91
1074	5	100
1074	5	131
1074	5	221
1074	5	239
1074	5	323
1074	5	336
1075	5	30
1075	5	59
1077	5	43
1077	5	66
1077	5	85
1077	5	90
1077	5	100
1077	5	104
1077	5	123
1077	5	125
1077	5	157
1077	5	182
1077	5	235
1078	5	358
1079	5	347
1080	5	40
1080	5	125
1080	5	281
1082	5	222
1083	5	30
1084	5	90
1085	5	205
1086	5	4
1086	5	30
1086	5	33
1086	5	34
1086	5	114
1089	5	13
1089	5	30
1089	5	33
1089	5	54
1089	5	63
1089	5	66
1089	5	100
1089	5	104
1089	5	138
1089	5	221
1090	5	104
1091	5	2
1091	5	125
1092	5	13
1092	5	66
1092	5	89
1092	5	90
1092	5	112
1092	5	122
1092	5	131
1092	5	165
1092	5	213
1093	5	112
1093	5	125
1093	5	157
1093	5	239
1093	5	356
1094	5	182
1097	5	13
1098	5	4
1098	5	53
1098	5	59
1098	5	104
1098	5	171
1099	5	66
1103	5	33
1103	5	40
1103	5	55
1103	5	222
1105	5	240
1106	5	4
1106	5	104
1107	5	123
1110	5	34
1110	5	64
1111	5	4
1111	5	13
1111	5	26
1111	5	34
1111	5	40
1111	5	53
1111	5	57
1111	5	90
1111	5	171
1111	5	329
1111	5	359
1113	5	4
1113	5	39
1113	5	55
1113	5	66
1113	5	100
1113	5	157
1114	5	10
1114	5	30
1114	5	40
1114	5	221
1118	5	33
1118	5	55
1118	5	65
1118	5	67
1118	5	90
1118	5	114
1118	5	211
1118	5	227
1118	5	336
1118	5	362
1122	5	125
1122	5	164
1124	5	39
1126	5	18
1126	5	40
1126	5	55
1126	5	65
1126	5	112
1126	5	123
1126	5	216
1127	5	2
1127	5	34
1127	5	48
1127	5	53
1127	5	66
1127	5	85
1127	5	131
1128	5	4
1128	5	11
1128	5	13
1128	5	61
1128	5	90
1128	5	103
1128	5	222
1128	5	227
1128	5	362
1133	5	2
1133	5	33
1133	5	34
1133	5	43
1133	5	59
1136	5	39
1138	5	2
1138	5	36
1138	5	40
1138	5	65
1138	5	100
1138	5	325
1138	5	329
1139	5	2
1140	5	17
1140	5	33
1140	5	39
1140	5	64
1140	5	119
1140	5	138
1140	5	167
1140	5	227
1140	5	240
1140	5	327
1143	5	2
1146	5	2
1146	5	4
1147	5	4
1149	5	34
1149	5	39
1149	5	46
1149	5	55
1149	5	58
1149	5	114
1149	5	123
1149	5	157
1149	5	208
1149	5	216
1149	5	296
1149	5	334
1149	5	352
1149	5	359
1151	5	33
1151	5	34
1152	5	58
1154	5	2
1154	5	112
1154	5	232
1154	5	315
1158	5	221
1158	5	340
1159	5	33
1159	5	43
1159	5	100
1160	5	33
1160	5	34
1160	5	55
1160	5	85
1160	5	227
1160	5	336
1161	5	39
1161	5	59
1161	5	62
1161	5	85
1161	5	101
1161	5	111
1161	5	141
1161	5	160
1161	5	369
374	3	30
374	3	43
374	3	91
374	3	157
374	3	160
375	3	4
375	3	13
375	3	39
375	3	58
375	3	66
375	3	104
375	3	182
379	3	2
382	3	66
382	3	67
382	3	101
387	3	13
387	3	66
387	3	91
387	3	104
387	3	142
388	3	104
390	3	4
390	3	87
390	3	104
392	3	4
392	3	63
393	3	26
393	3	39
394	3	2
395	3	13
395	3	213
396	3	2
397	3	2
397	3	4
397	3	104
398	3	46
398	3	66
398	3	131
398	3	157
400	3	2
400	3	17
401	3	11
401	3	26
401	3	89
401	3	114
406	3	33
407	3	13
407	3	39
407	3	157
409	3	4
409	3	54
410	3	17
410	3	33
410	3	39
410	3	157
415	3	4
416	3	27
416	3	64
416	3	65
416	3	67
416	3	101
416	3	168
416	3	172
416	3	182
416	3	222
416	3	239
420	3	4
420	3	36
420	3	76
420	3	85
420	3	182
423	3	13
423	3	33
423	3	59
423	3	66
423	3	219
423	3	222
423	3	286
424	3	2
426	3	104
427	3	104
428	3	39
428	3	66
428	3	109
429	3	66
429	3	91
429	3	95
432	3	2
432	3	26
432	3	87
432	3	131
433	3	26
433	3	39
433	3	157
434	3	43
434	3	64
434	3	156
435	3	2
435	3	39
435	3	66
435	3	90
437	3	3
440	3	114
444	3	104
444	3	131
444	3	222
445	3	48
445	3	80
445	3	232
447	3	114
449	3	4
449	3	34
449	3	48
449	3	160
452	3	36
456	3	26
456	3	33
456	3	116
456	3	160
456	3	178
456	3	303
463	3	63
463	3	76
463	3	104
464	3	33
464	3	54
464	3	76
464	3	91
464	3	120
470	3	104
475	3	34
475	3	40
475	3	64
475	3	66
475	3	67
475	3	186
475	3	233
478	3	114
480	3	4
480	3	63
481	3	40
482	3	3
482	3	46
482	3	66
482	3	91
482	3	104
482	3	111
482	3	124
483	3	67
484	3	2
485	3	13
486	3	2
486	3	17
486	3	40
486	3	67
486	3	90
487	3	3
487	3	34
487	3	39
487	3	46
487	3	63
487	3	157
487	3	182
487	3	283
488	3	27
488	3	66
488	3	86
488	3	104
488	3	184
488	3	309
491	3	66
492	3	55
492	3	56
492	3	59
492	3	77
492	3	104
492	3	107
492	3	160
492	3	182
492	3	213
492	3	286
492	3	291
493	3	63
494	3	10
494	3	64
494	3	160
494	3	293
494	3	317
495	3	26
495	3	39
495	3	104
495	3	138
497	3	54
497	3	55
497	3	63
497	3	64
497	3	87
497	3	114
497	3	125
497	3	131
498	3	13
499	3	33
499	3	76
500	3	13
500	3	36
500	3	131
500	3	160
502	3	2
504	3	13
505	3	27
506	3	2
506	3	66
506	3	104
506	3	154
507	3	225
508	3	39
508	3	131
508	3	160
510	3	2
510	3	33
510	3	36
510	3	96
510	3	182
511	3	104
512	3	11
512	3	30
512	3	66
513	3	30
513	3	86
513	3	87
513	3	114
513	3	144
513	3	184
513	3	242
513	3	251
515	3	10
515	3	36
515	3	39
515	3	40
515	3	48
515	3	91
515	3	104
515	3	131
515	3	160
517	3	13
517	3	33
519	3	35
519	3	63
521	3	20
521	3	27
521	3	40
521	3	63
521	3	90
521	3	111
521	3	126
521	3	156
521	3	157
521	3	221
521	3	262
522	3	66
523	3	39
524	3	30
524	3	36
525	3	63
526	3	10
526	3	213
526	3	314
532	3	66
533	3	30
533	3	39
533	3	57
533	3	156
534	3	4
537	3	26
537	3	48
537	3	66
537	3	123
537	3	160
538	3	27
538	3	34
538	3	87
538	3	105
538	3	114
538	3	126
538	3	131
538	3	142
538	3	157
542	3	205
543	3	2
544	3	10
544	3	11
544	3	39
544	3	54
544	3	65
544	3	67
544	3	122
544	3	144
544	3	160
544	3	182
546	3	18
546	3	63
546	3	91
547	3	57
548	3	10
548	3	17
548	3	33
548	3	39
548	3	157
552	3	91
552	3	156
552	3	164
553	3	40
556	3	33
559	3	87
559	3	171
561	3	13
561	3	30
561	3	150
561	3	213
561	3	311
562	3	108
562	3	144
562	3	212
564	3	48
564	3	90
564	3	104
564	3	138
570	3	26
570	3	30
570	3	182
573	3	2
573	3	4
573	3	33
575	3	154
577	3	142
577	3	318
580	3	4
580	3	66
580	3	182
580	3	221
581	3	142
581	3	182
582	3	4
582	3	13
582	3	33
582	3	39
582	3	46
583	3	104
584	3	30
585	3	7
585	3	26
585	3	48
585	3	53
585	3	64
585	3	67
585	3	145
585	3	319
591	3	104
591	3	212
593	3	18
593	3	36
593	3	40
593	3	80
593	3	104
593	3	114
593	3	138
593	3	142
593	3	154
593	3	237
594	3	2
594	3	13
594	3	66
594	3	182
595	3	2
595	3	26
595	3	39
595	3	95
595	3	104
595	3	109
596	3	66
596	3	76
596	3	100
596	3	114
596	3	120
596	3	131
596	3	196
597	3	3
597	3	27
597	3	38
597	3	63
597	3	91
597	3	114
597	3	126
597	3	145
597	3	215
597	3	232
598	3	2
598	3	39
600	3	48
600	3	97
600	3	182
601	3	10
601	3	55
604	3	13
604	3	30
604	3	33
604	3	67
604	3	87
604	3	142
604	3	230
606	3	18
606	3	34
606	3	39
606	3	90
606	3	101
606	3	120
606	3	150
611	3	26
612	3	18
612	3	30
612	3	54
612	3	91
612	3	160
614	3	11
617	3	104
618	3	4
619	3	39
620	3	40
623	3	13
623	3	17
624	3	2
624	3	13
624	3	33
624	3	39
624	3	46
624	3	139
625	3	30
625	3	222
627	3	46
629	3	66
630	3	34
630	3	40
630	3	59
630	3	122
630	3	160
630	3	172
632	3	26
632	3	30
632	3	34
632	3	36
632	3	38
632	3	48
632	3	85
632	3	104
632	3	157
632	3	164
632	3	236
634	3	53
634	3	54
634	3	80
634	3	114
634	3	160
635	3	2
635	3	4
635	3	7
635	3	66
635	3	76
635	3	104
635	3	108
642	3	3
642	3	52
642	3	74
642	3	221
642	3	306
645	3	4
646	3	2
646	3	66
646	3	282
647	3	3
647	3	36
647	3	48
647	3	66
648	3	2
648	3	39
648	3	65
648	3	66
648	3	160
649	3	4
651	3	4
651	3	66
651	3	75
651	3	182
652	3	2
653	3	26
653	3	66
654	3	2
654	3	10
654	3	38
654	3	54
654	3	80
654	3	89
654	3	90
654	3	111
654	3	131
654	3	142
654	3	159
654	3	164
654	3	251
654	3	293
654	3	312
657	3	13
657	3	33
657	3	59
657	3	66
657	3	70
657	3	74
657	3	87
657	3	101
657	3	104
658	3	26
658	3	54
658	3	87
658	3	90
658	3	295
659	3	90
660	3	30
660	3	66
660	3	120
662	3	33
662	3	104
662	3	265
663	3	4
663	3	52
664	3	46
665	3	30
668	3	4
668	3	25
668	3	150
668	3	182
668	3	219
668	3	222
668	3	313
668	3	317
671	3	2
673	3	2
673	3	13
673	3	66
673	3	182
677	3	13
677	3	30
677	3	46
677	3	53
677	3	114
677	3	142
677	3	160
677	3	280
677	3	304
677	3	308
679	3	30
679	3	43
679	3	91
679	3	160
680	3	2
680	3	4
681	3	4
682	3	104
682	3	225
684	3	26
685	3	4
686	3	2
686	3	290
687	3	7
687	3	26
687	3	30
687	3	53
687	3	57
687	3	58
687	3	114
687	3	139
687	3	304
690	3	33
696	3	57
698	3	4
698	3	30
698	3	58
698	3	66
700	3	11
700	3	26
700	3	35
700	3	36
700	3	46
700	3	57
700	3	80
700	3	87
700	3	135
700	3	304
700	3	322
704	3	2
705	3	46
707	3	2
707	3	39
707	3	104
707	3	125
709	3	26
709	3	39
709	3	65
709	3	85
709	3	104
709	3	114
709	3	120
709	3	126
709	3	131
709	3	160
709	3	298
710	3	4
710	3	7
710	3	18
710	3	26
710	3	33
710	3	66
710	3	104
711	3	46
711	3	150
719	3	4
719	3	66
719	3	87
721	3	63
722	3	46
722	3	59
722	3	104
724	3	104
726	3	17
726	3	104
726	3	182
726	3	213
728	3	2
728	3	13
728	3	54
728	3	89
728	3	104
728	3	256
728	3	287
730	3	66
731	3	59
731	3	66
731	3	104
731	3	222
732	3	46
732	3	91
732	3	229
734	3	18
735	3	10
735	3	34
735	3	104
739	3	13
740	3	10
740	3	104
740	3	150
740	3	157
741	3	160
742	3	74
743	3	3
743	3	4
743	3	27
743	3	33
743	3	39
743	3	46
743	3	55
743	3	66
743	3	87
743	3	144
743	3	185
745	3	4
745	3	76
745	3	182
746	3	4
746	3	13
746	3	17
747	3	7
749	3	4
752	3	2
752	3	30
752	3	66
752	3	104
752	3	195
754	3	4
754	3	46
757	3	123
759	3	104
760	3	39
760	3	53
760	3	66
760	3	101
760	3	131
761	3	11
761	3	13
761	3	26
761	3	36
761	3	104
761	3	126
761	3	160
761	3	193
762	3	4
762	3	33
762	3	104
762	3	182
762	3	213
763	3	4
763	3	27
763	3	33
763	3	104
763	3	131
763	3	182
763	3	230
764	3	13
764	3	26
764	3	104
765	3	17
765	3	39
765	3	46
765	3	57
765	3	184
765	3	265
766	3	25
766	3	76
766	3	80
766	3	85
766	3	87
766	3	107
766	3	108
766	3	114
766	3	213
766	3	215
766	3	232
766	3	237
766	3	265
766	3	294
766	3	295
766	3	307
769	3	66
770	3	2
770	3	39
770	3	59
770	3	63
770	3	154
770	3	219
772	3	33
772	3	39
772	3	90
772	3	104
772	3	114
772	3	156
772	3	168
772	3	172
773	3	3
773	3	4
774	3	4
775	3	124
776	3	3
776	3	7
776	3	26
776	3	53
776	3	57
776	3	62
776	3	85
776	3	104
776	3	315
778	3	2
778	3	4
778	3	17
778	3	40
778	3	67
778	3	90
779	3	13
779	3	46
779	3	54
780	3	2
784	3	3
784	3	11
784	3	26
784	3	34
784	3	36
784	3	40
784	3	57
784	3	61
784	3	66
784	3	105
784	3	142
784	3	208
787	3	34
790	3	66
790	3	104
794	3	39
797	3	30
797	3	46
797	3	80
797	3	104
797	3	114
797	3	182
798	3	26
798	3	58
798	3	105
799	3	54
800	3	39
801	3	39
801	3	59
801	3	66
801	3	67
801	3	104
801	3	160
801	3	227
803	3	33
805	3	17
805	3	39
805	3	58
805	3	89
805	3	104
805	3	182
805	3	198
808	3	2
810	3	13
810	3	27
810	3	33
810	3	39
810	3	54
810	3	55
810	3	66
810	3	76
810	3	160
810	3	184
810	3	193
810	3	229
810	3	315
813	3	3
813	3	182
813	3	296
814	3	11
815	3	13
816	3	296
817	3	7
817	3	66
817	3	182
820	3	33
820	3	58
820	3	59
820	3	66
820	3	219
820	3	222
820	3	286
821	3	2
821	3	30
821	3	66
821	3	87
821	3	101
821	3	104
821	3	160
822	3	30
822	3	64
822	3	74
823	3	3
824	3	66
828	3	18
828	3	58
828	3	61
828	3	91
828	3	160
828	3	172
829	3	2
829	3	17
829	3	43
829	3	80
829	3	104
830	3	2
830	3	3
830	3	27
830	3	33
830	3	46
830	3	76
830	3	101
830	3	235
832	3	3
832	3	4
832	3	13
832	3	33
832	3	46
832	3	56
832	3	66
832	3	89
832	3	109
832	3	131
834	3	52
835	3	34
835	3	39
835	3	48
835	3	66
836	3	2
836	3	104
837	3	17
837	3	34
837	3	66
837	3	90
837	3	111
839	3	225
843	3	2
843	3	26
843	3	231
844	3	39
844	3	104
844	3	114
844	3	282
846	3	2
846	3	4
846	3	13
846	3	66
846	3	90
847	3	46
847	3	66
848	3	57
849	3	48
850	3	39
852	3	4
852	3	25
852	3	46
852	3	54
852	3	114
852	3	150
852	3	237
853	3	182
855	3	33
856	3	2
856	3	109
858	3	2
859	3	3
859	3	10
859	3	20
859	3	26
859	3	36
859	3	67
859	3	108
859	3	157
859	3	182
859	3	236
859	3	283
863	3	182
864	3	46
864	3	157
867	3	4
867	3	30
867	3	58
867	3	66
873	3	13
873	3	30
873	3	34
873	3	40
873	3	61
873	3	66
873	3	91
873	3	123
873	3	182
873	3	293
874	3	3
874	3	39
874	3	46
874	3	91
874	3	104
874	3	111
874	3	124
875	3	2
876	3	3
876	3	36
876	3	39
876	3	53
876	3	64
876	3	70
876	3	131
879	3	4
879	3	46
882	3	10
882	3	46
882	3	63
883	3	225
885	3	66
885	3	160
885	3	193
886	3	2
887	3	112
890	3	10
890	3	13
890	3	29
890	3	30
890	3	55
890	3	65
890	3	66
890	3	67
890	3	75
890	3	160
890	3	251
890	3	284
892	3	104
893	3	76
893	3	131
893	3	144
893	3	156
893	3	182
896	3	184
897	3	4
898	3	66
899	3	13
899	3	39
899	3	160
902	3	4
903	3	33
903	3	54
903	3	90
903	3	104
903	3	285
904	3	13
907	3	10
907	3	53
907	3	62
907	3	74
907	3	89
907	3	104
907	3	160
910	3	2
910	3	13
910	3	26
910	3	30
910	3	104
915	3	2
915	3	56
918	3	57
919	3	4
921	3	66
921	3	131
921	3	144
926	3	17
926	3	66
930	3	10
930	3	104
931	3	11
931	3	39
931	3	104
931	3	213
931	3	227
931	3	281
934	3	10
937	3	3
937	3	157
938	3	54
938	3	67
938	3	112
938	3	157
938	3	182
938	3	283
939	3	4
939	3	30
940	3	2
940	3	4
940	3	7
941	3	66
942	3	30
942	3	33
942	3	57
942	3	64
942	3	67
942	3	104
942	3	144
942	3	156
942	3	160
942	3	168
943	3	2
947	3	4
947	3	10
947	3	30
947	3	63
947	3	101
947	3	104
949	3	46
950	3	39
950	3	66
950	3	104
950	3	125
950	3	131
950	3	160
951	3	66
951	3	182
953	3	7
953	3	17
953	3	105
953	3	126
953	3	131
953	3	139
953	3	200
953	3	237
953	3	297
953	3	301
953	3	317
953	3	320
953	3	321
955	3	26
955	3	66
957	3	30
957	3	54
957	3	87
957	3	104
957	3	164
957	3	229
958	3	27
958	3	36
958	3	65
958	3	66
958	3	104
959	3	2
960	3	65
960	3	104
961	3	39
962	3	4
962	3	26
962	3	38
962	3	39
962	3	40
962	3	55
962	3	66
964	3	46
965	3	39
968	3	13
971	3	2
973	3	11
973	3	13
973	3	36
973	3	38
973	3	104
973	3	135
973	3	156
973	3	193
973	3	232
975	3	231
976	3	4
977	3	33
977	3	104
979	3	46
981	3	122
981	3	144
982	3	4
984	3	40
987	3	39
989	3	26
989	3	30
989	3	46
989	3	59
989	3	91
989	3	114
989	3	131
992	3	27
992	3	54
992	3	63
992	3	76
992	3	80
992	3	87
992	3	111
992	3	150
992	3	157
992	3	195
992	3	222
992	3	232
992	3	317
997	3	66
998	3	90
999	3	33
999	3	108
1000	3	54
1000	3	59
1000	3	64
1000	3	74
1000	3	191
1001	3	38
1001	3	61
1001	3	66
1001	3	75
1001	3	109
1001	3	124
1001	3	227
1001	3	235
1001	3	317
1003	3	4
1003	3	39
1003	3	66
1006	3	2
1006	3	13
1006	3	46
1006	3	66
1006	3	104
1009	3	7
1009	3	104
1012	3	13
1012	3	27
1012	3	57
1012	3	89
1015	3	13
1015	3	26
1015	3	64
1015	3	66
1015	3	245
1016	3	4
1016	3	65
1016	3	104
1017	3	18
1017	3	26
1017	3	30
1017	3	39
1017	3	91
1017	3	160
1017	3	162
1017	3	281
1018	3	4
1019	3	2
1019	3	36
1019	3	39
1019	3	40
1019	3	57
1019	3	64
1019	3	85
1019	3	171
1019	3	184
1019	3	213
1021	3	13
1021	3	30
1023	3	3
1023	3	4
1023	3	17
1023	3	26
1023	3	39
1023	3	46
1023	3	67
1023	3	89
1024	3	30
1024	3	85
1024	3	91
1024	3	160
1025	3	39
1026	3	13
1026	3	33
1026	3	52
1026	3	54
1026	3	57
1026	3	80
1027	3	28
1027	3	30
1027	3	39
1027	3	58
1027	3	59
1027	3	89
1027	3	104
1027	3	114
1027	3	211
1029	3	4
1029	3	13
1029	3	36
1029	3	90
1029	3	299
1029	3	302
1030	3	17
1032	3	66
1032	3	131
1033	3	18
1033	3	26
1033	3	39
1033	3	91
1033	3	160
1035	3	10
1035	3	39
1036	3	26
1036	3	288
1040	3	2
1041	3	20
1041	3	36
1041	3	67
1041	3	109
1041	3	112
1041	3	145
1041	3	159
1041	3	182
1041	3	212
1041	3	283
1042	3	4
1042	3	108
1043	3	39
1043	3	58
1043	3	66
1047	3	33
1047	3	39
1047	3	157
1047	3	283
1048	3	125
1048	3	160
1049	3	4
1049	3	7
1049	3	13
1049	3	33
1049	3	59
1049	3	90
1049	3	131
1049	3	282
1051	3	63
1051	3	65
1051	3	66
1052	3	131
1054	3	33
1054	3	39
1054	3	104
1055	3	63
1056	3	58
1058	3	66
1059	3	13
1059	3	33
1059	3	39
1059	3	54
1059	3	66
1059	3	67
1059	3	104
1059	3	144
1061	3	26
1061	3	48
1061	3	115
1063	3	38
1063	3	39
1063	3	58
1063	3	160
1063	3	164
1063	3	193
1063	3	208
1065	3	4
1065	3	39
1066	3	18
1066	3	48
1066	3	59
1066	3	91
1066	3	109
1066	3	160
1066	3	288
1067	3	10
1067	3	11
1067	3	17
1067	3	27
1067	3	28
1067	3	59
1067	3	65
1067	3	91
1067	3	104
1067	3	131
1067	3	182
1067	3	193
1067	3	263
1070	3	2
1070	3	11
1070	3	13
1070	3	57
1070	3	263
1071	3	39
1071	3	186
1074	3	3
1074	3	28
1074	3	29
1074	3	52
1074	3	55
1074	3	59
1074	3	104
1074	3	182
1074	3	229
1077	3	10
1077	3	33
1077	3	46
1077	3	59
1077	3	67
1077	3	86
1077	3	167
1077	3	222
1077	3	227
1077	3	281
1080	3	2
1080	3	13
1082	3	13
1085	3	26
1085	3	36
1085	3	39
1085	3	56
1085	3	66
1085	3	89
1085	3	109
1085	3	144
1085	3	171
1085	3	233
1085	3	290
1086	3	59
1086	3	66
1086	3	104
1086	3	193
1086	3	222
1087	3	4
1087	3	126
1088	3	33
1089	3	3
1089	3	4
1089	3	20
1089	3	26
1089	3	27
1089	3	55
1089	3	85
1089	3	87
1089	3	171
1091	3	11
1091	3	26
1091	3	39
1091	3	61
1091	3	76
1091	3	104
1092	3	36
1092	3	74
1092	3	76
1092	3	156
1092	3	221
1092	3	222
1092	3	310
1093	3	66
1093	3	89
1093	3	122
1093	3	171
1093	3	251
1097	3	2
1097	3	164
1098	3	2
1098	3	30
1098	3	39
1098	3	57
1098	3	156
1098	3	193
1102	3	4
1103	3	11
1103	3	13
1103	3	46
1103	3	160
1105	3	4
1105	3	39
1106	3	33
1107	3	2
1110	3	104
1111	3	11
1111	3	36
1111	3	46
1111	3	66
1111	3	131
1111	3	172
1111	3	193
1111	3	316
1113	3	40
1114	3	4
1114	3	13
1114	3	17
1118	3	4
1118	3	36
1118	3	40
1118	3	46
1118	3	66
1118	3	76
1118	3	87
1118	3	100
1118	3	103
1118	3	111
1118	3	182
1118	3	281
1119	3	2
1121	3	4
1121	3	13
1121	3	26
1121	3	66
1121	3	160
1122	3	4
1123	3	4
1123	3	13
1123	3	39
1123	3	59
1123	3	66
1123	3	87
1123	3	114
1126	3	33
1126	3	54
1126	3	66
1126	3	104
1126	3	160
1127	3	13
1127	3	17
1127	3	26
1127	3	30
1127	3	63
1127	3	90
1127	3	105
1128	3	2
1128	3	54
1128	3	76
1128	3	104
1128	3	120
1128	3	160
1128	3	182
1135	3	2
1135	3	39
1135	3	40
1135	3	318
1136	3	30
1136	3	66
1136	3	104
1138	3	4
1138	3	17
1138	3	58
1138	3	89
1139	3	4
1140	3	30
1140	3	43
1140	3	85
1140	3	91
1140	3	160
1143	3	66
1143	3	104
1145	3	4
1147	3	2
1147	3	39
1149	3	3
1149	3	53
1149	3	64
1149	3	91
1149	3	104
1149	3	142
1149	3	222
1151	3	2
1151	3	39
1151	3	96
1151	3	104
1154	3	17
1160	3	10
1160	3	39
1160	3	40
1160	3	66
1160	3	76
1160	3	111
1160	3	114
1160	3	281
1160	3	299
1161	3	10
1161	3	26
1161	3	27
1161	3	33
1161	3	34
1161	3	36
1161	3	38
1161	3	67
1161	3	90
1161	3	112
1161	3	131
1161	3	164
1161	3	182
1161	3	215
1161	3	280
1161	3	283
1161	3	300
1	0	374
7	0	374
8	0	374
11	0	374
15	0	374
19	0	374
59	0	374
62	0	374
324	0	374
5	0	375
8	0	375
19	0	375
45	0	375
142	0	375
184	0	375
237	0	375
41	0	376
8	0	379
84	0	379
92	0	379
5	0	382
8	0	382
12	0	382
19	0	382
31	0	382
36	0	382
38	0	382
45	0	382
47	0	382
48	0	382
78	0	382
102	0	382
106	0	382
118	0	382
125	0	382
45	0	384
5	0	385
8	0	386
5	0	387
8	0	387
15	0	387
19	0	387
45	0	387
90	0	387
185	0	387
8	0	388
39	0	388
3	0	390
5	0	390
8	0	390
19	0	390
31	0	390
47	0	390
41	0	391
2	0	392
8	0	392
47	0	392
45	0	393
90	0	393
5	0	394
8	0	394
182	0	394
8	0	395
31	0	395
34	0	395
8	0	396
8	0	397
45	0	397
0	0	398
5	0	398
8	0	398
94	0	398
182	0	399
8	0	400
45	0	400
8	0	401
161	0	401
0	0	402
84	0	402
2	0	404
8	0	404
45	0	404
8	0	405
2	0	406
5	0	407
8	0	407
12	0	407
15	0	407
19	0	407
32	0	407
41	0	407
49	0	407
63	0	407
82	0	407
90	0	407
106	0	407
153	0	407
276	0	407
5	0	408
8	0	408
31	0	408
39	0	408
47	0	408
278	0	408
8	0	409
1	0	410
5	0	410
8	0	410
19	0	410
45	0	410
49	0	410
120	0	410
58	0	413
1	0	414
2	0	414
8	0	414
31	0	414
45	0	414
8	0	415
45	0	415
1	0	416
5	0	416
8	0	416
15	0	416
19	0	416
20	0	416
42	0	416
45	0	416
47	0	416
49	0	416
55	0	416
60	0	416
62	0	416
89	0	416
153	0	416
160	0	416
181	0	416
242	0	416
247	0	416
249	0	416
8	0	418
8	0	419
39	0	419
0	0	420
5	0	420
8	0	420
9	0	420
26	0	420
40	0	420
42	0	420
45	0	420
49	0	420
62	0	420
0	0	423
1	0	423
5	0	423
8	0	423
19	0	423
41	0	423
42	0	423
45	0	423
49	0	423
112	0	423
158	0	423
163	0	423
0	0	424
1	0	424
5	0	424
15	0	424
37	0	424
39	0	424
45	0	424
49	0	424
51	0	424
66	0	424
228	0	424
363	0	424
5	0	425
45	0	425
47	0	425
49	0	426
31	0	427
5	0	428
8	0	428
19	0	428
24	0	428
30	0	428
31	0	428
34	0	428
41	0	428
45	0	428
84	0	428
85	0	428
90	0	428
234	0	428
278	0	428
5	0	429
8	0	429
19	0	429
36	0	429
47	0	429
54	0	429
82	0	429
84	0	429
104	0	429
153	0	429
250	0	429
5	0	430
5	0	432
8	0	432
15	0	432
31	0	432
45	0	432
47	0	432
88	0	432
145	0	432
5	0	433
8	0	433
15	0	433
8	0	434
45	0	434
5	0	435
8	0	435
40	0	435
45	0	435
47	0	435
107	0	435
126	0	435
8	0	436
45	0	436
19	0	437
49	0	438
66	0	438
8	0	439
184	0	439
213	0	439
5	0	440
8	0	440
42	0	440
45	0	440
47	0	440
153	0	440
45	0	443
1	0	444
2	0	444
5	0	444
8	0	444
31	0	444
45	0	444
65	0	444
66	0	444
92	0	444
160	0	444
161	0	444
5	0	445
8	0	445
47	0	445
8	0	447
51	0	447
8	0	449
100	0	449
0	0	450
5	0	450
8	0	450
12	0	450
31	0	450
42	0	450
47	0	450
49	0	450
92	0	450
183	0	450
21	0	451
79	0	451
8	0	452
4	0	453
5	0	454
90	0	455
0	0	456
5	0	456
8	0	456
10	0	456
19	0	456
31	0	456
34	0	456
38	0	456
39	0	456
45	0	456
83	0	456
84	0	456
118	0	456
181	0	456
184	0	456
187	0	456
198	0	456
210	0	456
258	0	456
276	0	456
19	0	460
49	0	460
234	0	460
8	0	461
84	0	461
5	0	463
19	0	463
31	0	463
45	0	463
110	0	463
1	0	464
5	0	464
8	0	464
15	0	464
19	0	464
49	0	464
85	0	464
125	0	464
234	0	466
2	0	468
8	0	473
19	0	473
34	0	473
47	0	473
8	0	474
5	0	475
9	0	475
31	0	475
45	0	475
47	0	475
63	0	475
276	0	476
5	0	477
49	0	477
1	0	480
13	0	480
15	0	481
0	0	482
1	0	482
5	0	482
8	0	482
9	0	482
37	0	482
42	0	482
45	0	482
49	0	482
54	0	482
106	0	482
149	0	482
153	0	482
231	0	482
19	0	483
5	0	484
8	0	484
19	0	484
45	0	484
5	0	486
8	0	486
15	0	486
19	0	486
33	0	486
38	0	486
39	0	486
47	0	486
106	0	486
209	0	486
0	0	487
1	0	487
5	0	487
8	0	487
12	0	487
15	0	487
31	0	487
32	0	487
41	0	487
45	0	487
47	0	487
49	0	487
87	0	487
92	0	487
105	0	487
106	0	487
149	0	487
153	0	487
209	0	487
210	0	487
224	0	487
234	0	487
252	0	487
1	0	488
5	0	488
8	0	488
9	0	488
19	0	488
23	0	488
26	0	488
31	0	488
39	0	488
42	0	488
44	0	488
45	0	488
47	0	488
48	0	488
51	0	488
57	0	488
62	0	488
79	0	488
82	0	488
129	0	488
134	0	488
157	0	488
163	0	488
164	0	488
182	0	488
328	0	488
92	0	489
0	0	492
1	0	492
5	0	492
6	0	492
8	0	492
12	0	492
15	0	492
19	0	492
20	0	492
31	0	492
45	0	492
46	0	492
47	0	492
49	0	492
88	0	492
129	0	492
149	0	492
202	0	492
207	0	492
209	0	492
222	0	492
289	0	492
45	0	493
1	0	494
5	0	494
6	0	494
8	0	494
11	0	494
15	0	494
19	0	494
24	0	494
31	0	494
38	0	494
41	0	494
45	0	494
47	0	494
49	0	494
57	0	494
61	0	494
66	0	494
82	0	494
92	0	494
99	0	494
106	0	494
110	0	494
114	0	494
149	0	494
163	0	494
172	0	494
202	0	494
215	0	494
235	0	494
5	0	495
49	0	495
84	0	495
90	0	495
161	0	495
186	0	495
355	0	495
5	0	497
8	0	497
31	0	497
40	0	497
45	0	497
48	0	497
53	0	497
76	0	497
123	0	497
145	0	497
163	0	497
209	0	497
278	0	497
341	0	497
42	0	498
5	0	499
8	0	499
29	0	499
45	0	499
46	0	499
102	0	499
5	0	500
8	0	500
15	0	500
17	0	500
19	0	500
30	0	500
45	0	500
49	0	500
60	0	500
61	0	500
84	0	500
85	0	500
122	0	500
5	0	503
15	0	503
21	0	503
45	0	503
47	0	503
51	0	503
108	0	503
182	0	503
2	0	504
5	0	504
8	0	505
13	0	505
5	0	506
8	0	506
42	0	506
57	0	506
118	0	506
5	0	507
47	0	507
51	0	507
1	0	508
5	0	508
8	0	508
15	0	508
19	0	508
40	0	508
45	0	508
47	0	508
49	0	508
66	0	508
92	0	508
127	0	508
0	0	510
8	0	510
15	0	510
16	0	510
34	0	510
37	0	510
47	0	510
150	0	510
217	0	510
234	0	510
5	0	512
8	0	512
47	0	512
134	0	512
234	0	512
1	0	513
5	0	513
6	0	513
8	0	513
15	0	513
16	0	513
19	0	513
24	0	513
27	0	513
31	0	513
35	0	513
37	0	513
42	0	513
45	0	513
47	0	513
49	0	513
92	0	513
94	0	513
110	0	513
117	0	513
118	0	513
125	0	513
129	0	513
149	0	513
160	0	513
163	0	513
164	0	513
196	0	513
218	0	513
223	0	513
257	0	513
273	0	513
278	0	513
371	0	513
5	0	514
1	0	515
5	0	515
8	0	515
9	0	515
12	0	515
15	0	515
19	0	515
45	0	515
84	0	515
94	0	515
255	0	515
2	0	516
8	0	516
5	0	517
8	0	517
31	0	517
39	0	517
45	0	517
54	0	517
8	0	518
45	0	518
5	0	519
8	0	519
45	0	519
47	0	519
5	0	520
0	0	521
1	0	521
5	0	521
8	0	521
12	0	521
15	0	521
16	0	521
19	0	521
31	0	521
39	0	521
45	0	521
48	0	521
87	0	521
160	0	521
5	0	522
8	0	522
1	0	524
2	0	524
15	0	524
42	0	524
4	0	525
5	0	525
8	0	525
15	0	525
19	0	525
45	0	525
1	0	526
5	0	526
8	0	526
19	0	526
28	0	526
31	0	526
43	0	526
45	0	526
47	0	526
125	0	526
328	0	526
5	0	527
8	0	527
45	0	529
5	0	531
8	0	531
150	0	531
3	0	532
8	0	532
49	0	532
161	0	532
0	0	533
1	0	533
8	0	533
12	0	533
15	0	533
23	0	533
37	0	533
44	0	533
45	0	533
49	0	533
82	0	533
83	0	533
88	0	533
94	0	533
176	0	533
237	0	533
328	0	533
5	0	534
5	0	535
19	0	536
49	0	536
234	0	536
1	0	537
4	0	537
5	0	537
8	0	537
10	0	537
15	0	537
21	0	537
45	0	537
49	0	537
161	0	537
0	0	538
1	0	538
5	0	538
6	0	538
8	0	538
15	0	538
16	0	538
19	0	538
24	0	538
31	0	538
42	0	538
45	0	538
47	0	538
63	0	538
74	0	538
84	0	538
88	0	538
94	0	538
108	0	538
124	0	538
149	0	538
153	0	538
253	0	538
305	0	538
5	0	540
45	0	541
0	0	544
1	0	544
5	0	544
8	0	544
19	0	544
30	0	544
31	0	544
45	0	544
57	0	544
61	0	544
64	0	544
102	0	544
104	0	544
116	0	544
124	0	544
129	0	544
148	0	544
189	0	544
246	0	544
341	0	544
1	0	546
5	0	546
8	0	546
11	0	546
15	0	546
19	0	546
39	0	546
45	0	546
110	0	546
114	0	546
324	0	546
1	0	547
8	0	547
16	0	547
19	0	547
1	0	548
5	0	548
8	0	548
19	0	548
30	0	548
45	0	548
49	0	548
4	0	551
263	0	551
5	0	552
8	0	552
14	0	552
19	0	552
45	0	552
49	0	552
234	0	552
1	0	555
19	0	557
49	0	557
234	0	557
0	0	559
5	0	559
6	0	559
8	0	559
9	0	559
12	0	559
15	0	559
37	0	559
39	0	559
45	0	559
49	0	559
62	0	559
66	0	559
106	0	559
160	0	559
240	0	559
5	0	561
8	0	561
15	0	561
19	0	561
21	0	561
31	0	561
45	0	561
46	0	561
47	0	561
85	0	561
182	0	561
5	0	562
8	0	562
31	0	562
39	0	562
40	0	562
45	0	562
49	0	562
209	0	562
5	0	563
8	0	563
45	0	564
58	0	564
8	0	570
1	0	573
5	0	573
8	0	573
45	0	573
47	0	573
110	0	575
8	0	576
15	0	576
63	0	576
5	0	577
8	0	577
15	0	577
45	0	577
165	0	577
259	0	577
31	0	578
92	0	578
5	0	580
8	0	580
15	0	580
45	0	580
234	0	580
8	0	581
1	0	582
5	0	582
8	0	582
15	0	582
45	0	582
258	0	582
276	0	582
1	0	584
8	0	584
49	0	584
0	0	585
5	0	585
6	0	585
8	0	585
9	0	585
15	0	585
19	0	585
33	0	585
37	0	585
45	0	585
47	0	585
57	0	585
63	0	585
65	0	585
82	0	585
84	0	585
88	0	585
102	0	585
104	0	585
106	0	585
116	0	585
118	0	585
160	0	585
181	0	585
223	0	585
252	0	585
260	0	585
8	0	590
5	0	591
8	0	591
15	0	591
31	0	591
45	0	591
181	0	591
1	0	593
5	0	593
8	0	593
19	0	593
31	0	593
42	0	593
45	0	593
47	0	593
49	0	593
61	0	593
88	0	593
144	0	593
181	0	593
187	0	593
215	0	593
263	0	593
364	0	593
1	0	594
8	0	594
37	0	594
5	0	595
8	0	595
19	0	595
45	0	595
58	0	595
63	0	595
152	0	595
1	0	596
4	0	596
5	0	596
8	0	596
19	0	596
28	0	596
30	0	596
45	0	596
47	0	596
49	0	596
57	0	596
104	0	596
181	0	596
187	0	596
263	0	596
349	0	596
364	0	596
0	0	597
1	0	597
5	0	597
8	0	597
36	0	597
40	0	597
45	0	597
47	0	597
49	0	597
57	0	597
59	0	597
61	0	597
82	0	597
83	0	597
84	0	597
118	0	597
124	0	597
134	0	597
164	0	597
202	0	597
227	0	597
61	0	599
8	0	600
45	0	600
84	0	600
85	0	600
1	0	601
5	0	601
8	0	601
15	0	601
16	0	601
31	0	601
37	0	601
39	0	601
45	0	601
67	0	601
129	0	601
234	0	602
5	0	603
8	0	603
45	0	603
47	0	603
102	0	603
257	0	603
1	0	604
5	0	604
8	0	604
12	0	604
15	0	604
19	0	604
39	0	604
45	0	604
47	0	604
49	0	604
92	0	604
107	0	604
114	0	604
2	0	605
127	0	605
1	0	606
5	0	606
8	0	606
19	0	606
31	0	606
45	0	606
46	0	606
47	0	606
54	0	606
59	0	606
64	0	606
85	0	606
87	0	606
102	0	606
110	0	606
163	0	606
167	0	606
222	0	606
252	0	606
5	0	607
8	0	610
45	0	610
1	0	612
5	0	612
8	0	612
15	0	612
19	0	612
33	0	612
45	0	612
47	0	612
107	0	612
118	0	612
145	0	612
324	0	612
5	0	613
13	0	613
114	0	613
5	0	621
8	0	621
45	0	621
51	0	621
160	0	622
2	0	623
8	0	623
9	0	623
19	0	623
45	0	623
47	0	623
79	0	623
104	0	623
109	0	623
123	0	623
0	0	624
8	0	624
31	0	624
42	0	624
45	0	624
49	0	624
88	0	624
104	0	624
182	0	624
1	0	625
3	0	625
5	0	625
8	0	625
19	0	625
45	0	625
47	0	625
81	0	625
102	0	625
111	0	625
118	0	625
254	0	625
363	0	625
8	0	626
1	0	627
8	0	627
31	0	627
90	0	627
8	0	628
8	0	629
0	0	630
3	0	630
5	0	630
8	0	630
15	0	630
19	0	630
21	0	630
31	0	630
45	0	630
47	0	630
65	0	630
92	0	630
102	0	630
106	0	630
124	0	630
129	0	630
253	0	630
271	0	630
5	0	632
8	0	632
13	0	632
15	0	632
31	0	632
45	0	632
57	0	632
59	0	632
88	0	632
92	0	632
149	0	632
152	0	632
160	0	632
182	0	632
185	0	632
118	0	633
5	0	634
6	0	634
8	0	634
15	0	634
19	0	634
28	0	634
31	0	634
37	0	634
45	0	634
49	0	634
58	0	634
64	0	634
126	0	634
161	0	634
181	0	634
189	0	634
229	0	634
234	0	634
245	0	634
341	0	634
364	0	634
8	0	635
19	0	635
39	0	635
45	0	635
39	0	636
1	0	637
229	0	637
5	0	639
8	0	640
19	0	640
5	0	641
0	0	642
1	0	642
5	0	642
6	0	642
8	0	642
12	0	642
15	0	642
19	0	642
21	0	642
22	0	642
31	0	642
37	0	642
42	0	642
45	0	642
47	0	642
49	0	642
56	0	642
60	0	642
67	0	642
82	0	642
84	0	642
88	0	642
94	0	642
100	0	642
106	0	642
118	0	642
125	0	642
129	0	642
145	0	642
155	0	642
163	0	642
174	0	642
207	0	642
234	0	642
238	0	642
243	0	642
245	0	642
252	0	642
265	0	642
271	0	642
273	0	642
8	0	646
45	0	646
92	0	646
1	0	647
5	0	647
8	0	647
15	0	647
19	0	647
42	0	647
45	0	647
47	0	647
49	0	647
84	0	647
160	0	647
182	0	647
207	0	647
5	0	648
8	0	648
12	0	648
15	0	648
16	0	648
19	0	648
31	0	648
40	0	648
45	0	648
47	0	648
49	0	648
82	0	648
101	0	648
143	0	648
222	0	648
1	0	649
8	0	649
19	0	649
8	0	651
9	0	651
15	0	651
23	0	651
44	0	651
45	0	651
47	0	651
49	0	651
92	0	651
125	0	651
163	0	651
20	0	652
1	0	653
5	0	653
8	0	653
15	0	653
19	0	653
31	0	653
45	0	653
253	0	653
0	0	654
1	0	654
5	0	654
8	0	654
9	0	654
12	0	654
15	0	654
19	0	654
31	0	654
32	0	654
41	0	654
45	0	654
47	0	654
56	0	654
60	0	654
62	0	654
79	0	654
82	0	654
92	0	654
125	0	654
153	0	654
163	0	654
223	0	654
271	0	654
8	0	655
0	0	657
1	0	657
3	0	657
5	0	657
8	0	657
15	0	657
27	0	657
31	0	657
45	0	657
47	0	657
106	0	657
129	0	657
145	0	657
5	0	658
8	0	658
13	0	658
19	0	658
31	0	658
37	0	658
39	0	658
45	0	658
49	0	658
99	0	658
1	0	659
5	0	659
8	0	659
19	0	659
45	0	659
102	0	659
8	0	660
89	0	660
5	0	661
84	0	661
92	0	661
0	0	663
2	0	663
5	0	664
8	0	664
9	0	664
39	0	664
0	0	665
5	0	665
8	0	665
5	0	667
8	0	667
0	0	668
1	0	668
3	0	668
5	0	668
8	0	668
15	0	668
16	0	668
19	0	668
20	0	668
31	0	668
36	0	668
37	0	668
45	0	668
49	0	668
59	0	668
80	0	668
92	0	668
109	0	668
142	0	668
164	0	668
196	0	668
240	0	668
257	0	668
324	0	668
5	0	672
8	0	672
19	0	672
26	0	672
30	0	672
33	0	672
47	0	672
49	0	672
145	0	672
258	0	672
5	0	674
8	0	674
19	0	674
47	0	674
82	0	674
92	0	674
2	0	675
4	0	676
5	0	677
8	0	677
12	0	677
19	0	677
20	0	677
21	0	677
27	0	677
45	0	677
47	0	677
84	0	677
100	0	677
118	0	677
124	0	677
125	0	677
182	0	677
1	0	679
7	0	679
8	0	679
11	0	679
15	0	679
19	0	679
59	0	679
62	0	679
324	0	679
8	0	680
45	0	680
1	0	681
5	0	681
8	0	681
15	0	681
47	0	681
8	0	682
8	0	683
5	0	684
8	0	684
13	0	684
184	0	684
1	0	685
8	0	685
19	0	685
0	0	687
1	0	687
5	0	687
8	0	687
21	0	687
31	0	687
42	0	687
45	0	687
109	0	687
111	0	687
161	0	687
182	0	687
212	0	687
233	0	687
240	0	687
252	0	687
366	0	687
5	0	688
8	0	689
5	0	691
8	0	691
8	0	692
8	0	693
8	0	694
8	0	695
2	0	696
5	0	696
5	0	698
8	0	698
19	0	698
42	0	698
45	0	698
49	0	698
8	0	699
0	0	700
5	0	700
8	0	700
15	0	700
19	0	700
31	0	700
45	0	700
53	0	700
96	0	700
117	0	700
156	0	700
160	0	701
3	0	703
177	0	706
8	0	707
12	0	707
15	0	707
45	0	707
53	0	707
8	0	708
1	0	709
5	0	709
8	0	709
9	0	709
13	0	709
15	0	709
31	0	709
38	0	709
43	0	709
45	0	709
48	0	709
54	0	709
60	0	709
67	0	709
99	0	709
125	0	709
129	0	709
240	0	709
270	0	709
5	0	710
8	0	710
36	0	710
266	0	710
1	0	711
8	0	711
45	0	711
47	0	711
49	0	711
90	0	711
92	0	711
363	0	711
19	0	713
45	0	715
182	0	716
160	0	717
8	0	718
0	0	719
5	0	719
6	0	719
8	0	719
9	0	719
15	0	719
49	0	719
84	0	719
8	0	722
39	0	722
45	0	722
5	0	724
8	0	724
19	0	724
110	0	724
5	0	725
1	0	726
5	0	726
8	0	726
9	0	726
19	0	726
40	0	726
45	0	726
47	0	726
49	0	726
125	0	726
1	0	728
5	0	728
8	0	728
19	0	728
42	0	728
45	0	728
111	0	728
1	0	730
8	0	730
1	0	731
8	0	731
9	0	731
31	0	731
53	0	731
79	0	731
160	0	731
0	0	732
5	0	732
8	0	732
31	0	732
33	0	732
48	0	732
1	0	734
2	0	734
8	0	734
11	0	734
15	0	734
19	0	734
31	0	734
45	0	734
59	0	734
88	0	734
8	0	735
45	0	735
1	0	737
2	0	739
5	0	739
8	0	739
15	0	739
16	0	739
19	0	739
45	0	739
145	0	739
184	0	739
1	0	740
2	0	740
4	0	740
5	0	740
8	0	740
15	0	740
39	0	740
41	0	740
45	0	740
60	0	740
75	0	740
161	0	740
163	0	740
195	0	740
251	0	740
8	0	741
76	0	741
92	0	741
0	0	743
1	0	743
5	0	743
8	0	743
9	0	743
12	0	743
15	0	743
19	0	743
31	0	743
42	0	743
45	0	743
47	0	743
49	0	743
85	0	743
118	0	743
154	0	743
240	0	743
246	0	743
131	0	744
5	0	745
8	0	745
19	0	745
257	0	745
263	0	745
3	0	746
8	0	746
19	0	746
45	0	746
49	0	746
66	0	746
153	0	746
8	0	747
15	0	747
19	0	747
47	0	747
8	0	752
42	0	752
45	0	752
47	0	752
182	0	752
272	0	752
8	0	754
15	0	754
92	0	754
106	0	754
160	0	755
0	0	756
5	0	756
8	0	756
30	0	756
0	0	758
8	0	759
0	0	760
1	0	760
5	0	760
8	0	760
15	0	760
31	0	760
33	0	760
42	0	760
45	0	760
92	0	760
99	0	760
153	0	760
161	0	760
182	0	760
253	0	760
1	0	761
4	0	761
5	0	761
8	0	761
9	0	761
19	0	761
31	0	761
45	0	761
47	0	761
63	0	761
79	0	761
83	0	761
94	0	761
110	0	761
125	0	761
142	0	761
156	0	761
244	0	761
276	0	761
5	0	762
8	0	762
45	0	762
1	0	763
5	0	763
8	0	763
15	0	763
16	0	763
19	0	763
42	0	763
47	0	763
118	0	763
221	0	763
5	0	764
15	0	764
35	0	764
45	0	764
47	0	764
58	0	764
99	0	764
5	0	765
8	0	765
15	0	765
19	0	765
30	0	765
34	0	765
37	0	765
42	0	765
45	0	765
47	0	765
49	0	765
60	0	765
79	0	765
160	0	765
0	0	766
1	0	766
5	0	766
8	0	766
12	0	766
15	0	766
17	0	766
19	0	766
31	0	766
32	0	766
41	0	766
42	0	766
45	0	766
47	0	766
49	0	766
60	0	766
67	0	766
82	0	766
84	0	766
92	0	766
94	0	766
100	0	766
102	0	766
106	0	766
110	0	766
118	0	766
129	0	766
145	0	766
149	0	766
163	0	766
164	0	766
171	0	766
174	0	766
178	0	766
223	0	766
224	0	766
245	0	766
248	0	766
252	0	766
253	0	766
257	0	766
289	0	766
366	0	766
2	0	767
5	0	769
8	0	769
26	0	769
45	0	769
89	0	769
0	0	770
1	0	770
5	0	770
6	0	770
8	0	770
15	0	770
31	0	770
34	0	770
42	0	770
45	0	770
49	0	770
107	0	770
110	0	770
161	0	770
209	0	770
0	0	772
5	0	772
8	0	772
9	0	772
11	0	772
12	0	772
19	0	772
37	0	772
45	0	772
47	0	772
49	0	772
57	0	772
66	0	772
83	0	772
94	0	772
102	0	772
152	0	772
234	0	772
237	0	772
328	0	772
5	0	773
8	0	773
45	0	773
5	0	774
252	0	774
4	0	775
0	0	776
1	0	776
5	0	776
6	0	776
8	0	776
31	0	776
45	0	776
47	0	776
49	0	776
65	0	776
80	0	776
94	0	776
107	0	776
122	0	776
127	0	776
5	0	778
8	0	778
15	0	778
19	0	778
33	0	778
38	0	778
39	0	778
106	0	778
209	0	778
0	0	779
5	0	779
8	0	779
15	0	779
36	0	779
45	0	779
47	0	779
94	0	779
142	0	779
184	0	779
187	0	779
5	0	780
8	0	780
8	0	781
8	0	782
84	0	783
0	0	784
4	0	784
5	0	784
8	0	784
15	0	784
19	0	784
31	0	784
45	0	784
79	0	784
85	0	784
88	0	784
104	0	784
125	0	784
131	0	784
148	0	784
158	0	784
160	0	784
161	0	784
260	0	784
8	0	785
1	0	787
5	0	787
6	0	787
8	0	787
17	0	787
234	0	787
45	0	788
47	0	788
8	0	789
39	0	789
42	0	789
59	0	789
6	0	790
8	0	790
15	0	790
47	0	790
234	0	790
335	0	790
276	0	791
1	0	792
5	0	792
45	0	793
8	0	794
45	0	794
1	0	797
5	0	797
8	0	797
13	0	797
15	0	797
27	0	797
31	0	797
33	0	797
42	0	797
45	0	797
47	0	797
49	0	797
60	0	797
154	0	797
215	0	797
227	0	797
261	0	797
264	0	797
8	0	798
114	0	798
8	0	800
1	0	801
5	0	801
8	0	801
15	0	801
45	0	801
47	0	801
105	0	801
106	0	801
150	0	801
182	0	801
248	0	801
276	0	801
305	0	801
1	0	805
5	0	805
8	0	805
10	0	805
19	0	805
26	0	805
31	0	805
41	0	805
42	0	805
43	0	805
45	0	805
47	0	805
49	0	805
129	0	805
90	0	807
0	0	810
1	0	810
5	0	810
8	0	810
9	0	810
15	0	810
19	0	810
26	0	810
31	0	810
42	0	810
45	0	810
47	0	810
49	0	810
60	0	810
124	0	810
145	0	810
186	0	810
335	0	810
8	0	811
45	0	812
0	0	813
5	0	813
8	0	813
9	0	813
15	0	813
30	0	813
31	0	813
45	0	813
49	0	813
55	0	813
65	0	813
80	0	813
114	0	813
145	0	813
153	0	813
160	0	813
184	0	813
65	0	815
0	0	816
8	0	816
19	0	816
39	0	816
45	0	816
78	0	816
19	0	818
0	0	820
1	0	820
5	0	820
6	0	820
8	0	820
12	0	820
15	0	820
19	0	820
41	0	820
42	0	820
45	0	820
49	0	820
112	0	820
149	0	820
158	0	820
163	0	820
209	0	820
1	0	821
5	0	821
8	0	821
19	0	821
40	0	821
47	0	821
64	0	821
85	0	821
134	0	821
263	0	821
0	0	822
5	0	822
6	0	822
8	0	822
9	0	822
15	0	822
19	0	822
45	0	822
47	0	822
49	0	822
181	0	822
224	0	822
15	0	823
102	0	824
279	0	824
2	0	826
5	0	826
45	0	826
1	0	828
6	0	828
8	0	828
15	0	828
19	0	828
31	0	828
40	0	828
42	0	828
45	0	828
59	0	828
65	0	828
94	0	828
104	0	828
177	0	828
324	0	828
8	0	829
45	0	829
0	0	830
1	0	830
5	0	830
8	0	830
19	0	830
31	0	830
45	0	830
47	0	830
67	0	830
92	0	830
258	0	830
5	0	832
8	0	832
15	0	832
19	0	832
21	0	832
42	0	832
45	0	832
47	0	832
49	0	832
153	0	832
234	0	832
4	0	834
8	0	834
5	0	835
8	0	835
15	0	835
16	0	835
19	0	835
53	0	835
65	0	835
90	0	835
0	0	837
5	0	837
8	0	837
9	0	837
12	0	837
27	0	837
31	0	837
45	0	837
47	0	837
48	0	837
49	0	837
55	0	837
57	0	837
63	0	837
81	0	837
88	0	837
92	0	837
114	0	837
8	0	838
8	0	840
31	0	841
8	0	843
45	0	843
252	0	843
1	0	844
5	0	844
8	0	844
19	0	844
45	0	844
49	0	844
66	0	844
181	0	844
187	0	844
263	0	844
364	0	844
51	0	846
8	0	847
131	0	847
141	0	847
153	0	847
163	0	848
4	0	850
5	0	850
8	0	850
8	0	851
0	0	852
1	0	852
5	0	852
8	0	852
9	0	852
14	0	852
15	0	852
19	0	852
24	0	852
31	0	852
36	0	852
40	0	852
42	0	852
45	0	852
48	0	852
49	0	852
59	0	852
92	0	852
109	0	852
164	0	852
213	0	852
232	0	852
257	0	852
324	0	852
335	0	852
341	0	852
5	0	855
8	0	855
15	0	855
45	0	855
49	0	855
8	0	856
0	0	859
1	0	859
5	0	859
7	0	859
8	0	859
12	0	859
15	0	859
16	0	859
19	0	859
31	0	859
32	0	859
41	0	859
45	0	859
46	0	859
47	0	859
48	0	859
49	0	859
60	0	859
88	0	859
92	0	859
101	0	859
102	0	859
106	0	859
149	0	859
150	0	859
153	0	859
181	0	859
183	0	859
184	0	859
208	0	859
209	0	859
210	0	859
271	0	859
335	0	859
2	0	860
49	0	861
5	0	863
8	0	863
5	0	864
8	0	864
19	0	864
30	0	864
45	0	864
5	0	866
45	0	866
5	0	867
8	0	867
42	0	867
45	0	867
49	0	867
182	0	867
19	0	869
49	0	869
234	0	869
19	0	871
47	0	871
106	0	871
0	0	873
1	0	873
5	0	873
8	0	873
9	0	873
12	0	873
15	0	873
19	0	873
20	0	873
31	0	873
36	0	873
37	0	873
42	0	873
43	0	873
45	0	873
47	0	873
49	0	873
83	0	873
85	0	873
112	0	873
114	0	873
118	0	873
122	0	873
143	0	873
0	0	874
1	0	874
5	0	874
6	0	874
8	0	874
9	0	874
15	0	874
24	0	874
37	0	874
42	0	874
45	0	874
49	0	874
54	0	874
106	0	874
149	0	874
153	0	874
182	0	874
189	0	874
231	0	874
8	0	875
45	0	875
1	0	876
5	0	876
8	0	876
30	0	876
31	0	876
45	0	876
63	0	876
84	0	876
85	0	876
104	0	876
127	0	876
153	0	876
8	0	878
8	0	879
45	0	879
10	0	880
15	0	880
134	0	880
1	0	882
5	0	882
14	0	882
19	0	882
24	0	882
39	0	882
92	0	882
47	0	883
1	0	885
5	0	885
8	0	885
19	0	885
30	0	885
31	0	885
90	0	885
92	0	885
129	0	885
234	0	885
335	0	885
1	0	886
5	0	886
8	0	886
19	0	886
45	0	886
47	0	886
134	0	886
5	0	887
8	0	887
19	0	887
45	0	887
49	0	887
26	0	888
1	0	889
8	0	889
20	0	889
54	0	889
110	0	889
0	0	890
1	0	890
5	0	890
8	0	890
15	0	890
19	0	890
42	0	890
45	0	890
47	0	890
60	0	890
90	0	890
111	0	890
131	0	890
232	0	890
275	0	890
5	0	891
15	0	891
45	0	891
66	0	891
182	0	891
19	0	892
49	0	892
234	0	892
1	0	893
5	0	893
8	0	893
9	0	893
19	0	893
45	0	893
47	0	893
58	0	893
110	0	893
5	0	895
8	0	898
8	0	899
11	0	899
79	0	899
19	0	900
45	0	900
5	0	901
5	0	903
8	0	903
36	0	903
42	0	903
109	0	903
163	0	903
5	0	904
8	0	904
31	0	904
45	0	904
47	0	904
58	0	904
19	0	906
49	0	906
234	0	906
0	0	907
1	0	907
5	0	907
6	0	907
8	0	907
11	0	907
12	0	907
15	0	907
19	0	907
21	0	907
30	0	907
40	0	907
45	0	907
60	0	907
96	0	907
124	0	907
163	0	907
182	0	907
257	0	907
335	0	907
5	0	908
134	0	908
1	0	909
2	0	909
5	0	909
189	0	909
5	0	910
8	0	910
11	0	910
31	0	910
45	0	910
47	0	910
55	0	910
80	0	910
160	0	910
90	0	911
5	0	913
8	0	913
5	0	914
19	0	916
31	0	917
5	0	918
8	0	918
39	0	919
8	0	921
31	0	921
8	0	923
45	0	925
2	0	926
5	0	926
8	0	926
19	0	926
45	0	926
161	0	926
5	0	927
19	0	928
49	0	928
234	0	928
15	0	930
39	0	930
51	0	930
1	0	931
5	0	931
8	0	931
19	0	931
31	0	931
45	0	931
47	0	931
49	0	931
106	0	931
124	0	931
150	0	931
160	0	931
234	0	931
5	0	933
8	0	933
5	0	934
8	0	934
15	0	934
19	0	934
45	0	934
276	0	934
1	0	937
5	0	937
8	0	937
12	0	937
15	0	937
32	0	937
41	0	937
49	0	937
84	0	937
104	0	937
106	0	937
153	0	937
234	0	937
0	0	938
1	0	938
5	0	938
8	0	938
12	0	938
15	0	938
16	0	938
19	0	938
26	0	938
32	0	938
41	0	938
49	0	938
57	0	938
92	0	938
101	0	938
102	0	938
106	0	938
149	0	938
150	0	938
153	0	938
208	0	938
209	0	938
210	0	938
234	0	938
236	0	938
263	0	938
1	0	939
5	0	939
8	0	939
47	0	939
5	0	940
8	0	940
19	0	940
45	0	940
49	0	940
152	0	940
2	0	941
4	0	941
5	0	941
8	0	941
45	0	941
171	0	941
0	0	942
1	0	942
3	0	942
5	0	942
8	0	942
9	0	942
12	0	942
15	0	942
16	0	942
23	0	942
31	0	942
37	0	942
43	0	942
44	0	942
45	0	942
81	0	942
82	0	942
83	0	942
84	0	942
88	0	942
94	0	942
102	0	942
118	0	942
161	0	942
163	0	942
164	0	942
213	0	942
237	0	942
328	0	942
371	0	942
5	0	943
8	0	943
30	0	943
1	0	945
112	0	945
5	0	947
8	0	947
39	0	947
45	0	947
57	0	947
88	0	947
182	0	948
276	0	948
1	0	950
5	0	950
8	0	950
19	0	950
31	0	950
45	0	950
54	0	950
82	0	950
84	0	950
109	0	950
145	0	950
164	0	950
328	0	950
5	0	951
8	0	951
21	0	951
45	0	951
47	0	951
49	0	951
57	0	951
0	0	953
1	0	953
5	0	953
8	0	953
9	0	953
12	0	953
15	0	953
19	0	953
27	0	953
31	0	953
42	0	953
45	0	953
47	0	953
49	0	953
56	0	953
59	0	953
60	0	953
61	0	953
79	0	953
82	0	953
83	0	953
84	0	953
85	0	953
88	0	953
89	0	953
92	0	953
94	0	953
102	0	953
106	0	953
110	0	953
118	0	953
122	0	953
129	0	953
145	0	953
153	0	953
163	0	953
187	0	953
223	0	953
228	0	953
233	0	953
234	0	953
235	0	953
248	0	953
257	0	953
260	0	953
263	0	953
328	0	953
335	0	953
337	0	953
19	0	954
4	0	955
5	0	955
8	0	955
45	0	955
57	0	955
84	0	955
110	0	955
148	0	955
60	0	956
1	0	957
5	0	957
8	0	957
9	0	957
15	0	957
19	0	957
21	0	957
31	0	957
45	0	957
49	0	957
57	0	957
92	0	957
100	0	957
239	0	957
245	0	957
364	0	957
0	0	958
5	0	958
8	0	958
15	0	958
16	0	958
19	0	958
45	0	958
47	0	958
82	0	958
88	0	958
92	0	958
106	0	958
118	0	958
142	0	958
144	0	958
215	0	958
39	0	960
163	0	960
5	0	961
8	0	961
9	0	961
19	0	961
21	0	961
45	0	961
47	0	961
49	0	961
76	0	961
157	0	961
177	0	961
276	0	961
1	0	962
5	0	962
8	0	962
45	0	962
49	0	962
54	0	962
187	0	962
8	0	964
5	0	965
5	0	966
8	0	966
19	0	967
2	0	969
8	0	969
8	0	971
45	0	971
84	0	971
92	0	971
1	0	973
5	0	973
8	0	973
9	0	973
15	0	973
19	0	973
27	0	973
31	0	973
39	0	973
43	0	973
45	0	973
47	0	973
79	0	973
83	0	973
160	0	973
182	0	973
276	0	973
8	0	975
8	0	976
13	0	976
49	0	976
51	0	976
5	0	977
8	0	977
31	0	977
47	0	977
59	0	977
82	0	977
109	0	980
5	0	981
8	0	981
274	0	981
341	0	981
0	0	982
2	0	982
5	0	982
8	0	982
31	0	982
45	0	982
5	0	984
45	0	985
5	0	986
8	0	987
186	0	987
8	0	988
47	0	988
88	0	988
1	0	989
5	0	989
8	0	989
31	0	989
45	0	989
47	0	989
52	0	989
79	0	989
85	0	989
160	0	989
239	0	989
10	0	991
0	0	992
1	0	992
5	0	992
6	0	992
8	0	992
9	0	992
12	0	992
15	0	992
19	0	992
31	0	992
37	0	992
42	0	992
45	0	992
47	0	992
49	0	992
60	0	992
62	0	992
78	0	992
79	0	992
88	0	992
92	0	992
109	0	992
139	0	992
144	0	992
152	0	992
158	0	992
161	0	992
163	0	992
164	0	992
166	0	992
181	0	992
224	0	992
229	0	992
257	0	992
264	0	992
276	0	992
13	0	994
33	0	994
1	0	997
5	0	997
8	0	997
47	0	997
1	0	1000
5	0	1000
8	0	1000
45	0	1000
77	0	1000
79	0	1000
126	0	1000
152	0	1000
161	0	1000
232	0	1000
234	0	1000
0	0	1001
1	0	1001
5	0	1001
6	0	1001
8	0	1001
11	0	1001
15	0	1001
16	0	1001
31	0	1001
37	0	1001
41	0	1001
45	0	1001
47	0	1001
51	0	1001
64	0	1001
84	0	1001
86	0	1001
88	0	1001
92	0	1001
102	0	1001
106	0	1001
129	0	1001
148	0	1001
163	0	1001
209	0	1001
219	0	1001
271	0	1001
1	0	1003
8	0	1003
42	0	1003
45	0	1003
47	0	1003
49	0	1003
131	0	1003
208	0	1003
8	0	1004
1	0	1005
8	0	1005
15	0	1005
19	0	1005
30	0	1005
39	0	1005
91	0	1005
125	0	1005
328	0	1005
5	0	1006
8	0	1006
11	0	1006
15	0	1006
16	0	1006
31	0	1006
40	0	1006
45	0	1006
160	0	1006
182	0	1006
5	0	1007
8	0	1007
8	0	1009
49	0	1009
66	0	1009
5	0	1010
39	0	1010
66	0	1010
1	0	1011
5	0	1011
5	0	1012
45	0	1012
8	0	1013
8	0	1015
45	0	1015
5	0	1016
8	0	1016
11	0	1016
45	0	1016
47	0	1016
49	0	1016
1	0	1017
5	0	1017
6	0	1017
8	0	1017
11	0	1017
15	0	1017
19	0	1017
42	0	1017
45	0	1017
324	0	1017
8	0	1019
15	0	1019
26	0	1019
45	0	1019
47	0	1019
49	0	1019
59	0	1019
96	0	1019
5	0	1021
62	0	1021
102	0	1021
5	0	1023
8	0	1023
19	0	1023
21	0	1023
30	0	1023
31	0	1023
45	0	1023
78	0	1023
84	0	1023
1	0	1024
5	0	1024
7	0	1024
8	0	1024
11	0	1024
15	0	1024
19	0	1024
42	0	1024
45	0	1024
59	0	1024
324	0	1024
1	0	1025
3	0	1025
5	0	1025
9	0	1025
12	0	1025
19	0	1025
30	0	1025
45	0	1025
49	0	1025
157	0	1025
1	0	1026
5	0	1026
8	0	1026
10	0	1026
31	0	1026
45	0	1026
92	0	1026
337	0	1026
1	0	1027
5	0	1027
8	0	1027
9	0	1027
15	0	1027
19	0	1027
45	0	1027
47	0	1027
100	0	1027
0	0	1028
2	0	1028
5	0	1028
8	0	1028
19	0	1028
42	0	1028
5	0	1029
8	0	1029
19	0	1029
26	0	1029
45	0	1029
47	0	1029
62	0	1029
87	0	1029
88	0	1029
161	0	1029
0	0	1030
5	0	1032
8	0	1032
31	0	1032
45	0	1032
1	0	1033
5	0	1033
8	0	1033
11	0	1033
15	0	1033
19	0	1033
33	0	1033
45	0	1033
59	0	1033
60	0	1033
65	0	1033
84	0	1033
143	0	1033
324	0	1033
1	0	1035
8	0	1035
19	0	1035
45	0	1035
47	0	1035
104	0	1035
152	0	1035
186	0	1035
19	0	1036
45	0	1036
58	0	1036
181	0	1036
251	0	1036
8	0	1037
5	0	1040
90	0	1040
112	0	1040
0	0	1041
1	0	1041
5	0	1041
7	0	1041
8	0	1041
12	0	1041
15	0	1041
16	0	1041
19	0	1041
31	0	1041
32	0	1041
37	0	1041
41	0	1041
42	0	1041
45	0	1041
46	0	1041
47	0	1041
49	0	1041
88	0	1041
92	0	1041
94	0	1041
101	0	1041
102	0	1041
106	0	1041
134	0	1041
149	0	1041
150	0	1041
153	0	1041
164	0	1041
181	0	1041
202	0	1041
208	0	1041
209	0	1041
210	0	1041
213	0	1041
234	0	1041
241	0	1041
5	0	1042
8	0	1042
276	0	1042
2	0	1043
8	0	1043
12	0	1043
27	0	1043
31	0	1043
43	0	1043
45	0	1043
67	0	1043
85	0	1043
328	0	1043
10	0	1046
0	0	1047
1	0	1047
5	0	1047
8	0	1047
12	0	1047
15	0	1047
19	0	1047
32	0	1047
41	0	1047
49	0	1047
59	0	1047
63	0	1047
82	0	1047
90	0	1047
106	0	1047
149	0	1047
153	0	1047
209	0	1047
210	0	1047
276	0	1047
5	0	1048
8	0	1048
9	0	1048
15	0	1048
19	0	1048
45	0	1048
49	0	1048
5	0	1049
8	0	1049
24	0	1049
45	0	1049
47	0	1049
106	0	1049
152	0	1049
222	0	1049
2	0	1050
10	0	1050
84	0	1050
202	0	1050
4	0	1051
5	0	1051
8	0	1051
15	0	1051
45	0	1051
39	0	1052
45	0	1052
47	0	1052
5	0	1054
8	0	1054
45	0	1054
63	0	1054
92	0	1054
176	0	1054
45	0	1058
57	0	1058
1	0	1059
5	0	1059
8	0	1059
45	0	1059
47	0	1059
88	0	1059
216	0	1059
335	0	1059
5	0	1061
8	0	1061
31	0	1061
45	0	1061
49	0	1061
82	0	1061
187	0	1061
260	0	1061
31	0	1062
1	0	1063
5	0	1063
8	0	1063
19	0	1063
31	0	1063
45	0	1063
47	0	1063
49	0	1063
83	0	1063
85	0	1063
144	0	1063
5	0	1065
8	0	1065
82	0	1065
92	0	1065
1	0	1066
5	0	1066
8	0	1066
11	0	1066
15	0	1066
19	0	1066
21	0	1066
37	0	1066
39	0	1066
42	0	1066
45	0	1066
46	0	1066
143	0	1066
182	0	1066
324	0	1066
1	0	1067
3	0	1067
5	0	1067
8	0	1067
9	0	1067
12	0	1067
15	0	1067
19	0	1067
31	0	1067
36	0	1067
42	0	1067
45	0	1067
47	0	1067
49	0	1067
53	0	1067
64	0	1067
82	0	1067
85	0	1067
101	0	1067
110	0	1067
112	0	1067
118	0	1067
122	0	1067
129	0	1067
136	0	1067
144	0	1067
187	0	1067
234	0	1067
238	0	1067
267	0	1067
269	0	1067
5	0	1069
8	0	1070
5	0	1071
8	0	1071
19	0	1071
5	0	1074
8	0	1074
19	0	1074
39	0	1074
45	0	1074
47	0	1074
49	0	1074
58	0	1074
88	0	1074
125	0	1074
160	0	1074
161	0	1074
234	0	1074
245	0	1074
364	0	1074
8	0	1076
0	0	1077
1	0	1077
5	0	1077
8	0	1077
19	0	1077
42	0	1077
47	0	1077
53	0	1077
54	0	1077
57	0	1077
63	0	1077
87	0	1077
150	0	1077
231	0	1077
234	0	1077
49	0	1079
0	0	1080
1	0	1080
5	0	1080
8	0	1080
19	0	1080
57	0	1080
182	0	1080
276	0	1080
45	0	1083
5	0	1085
8	0	1085
19	0	1085
31	0	1085
45	0	1085
79	0	1085
225	0	1085
0	0	1086
1	0	1086
8	0	1086
9	0	1086
15	0	1086
31	0	1086
49	0	1086
53	0	1086
160	0	1086
1	0	1089
5	0	1089
8	0	1089
9	0	1089
15	0	1089
31	0	1089
34	0	1089
38	0	1089
45	0	1089
47	0	1089
53	0	1089
60	0	1089
64	0	1089
79	0	1089
92	0	1089
114	0	1089
153	0	1089
187	0	1089
224	0	1089
233	0	1089
5	0	1091
8	0	1091
15	0	1091
31	0	1091
36	0	1091
45	0	1091
112	0	1091
1	0	1092
5	0	1092
8	0	1092
15	0	1092
19	0	1092
31	0	1092
39	0	1092
45	0	1092
46	0	1092
47	0	1092
49	0	1092
79	0	1092
88	0	1092
106	0	1092
233	0	1092
277	0	1092
289	0	1092
1	0	1093
5	0	1093
8	0	1093
11	0	1093
31	0	1093
42	0	1093
45	0	1093
47	0	1093
65	0	1093
131	0	1093
2	0	1094
8	0	1096
5	0	1097
8	0	1097
19	0	1097
45	0	1097
129	0	1097
0	0	1098
8	0	1098
12	0	1098
15	0	1098
23	0	1098
36	0	1098
37	0	1098
44	0	1098
45	0	1098
82	0	1098
83	0	1098
88	0	1098
94	0	1098
328	0	1098
8	0	1099
8	0	1100
5	0	1101
8	0	1101
0	0	1103
5	0	1103
8	0	1103
9	0	1103
19	0	1103
37	0	1103
39	0	1103
45	0	1103
49	0	1103
145	0	1103
269	0	1103
8	0	1105
15	0	1105
31	0	1105
5	0	1106
31	0	1106
5	0	1107
8	0	1107
5	0	1108
152	0	1108
39	0	1109
8	0	1110
9	0	1110
39	0	1110
107	0	1110
110	0	1110
125	0	1110
148	0	1110
164	0	1110
0	0	1111
1	0	1111
5	0	1111
6	0	1111
8	0	1111
15	0	1111
30	0	1111
31	0	1111
33	0	1111
45	0	1111
54	0	1111
74	0	1111
82	0	1111
87	0	1111
92	0	1111
102	0	1111
106	0	1111
126	0	1111
149	0	1111
153	0	1111
224	0	1111
271	0	1111
8	0	1113
182	0	1113
3	0	1114
8	0	1114
19	0	1114
45	0	1114
49	0	1114
66	0	1114
153	0	1114
5	0	1115
45	0	1116
1	0	1118
5	0	1118
8	0	1118
19	0	1118
31	0	1118
38	0	1118
45	0	1118
47	0	1118
49	0	1118
57	0	1118
59	0	1118
60	0	1118
88	0	1118
181	0	1118
187	0	1118
230	0	1118
263	0	1118
364	0	1118
8	0	1119
13	0	1119
19	0	1120
2	0	1121
5	0	1121
8	0	1121
15	0	1121
19	0	1121
27	0	1121
34	0	1121
45	0	1121
229	0	1121
271	0	1121
5	0	1122
8	0	1122
9	0	1122
38	0	1122
39	0	1122
47	0	1122
48	0	1122
105	0	1122
1	0	1123
5	0	1123
8	0	1123
5	0	1124
8	0	1124
114	0	1124
0	0	1126
1	0	1126
5	0	1126
8	0	1126
15	0	1126
31	0	1126
39	0	1126
45	0	1126
47	0	1126
88	0	1126
92	0	1126
145	0	1126
157	0	1126
163	0	1126
234	0	1126
8	0	1127
15	0	1127
31	0	1127
45	0	1127
47	0	1127
59	0	1127
129	0	1127
160	0	1127
324	0	1127
1	0	1128
5	0	1128
8	0	1128
9	0	1128
19	0	1128
31	0	1128
42	0	1128
45	0	1128
47	0	1128
49	0	1128
59	0	1128
60	0	1128
66	0	1128
84	0	1128
85	0	1128
88	0	1128
94	0	1128
125	0	1128
134	0	1128
184	0	1128
8	0	1129
8	0	1131
1	0	1133
8	0	1133
15	0	1133
19	0	1133
39	0	1133
91	0	1133
125	0	1133
328	0	1133
118	0	1134
5	0	1135
8	0	1135
60	0	1135
1	0	1136
0	0	1138
5	0	1138
6	0	1138
8	0	1138
15	0	1138
21	0	1138
26	0	1138
33	0	1138
45	0	1138
60	0	1138
66	0	1138
79	0	1138
84	0	1138
90	0	1138
92	0	1138
106	0	1138
109	0	1138
118	0	1138
258	0	1138
8	0	1139
19	0	1139
1	0	1140
5	0	1140
6	0	1140
7	0	1140
8	0	1140
11	0	1140
15	0	1140
19	0	1140
42	0	1140
45	0	1140
59	0	1140
324	0	1140
1	0	1141
8	0	1141
45	0	1143
8	0	1146
182	0	1146
0	0	1147
5	0	1147
8	0	1147
15	0	1147
276	0	1147
8	0	1148
92	0	1148
0	0	1149
5	0	1149
6	0	1149
8	0	1149
15	0	1149
19	0	1149
31	0	1149
45	0	1149
47	0	1149
49	0	1149
127	0	1149
153	0	1149
156	0	1149
181	0	1149
31	0	1150
106	0	1150
182	0	1150
234	0	1150
1	0	1151
5	0	1151
8	0	1151
45	0	1151
66	0	1151
153	0	1151
276	0	1151
42	0	1152
8	0	1154
15	0	1154
19	0	1154
41	0	1154
182	0	1154
84	0	1158
2	0	1159
8	0	1159
31	0	1159
60	0	1159
129	0	1159
1	0	1160
5	0	1160
8	0	1160
11	0	1160
19	0	1160
36	0	1160
42	0	1160
45	0	1160
46	0	1160
49	0	1160
84	0	1160
88	0	1160
90	0	1160
92	0	1160
104	0	1160
118	0	1160
142	0	1160
163	0	1160
181	0	1160
187	0	1160
263	0	1160
349	0	1160
0	0	1161
1	0	1161
5	0	1161
8	0	1161
11	0	1161
12	0	1161
15	0	1161
16	0	1161
19	0	1161
32	0	1161
41	0	1161
47	0	1161
49	0	1161
86	0	1161
92	0	1161
102	0	1161
106	0	1161
149	0	1161
150	0	1161
153	0	1161
208	0	1161
209	0	1161
210	0	1161
104	4	404
2	4	410
124	4	420
13	4	429
67	4	432
104	4	433
104	4	434
170	4	456
93	4	497
2	4	499
2	4	500
39	4	500
124	4	500
114	4	506
4	4	508
104	4	508
39	4	510
67	4	521
13	4	526
4	4	533
13	4	533
26	4	533
54	4	533
2	4	537
104	4	537
30	4	538
184	4	538
4	4	544
2	4	548
87	4	552
104	4	570
2	4	593
90	4	596
2	4	597
30	4	597
2	4	612
85	4	624
4	4	634
124	4	646
26	4	651
2	4	668
2	4	674
4	4	674
10	4	674
13	4	674
66	4	674
90	4	674
33	4	687
2	4	698
157	4	700
39	4	711
26	4	726
4	4	728
39	4	728
91	4	728
182	4	728
50	4	752
164	4	761
39	4	762
2	4	763
40	4	766
54	4	766
66	4	766
2	4	772
4	4	772
13	4	776
33	4	776
85	4	787
91	4	787
2	4	797
4	4	797
90	4	797
67	4	798
123	4	805
2	4	813
2	4	816
2	4	822
3	4	822
13	4	822
33	4	822
43	4	822
90	4	822
185	4	822
4	4	826
13	4	826
156	4	837
67	4	844
87	4	846
66	4	859
116	4	859
20	4	864
33	4	864
85	4	864
91	4	864
2	4	867
2	4	873
2	4	874
2	4	890
4	4	890
85	4	890
89	4	890
91	4	890
186	4	890
116	4	938
4	4	942
182	4	947
2	4	953
33	4	953
57	4	953
160	4	953
164	4	973
30	4	981
66	4	981
4	4	989
39	4	989
66	4	989
2	4	992
13	4	992
33	4	992
67	4	992
90	4	992
131	4	1000
54	4	1025
66	4	1029
116	4	1041
2	4	1048
13	4	1048
157	4	1048
67	4	1049
114	4	1049
26	4	1059
85	4	1059
91	4	1059
124	4	1059
10	4	1065
114	4	1066
13	4	1067
184	4	1067
184	4	1071
2	4	1085
40	4	1086
54	4	1086
33	4	1092
13	4	1098
26	4	1098
54	4	1098
2	4	1118
85	4	1118
91	4	1118
85	4	1122
91	4	1122
54	4	1138
13	4	1139
2	4	1149
13	4	1149
33	4	1149
43	4	1149
85	4	1149
90	4	1149
2	4	1160
2	4	1161
116	4	1161
4	1	374
38	1	374
55	1	374
61	1	374
157	1	375
65	1	382
13	1	400
29	1	400
2	1	405
191	1	405
2	1	408
4	1	408
63	1	408
66	1	408
66	1	409
13	1	410
30	1	410
55	1	415
191	1	415
53	1	416
76	1	416
109	1	416
131	1	416
213	1	416
224	1	416
2	1	420
104	1	420
54	1	423
4	1	424
20	1	424
61	1	424
75	1	429
66	1	432
2	1	434
57	1	434
57	1	437
195	1	439
2	1	445
4	1	445
112	1	445
206	1	448
13	1	456
46	1	456
100	1	456
156	1	456
157	1	456
164	1	456
2	1	464
13	1	464
30	1	464
66	1	464
66	1	473
2	1	475
13	1	475
30	1	475
39	1	482
2	1	483
201	1	483
4	1	486
2	1	487
4	1	487
13	1	487
30	1	487
124	1	487
17	1	488
2	1	492
3	1	492
7	1	492
30	1	492
36	1	492
40	1	492
54	1	492
124	1	492
144	1	492
3	1	494
4	1	494
2	1	495
13	1	495
30	1	495
2	1	497
33	1	497
30	1	499
91	1	499
4	1	500
10	1	500
53	1	500
63	1	500
204	1	500
65	1	508
10	1	513
11	1	513
26	1	513
33	1	513
34	1	513
53	1	513
55	1	513
64	1	513
66	1	515
13	1	521
34	1	521
55	1	523
191	1	523
4	1	524
39	1	525
2	1	526
30	1	526
55	1	531
191	1	531
46	1	533
190	1	537
2	1	538
3	1	538
13	1	538
55	1	538
59	1	538
67	1	538
100	1	538
104	1	538
195	1	538
87	1	544
166	1	544
4	1	546
38	1	546
55	1	546
4	1	547
30	1	551
2	1	561
4	1	561
58	1	561
99	1	561
114	1	561
33	1	565
13	1	573
30	1	580
2	1	585
39	1	585
46	1	585
66	1	585
74	1	585
13	1	593
30	1	593
55	1	593
91	1	593
66	1	595
2	1	596
182	1	596
13	1	597
43	1	597
48	1	597
53	1	597
216	1	597
104	1	600
13	1	601
40	1	603
55	1	603
191	1	603
63	1	604
104	1	604
2	1	606
104	1	606
205	1	606
192	1	610
4	1	612
13	1	612
38	1	612
55	1	612
61	1	612
55	1	618
191	1	618
191	1	621
195	1	623
220	1	623
34	1	624
2	1	625
4	1	625
61	1	625
104	1	625
119	1	625
4	1	628
13	1	630
39	1	630
104	1	630
13	1	634
30	1	634
66	1	634
104	1	634
122	1	634
13	1	635
2	1	642
4	1	642
10	1	642
11	1	642
13	1	642
17	1	642
26	1	642
27	1	642
30	1	642
39	1	642
46	1	642
48	1	642
53	1	642
54	1	642
57	1	642
63	1	642
77	1	642
80	1	642
85	1	642
87	1	642
90	1	642
91	1	642
101	1	642
107	1	642
109	1	642
119	1	642
120	1	642
144	1	642
162	1	642
186	1	642
191	1	642
193	1	642
197	1	642
198	1	642
199	1	642
200	1	642
204	1	642
205	1	642
214	1	642
55	1	646
20	1	647
123	1	647
34	1	653
3	1	654
26	1	654
27	1	654
34	1	654
53	1	654
65	1	654
66	1	654
104	1	654
124	1	654
144	1	654
26	1	657
2	1	659
13	1	659
48	1	660
182	1	667
10	1	668
13	1	668
30	1	668
69	1	668
124	1	668
160	1	668
221	1	668
39	1	677
59	1	677
104	1	677
157	1	677
4	1	679
38	1	679
55	1	679
61	1	679
55	1	680
191	1	680
34	1	687
104	1	687
160	1	687
225	1	687
63	1	696
39	1	698
3	1	700
39	1	700
64	1	700
104	1	700
160	1	700
4	1	705
40	1	707
2	1	709
34	1	709
2	1	710
62	1	710
2	1	711
13	1	711
30	1	711
139	1	716
2	1	722
33	1	726
53	1	726
91	1	726
30	1	728
2	1	732
13	1	732
30	1	732
55	1	734
66	1	734
2	1	743
10	1	743
34	1	743
64	1	743
135	1	743
191	1	744
182	1	746
13	1	760
34	1	760
34	1	761
38	1	761
48	1	761
53	1	761
66	1	761
66	1	762
13	1	765
104	1	765
13	1	766
30	1	766
38	1	766
39	1	766
48	1	766
62	1	766
64	1	766
74	1	766
77	1	766
109	1	766
124	1	766
205	1	766
212	1	766
2	1	768
13	1	768
30	1	768
104	1	768
104	1	769
66	1	770
114	1	770
2	1	773
196	1	773
2	1	776
157	1	779
172	1	779
48	1	784
62	1	784
67	1	784
114	1	784
211	1	784
30	1	787
36	1	797
219	1	797
13	1	798
2	1	801
4	1	801
13	1	801
28	1	801
30	1	801
2	1	802
20	1	805
30	1	805
91	1	805
2	1	810
11	1	810
125	1	813
13	1	816
17	1	816
30	1	816
104	1	817
103	1	818
3	1	820
7	1	820
13	1	820
40	1	820
54	1	820
124	1	820
114	1	821
17	1	822
59	1	822
89	1	822
104	1	822
119	1	822
182	1	822
193	1	822
4	1	828
38	1	828
55	1	828
205	1	828
39	1	830
63	1	830
65	1	830
104	1	830
213	1	830
222	1	830
2	1	837
13	1	837
30	1	837
36	1	837
58	1	837
76	1	837
104	1	837
164	1	837
2	1	844
13	1	844
30	1	844
36	1	844
91	1	844
2	1	852
10	1	852
33	1	852
65	1	852
69	1	852
124	1	852
131	1	852
2	1	859
4	1	859
13	1	859
30	1	859
104	1	859
124	1	859
125	1	859
2	1	864
66	1	864
182	1	864
3	1	873
104	1	873
4	1	874
13	1	874
2	1	876
2	1	882
13	1	882
30	1	882
104	1	893
17	1	900
4	1	903
3	1	907
26	1	907
164	1	907
48	1	909
203	1	909
157	1	910
196	1	910
63	1	912
57	1	922
2	1	931
13	1	931
30	1	931
122	1	931
2	1	938
4	1	938
13	1	938
30	1	938
104	1	938
124	1	938
125	1	938
124	1	940
13	1	942
36	1	942
39	1	942
46	1	942
48	1	942
54	1	942
105	1	942
125	1	942
172	1	942
2	1	947
2	1	950
13	1	950
30	1	950
2	1	951
4	1	951
13	1	951
30	1	951
4	1	953
11	1	953
26	1	953
28	1	953
30	1	953
34	1	953
39	1	953
48	1	953
53	1	953
64	1	953
65	1	953
66	1	953
67	1	953
87	1	953
90	1	953
104	1	953
124	1	953
167	1	953
171	1	953
182	1	953
215	1	953
2	1	955
34	1	955
63	1	955
90	1	955
66	1	957
2	1	958
4	1	958
10	1	958
13	1	958
160	1	958
2	1	961
13	1	961
30	1	961
2	1	962
13	1	962
30	1	962
157	1	962
55	1	971
191	1	971
34	1	973
53	1	973
63	1	973
206	1	974
54	1	977
10	1	981
36	1	985
2	1	987
13	1	987
30	1	987
104	1	989
3	1	992
4	1	992
30	1	992
36	1	992
46	1	992
53	1	992
58	1	992
65	1	992
66	1	992
131	1	992
182	1	992
66	1	1000
97	1	1000
104	1	1000
213	1	1000
2	1	1001
27	1	1001
39	1	1001
57	1	1001
160	1	1001
212	1	1001
2	1	1003
59	1	1003
114	1	1003
2	1	1005
4	1	1005
39	1	1006
4	1	1009
2	1	1010
4	1	1017
13	1	1017
34	1	1017
38	1	1017
55	1	1017
117	1	1017
13	1	1019
10	1	1023
135	1	1023
4	1	1024
13	1	1024
38	1	1024
55	1	1024
90	1	1024
53	1	1027
182	1	1027
172	1	1029
4	1	1033
30	1	1033
38	1	1033
55	1	1033
104	1	1033
2	1	1035
13	1	1035
30	1	1035
66	1	1036
191	1	1040
2	1	1041
3	1	1041
4	1	1041
13	1	1041
30	1	1041
40	1	1041
43	1	1041
57	1	1041
104	1	1041
124	1	1041
125	1	1041
157	1	1041
205	1	1041
4	1	1047
13	1	1047
124	1	1047
10	1	1048
66	1	1049
124	1	1049
11	1	1059
104	1	1061
117	1	1061
4	1	1066
38	1	1066
55	1	1066
66	1	1066
205	1	1066
2	1	1067
4	1	1067
20	1	1067
26	1	1067
30	1	1067
39	1	1067
2	1	1071
13	1	1071
30	1	1071
66	1	1074
2	1	1077
7	1	1077
13	1	1077
26	1	1077
30	1	1077
66	1	1080
13	1	1085
30	1	1085
188	1	1086
131	1	1089
205	1	1089
2	1	1092
4	1	1092
48	1	1092
65	1	1092
91	1	1092
124	1	1103
101	1	1107
53	1	1110
2	1	1111
104	1	1111
182	1	1114
13	1	1118
30	1	1118
157	1	1121
53	1	1122
2	1	1123
33	1	1123
2	1	1126
13	1	1126
20	1	1126
59	1	1126
38	1	1127
89	1	1127
117	1	1127
4	1	1133
4	1	1140
13	1	1140
38	1	1140
55	1	1140
90	1	1140
4	1	1149
17	1	1149
30	1	1149
59	1	1149
89	1	1149
182	1	1149
193	1	1149
4	1	1151
4	1	1160
30	1	1160
91	1	1160
4	1	1161
13	1	1161
30	1	1161
54	1	1161
66	1	1161
104	1	1161
124	1	1161
125	1	1161
157	1	1161
224	1	1161
20	2	374
34	2	375
4	2	376
58	2	379
14	2	382
26	2	382
33	2	382
34	2	382
46	2	382
62	2	382
117	2	382
22	2	384
2	2	387
27	2	387
50	2	387
157	2	387
30	2	390
98	2	393
63	2	396
2	2	398
22	2	398
56	2	398
65	2	398
80	2	400
30	2	401
2	2	407
3	2	407
34	2	407
40	2	407
53	2	407
22	2	408
34	2	408
53	2	408
65	2	408
75	2	408
80	2	408
40	2	410
58	2	414
104	2	414
2	2	416
4	2	416
22	2	416
26	2	416
30	2	416
33	2	416
40	2	416
50	2	416
56	2	416
66	2	416
99	2	416
115	2	416
87	2	419
17	2	420
2	2	423
7	2	423
14	2	423
20	2	423
27	2	423
58	2	423
61	2	423
3	2	424
74	2	424
4	2	426
2	2	428
14	2	428
33	2	428
73	2	428
122	2	428
166	2	428
22	2	429
34	2	429
65	2	429
80	2	429
137	2	429
63	2	432
65	2	432
52	2	433
4	2	434
34	2	435
58	2	440
62	2	440
26	2	444
30	2	444
80	2	444
132	2	444
22	2	445
2	2	449
173	2	449
58	2	450
144	2	450
2	2	451
22	2	452
2	2	453
4	2	456
11	2	456
30	2	456
53	2	456
63	2	456
104	2	456
3	2	463
34	2	463
66	2	463
4	2	464
104	2	464
101	2	468
125	2	468
46	2	471
27	2	472
22	2	474
113	2	475
46	2	480
2	2	482
13	2	482
112	2	482
58	2	486
33	2	487
40	2	487
54	2	487
59	2	487
145	2	487
2	2	488
22	2	488
30	2	488
34	2	488
50	2	488
53	2	488
58	2	488
65	2	488
109	2	488
115	2	488
122	2	488
27	2	492
66	2	492
76	2	492
80	2	492
109	2	492
171	2	492
18	2	494
22	2	494
30	2	494
34	2	494
46	2	494
50	2	494
63	2	494
74	2	494
80	2	494
113	2	494
120	2	494
137	2	494
173	2	494
4	2	497
13	2	497
30	2	497
36	2	497
57	2	497
58	2	497
66	2	497
104	2	497
2	2	498
57	2	498
4	2	499
11	2	499
73	2	499
2	2	505
80	2	507
2	2	508
10	2	508
26	2	508
20	2	510
46	2	510
56	2	510
67	2	510
109	2	510
3	2	512
22	2	512
26	2	512
75	2	512
100	2	512
120	2	512
3	2	513
4	2	513
36	2	513
43	2	513
48	2	513
57	2	513
58	2	513
61	2	513
63	2	513
65	2	513
66	2	513
76	2	513
126	2	513
131	2	513
175	2	513
179	2	513
125	2	514
64	2	515
70	2	515
71	2	515
10	2	521
26	2	521
30	2	521
52	2	521
53	2	521
55	2	521
57	2	521
58	2	521
62	2	521
122	2	521
30	2	522
74	2	524
52	2	525
22	2	526
34	2	526
54	2	526
122	2	526
62	2	531
75	2	532
50	2	533
58	2	533
87	2	533
30	2	537
34	2	537
53	2	537
64	2	537
125	2	537
26	2	538
46	2	538
53	2	538
54	2	538
64	2	538
78	2	538
96	2	538
22	2	540
26	2	544
36	2	544
46	2	544
53	2	544
62	2	544
66	2	544
91	2	544
178	2	544
20	2	546
30	2	546
34	2	546
22	2	547
40	2	548
22	2	551
3	2	552
30	2	552
2	2	554
22	2	555
122	2	558
2	2	559
3	2	559
20	2	559
30	2	559
40	2	559
54	2	559
22	2	560
75	2	560
33	2	561
66	2	561
2	2	562
30	2	562
34	2	562
56	2	562
64	2	562
2	2	567
2	2	577
30	2	577
33	2	577
34	2	577
90	2	577
2	2	578
170	2	580
30	2	582
137	2	582
4	2	584
3	2	585
30	2	585
34	2	585
40	2	585
54	2	585
68	2	585
85	2	585
114	2	585
122	2	585
142	2	585
166	2	585
2	2	591
80	2	592
10	2	593
29	2	593
67	2	593
4	2	594
39	2	594
22	2	595
33	2	595
53	2	595
159	2	595
10	2	596
13	2	596
58	2	596
67	2	596
4	2	597
46	2	597
55	2	597
128	2	597
33	2	601
46	2	601
57	2	601
61	2	601
64	2	601
104	2	601
114	2	601
40	2	604
86	2	604
157	2	604
174	2	604
14	2	606
36	2	606
58	2	606
75	2	606
114	2	606
144	2	606
173	2	610
10	2	612
20	2	612
22	2	612
26	2	612
48	2	612
59	2	612
2	2	613
2	2	618
64	2	621
22	2	623
122	2	623
154	2	623
170	2	623
48	2	624
50	2	624
160	2	624
33	2	625
57	2	625
26	2	630
46	2	630
53	2	630
58	2	630
62	2	630
67	2	630
114	2	630
125	2	630
2	2	631
2	2	632
54	2	632
63	2	632
135	2	632
2	2	634
14	2	634
18	2	634
26	2	634
27	2	634
33	2	634
34	2	634
39	2	634
74	2	634
157	2	634
11	2	635
120	2	636
143	2	637
87	2	640
29	2	642
33	2	642
34	2	642
36	2	642
50	2	642
64	2	642
65	2	642
75	2	642
121	2	642
131	2	642
133	2	642
138	2	642
30	2	646
80	2	646
2	2	647
30	2	647
35	2	647
53	2	647
95	2	647
3	2	648
33	2	648
46	2	648
50	2	648
157	2	648
22	2	649
30	2	649
3	2	651
71	2	652
14	2	653
57	2	653
14	2	654
22	2	654
25	2	654
30	2	654
33	2	654
40	2	654
48	2	654
57	2	654
67	2	654
68	2	654
103	2	654
30	2	655
58	2	655
2	2	657
54	2	657
65	2	657
135	2	657
22	2	658
30	2	658
91	2	658
22	2	660
3	2	663
53	2	663
54	2	663
2	2	664
33	2	664
48	2	664
142	2	664
36	2	665
46	2	665
61	2	665
65	2	665
107	2	666
125	2	666
14	2	668
26	2	668
33	2	668
34	2	668
38	2	668
39	2	668
40	2	668
48	2	668
54	2	668
58	2	668
62	2	668
63	2	668
65	2	668
67	2	668
75	2	668
113	2	668
114	2	668
54	2	672
65	2	672
39	2	673
80	2	674
62	2	677
66	2	677
20	2	679
22	2	685
30	2	685
50	2	685
2	2	687
4	2	687
13	2	687
27	2	687
43	2	687
46	2	687
48	2	687
50	2	687
62	2	687
65	2	687
173	2	687
30	2	693
69	2	696
50	2	698
30	2	700
58	2	700
62	2	700
66	2	700
100	2	700
22	2	706
3	2	709
4	2	709
33	2	709
57	2	709
111	2	709
122	2	709
166	2	709
173	2	710
22	2	711
26	2	711
48	2	711
22	2	712
62	2	712
62	2	718
20	2	719
22	2	723
30	2	724
2	2	726
3	2	726
28	2	726
30	2	726
111	2	726
46	2	728
66	2	728
112	2	728
2	2	731
43	2	732
4	2	734
13	2	734
46	2	734
141	2	735
125	2	738
30	2	739
57	2	740
22	2	743
53	2	743
58	2	743
104	2	743
30	2	744
30	2	745
61	2	745
62	2	745
117	2	745
142	2	745
2	2	751
146	2	754
2	2	760
10	2	760
63	2	760
64	2	760
65	2	760
109	2	760
162	2	760
27	2	761
98	2	761
107	2	761
117	2	761
13	2	763
54	2	763
58	2	763
65	2	763
2	2	765
26	2	765
90	2	765
99	2	765
107	2	765
2	2	766
3	2	766
4	2	766
10	2	766
14	2	766
27	2	766
29	2	766
33	2	766
34	2	766
36	2	766
46	2	766
53	2	766
57	2	766
63	2	766
90	2	766
101	2	766
131	2	766
133	2	766
138	2	766
142	2	766
170	2	766
172	2	766
173	2	766
180	2	766
30	2	767
30	2	769
57	2	769
7	2	770
30	2	770
46	2	770
56	2	770
57	2	770
17	2	772
26	2	772
36	2	772
58	2	772
65	2	772
87	2	772
122	2	772
30	2	776
36	2	776
46	2	776
61	2	776
73	2	776
120	2	776
66	2	777
58	2	778
30	2	779
53	2	779
2	2	784
27	2	784
33	2	784
56	2	784
63	2	784
65	2	784
80	2	784
98	2	784
107	2	784
2	2	787
40	2	787
112	2	787
20	2	790
33	2	790
2	2	792
22	2	794
2	2	795
34	2	797
50	2	797
65	2	797
107	2	797
22	2	798
22	2	800
33	2	801
34	2	801
54	2	801
63	2	801
90	2	801
96	2	801
2	2	805
13	2	805
33	2	805
66	2	805
122	2	805
89	2	810
26	2	813
62	2	813
144	2	813
30	2	814
10	2	816
46	2	816
58	2	816
75	2	816
90	2	816
137	2	816
2	2	820
14	2	820
20	2	820
27	2	820
61	2	820
20	2	821
36	2	821
67	2	821
109	2	821
96	2	822
111	2	822
20	2	828
30	2	828
33	2	828
39	2	828
46	2	828
73	2	828
109	2	828
57	2	829
4	2	830
13	2	830
2	2	832
22	2	834
77	2	834
77	2	837
58	2	838
33	2	839
66	2	839
2	2	842
3	2	843
22	2	843
29	2	844
120	2	844
26	2	852
34	2	852
39	2	852
50	2	852
63	2	852
67	2	852
80	2	852
30	2	853
62	2	856
173	2	856
17	2	859
39	2	859
40	2	859
53	2	859
54	2	859
55	2	859
112	2	859
113	2	859
22	2	861
104	2	861
33	2	863
46	2	863
56	2	863
120	2	863
62	2	864
26	2	867
50	2	867
2	2	868
22	2	870
125	2	872
14	2	873
27	2	873
46	2	873
48	2	873
55	2	873
65	2	873
80	2	873
101	2	873
130	2	873
20	2	874
112	2	874
46	2	875
22	2	876
27	2	876
65	2	876
107	2	876
3	2	882
50	2	882
169	2	882
46	2	885
131	2	885
2	2	887
30	2	887
157	2	887
33	2	889
11	2	890
54	2	890
104	2	890
157	2	890
33	2	891
33	2	893
39	2	893
53	2	893
61	2	893
67	2	893
136	2	893
142	2	893
80	2	894
20	2	898
33	2	899
10	2	900
2	2	903
46	2	903
58	2	903
2	2	904
54	2	907
131	2	907
30	2	909
54	2	910
132	2	910
2	2	914
101	2	918
120	2	918
137	2	930
4	2	931
34	2	931
46	2	931
66	2	931
85	2	931
108	2	931
2	2	934
30	2	934
43	2	934
54	2	934
80	2	934
137	2	934
40	2	937
58	2	937
3	2	938
40	2	938
58	2	938
93	2	940
50	2	941
2	2	942
26	2	942
34	2	942
58	2	942
61	2	942
72	2	942
87	2	942
96	2	942
113	2	942
122	2	942
176	2	942
66	2	943
54	2	945
65	2	947
66	2	947
14	2	950
26	2	950
34	2	950
58	2	950
62	2	950
64	2	950
100	2	950
144	2	950
100	2	951
111	2	951
3	2	953
13	2	953
14	2	953
20	2	953
29	2	953
36	2	953
38	2	953
40	2	953
50	2	953
54	2	953
62	2	953
63	2	953
73	2	953
75	2	953
76	2	953
97	2	953
101	2	953
107	2	953
109	2	953
117	2	953
119	2	953
121	2	953
123	2	953
125	2	953
133	2	953
142	2	953
144	2	953
146	2	953
147	2	953
150	2	953
151	2	953
168	2	953
172	2	953
30	2	954
53	2	955
2	2	957
4	2	957
18	2	957
33	2	957
157	2	957
11	2	958
26	2	958
48	2	958
50	2	958
57	2	958
62	2	958
101	2	958
120	2	958
26	2	960
58	2	962
2	2	963
2	2	964
27	2	965
107	2	973
117	2	973
125	2	973
22	2	975
30	2	976
2	2	977
122	2	977
33	2	981
34	2	981
50	2	981
57	2	983
115	2	988
26	2	992
34	2	992
48	2	992
57	2	992
113	2	992
2	2	996
22	2	997
30	2	998
2	2	1000
56	2	1000
80	2	1000
89	2	1000
3	2	1001
13	2	1001
14	2	1001
17	2	1001
22	2	1001
25	2	1001
28	2	1001
33	2	1001
34	2	1001
36	2	1001
48	2	1001
50	2	1001
53	2	1001
63	2	1001
65	2	1001
101	2	1001
107	2	1001
108	2	1001
114	2	1001
131	2	1001
139	2	1001
142	2	1001
173	2	1001
58	2	1003
134	2	1003
13	2	1005
58	2	1005
3	2	1006
57	2	1006
111	2	1006
137	2	1006
100	2	1007
2	2	1012
62	2	1013
141	2	1013
54	2	1014
46	2	1015
100	2	1015
2	2	1016
27	2	1016
63	2	1016
95	2	1016
2	2	1017
20	2	1017
50	2	1017
54	2	1017
165	2	1017
4	2	1019
22	2	1019
155	2	1019
170	2	1019
58	2	1021
2	2	1023
50	2	1023
53	2	1023
63	2	1023
73	2	1023
80	2	1023
122	2	1023
2	2	1024
20	2	1024
22	2	1024
2	2	1025
46	2	1025
170	2	1025
2	2	1026
4	2	1026
22	2	1026
53	2	1026
63	2	1026
22	2	1028
33	2	1028
65	2	1028
80	2	1028
22	2	1029
30	2	1029
56	2	1029
166	2	1029
2	2	1033
20	2	1033
46	2	1033
53	2	1033
57	2	1033
66	2	1033
89	2	1033
4	2	1036
36	2	1036
17	2	1041
26	2	1041
48	2	1041
53	2	1041
54	2	1041
55	2	1041
63	2	1041
65	2	1041
76	2	1041
136	2	1041
4	2	1043
26	2	1043
30	2	1043
34	2	1043
62	2	1043
75	2	1046
93	2	1046
2	2	1047
3	2	1047
34	2	1047
40	2	1047
50	2	1047
53	2	1047
54	2	1047
3	2	1048
28	2	1048
58	2	1048
91	2	1048
2	2	1049
30	2	1049
93	2	1049
30	2	1051
117	2	1051
4	2	1054
22	2	1054
4	2	1059
36	2	1061
63	2	1061
74	2	1061
4	2	1063
18	2	1063
26	2	1063
48	2	1063
53	2	1063
104	2	1063
107	2	1063
125	2	1063
80	2	1065
2	2	1066
3	2	1066
13	2	1066
20	2	1066
26	2	1066
34	2	1066
52	2	1066
53	2	1066
54	2	1066
61	2	1066
62	2	1066
100	2	1066
14	2	1067
33	2	1067
34	2	1067
48	2	1067
55	2	1067
56	2	1067
57	2	1067
62	2	1067
63	2	1067
130	2	1067
2	2	1074
4	2	1074
11	2	1074
18	2	1074
30	2	1074
74	2	1074
76	2	1074
108	2	1074
157	2	1074
87	2	1075
34	2	1077
50	2	1077
109	2	1077
177	2	1077
170	2	1080
34	2	1085
57	2	1085
104	2	1085
131	2	1085
2	2	1086
2	2	1089
22	2	1089
57	2	1089
61	2	1089
109	2	1089
111	2	1089
125	2	1089
115	2	1090
46	2	1091
66	2	1091
3	2	1092
27	2	1092
34	2	1092
57	2	1092
104	2	1092
27	2	1093
33	2	1093
46	2	1093
67	2	1093
99	2	1093
147	2	1093
100	2	1094
30	2	1095
46	2	1098
50	2	1098
58	2	1098
87	2	1098
30	2	1099
57	2	1102
2	2	1103
30	2	1104
2	2	1105
34	2	1105
58	2	1105
2	2	1106
65	2	1106
87	2	1106
107	2	1106
22	2	1108
22	2	1110
48	2	1110
117	2	1110
3	2	1111
48	2	1111
63	2	1111
65	2	1111
107	2	1111
113	2	1111
125	2	1112
10	2	1118
28	2	1118
29	2	1118
58	2	1121
173	2	1121
2	2	1122
34	2	1122
63	2	1122
140	2	1122
30	2	1123
22	2	1124
3	2	1126
4	2	1126
26	2	1126
30	2	1126
34	2	1126
75	2	1126
107	2	1126
4	2	1127
46	2	1127
28	2	1128
33	2	1128
34	2	1128
36	2	1128
56	2	1128
67	2	1128
115	2	1128
13	2	1133
58	2	1133
62	2	1136
30	2	1137
27	2	1138
30	2	1138
34	2	1138
39	2	1138
46	2	1138
103	2	1138
155	2	1138
2	2	1140
20	2	1140
22	2	1140
22	2	1141
73	2	1142
3	2	1147
54	2	1147
80	2	1147
100	2	1147
57	2	1150
52	2	1152
3	2	1154
22	2	1154
75	2	1154
122	2	1155
2	2	1156
46	2	1159
64	2	1159
13	2	1160
22	2	1160
61	2	1160
67	2	1160
3	2	1161
40	2	1161
57	2	1161
122	2	1161
2	5	374
13	5	374
17	5	374
33	5	374
34	5	374
119	5	374
327	5	374
2	5	375
54	5	375
100	5	375
352	5	375
2	5	382
4	5	382
30	5	382
100	5	382
104	5	382
131	5	382
280	5	382
361	5	382
2	5	386
351	5	386
4	5	387
30	5	387
39	5	387
43	5	387
55	5	387
112	5	387
115	5	387
125	5	387
33	5	390
101	5	390
281	5	390
330	5	390
34	5	392
33	5	394
230	5	394
211	5	395
112	5	396
4	5	398
4	5	401
33	5	401
34	5	401
39	5	403
57	5	406
10	5	407
43	5	407
141	5	407
182	5	407
327	5	407
61	5	408
101	5	408
205	5	408
34	5	410
66	5	410
66	5	412
4	5	414
34	5	415
3	5	416
13	5	416
34	5	416
39	5	416
90	5	416
91	5	416
104	5	416
114	5	416
123	5	416
171	5	416
211	5	416
221	5	416
254	5	416
222	5	417
30	5	419
59	5	419
13	5	420
33	5	420
34	5	420
43	5	420
59	5	420
66	5	420
221	5	420
2	5	422
3	5	423
30	5	423
34	5	423
39	5	423
40	5	423
46	5	423
64	5	423
74	5	423
104	5	423
13	5	424
33	5	424
55	5	424
90	5	424
104	5	424
108	5	424
2	5	427
165	5	427
4	5	428
53	5	428
100	5	428
220	5	428
332	5	428
2	5	429
4	5	429
30	5	429
33	5	429
39	5	429
90	5	429
100	5	429
103	5	429
116	5	429
160	5	429
66	5	430
347	5	431
10	5	432
13	5	432
104	5	432
182	5	432
116	5	433
13	5	434
116	5	434
13	5	435
67	5	435
150	5	435
157	5	435
182	5	435
359	5	435
13	5	440
55	5	440
123	5	440
240	5	440
352	5	440
30	5	441
4	5	444
34	5	447
350	5	447
66	5	449
11	5	450
34	5	450
54	5	450
90	5	450
100	5	450
33	5	451
222	5	452
2	5	456
7	5	456
120	5	456
142	5	456
171	5	456
221	5	456
222	5	456
329	5	456
336	5	456
13	5	463
90	5	463
34	5	464
227	5	464
211	5	465
2	5	466
30	5	473
141	5	475
157	5	475
177	5	475
350	5	476
211	5	479
10	5	482
30	5	482
33	5	482
55	5	482
101	5	482
157	5	482
165	5	482
222	5	482
280	5	482
329	5	482
339	5	482
4	5	483
30	5	485
30	5	486
34	5	486
46	5	486
365	5	486
11	5	487
17	5	487
43	5	487
65	5	487
66	5	487
104	5	487
123	5	487
141	5	487
211	5	487
369	5	487
4	5	488
13	5	488
114	5	488
125	5	488
138	5	488
172	5	488
254	5	488
329	5	488
336	5	488
345	5	488
287	5	491
4	5	492
11	5	492
33	5	492
39	5	492
57	5	492
90	5	492
100	5	492
115	5	492
131	5	492
177	5	492
195	5	492
205	5	492
221	5	492
240	5	492
2	5	494
13	5	494
26	5	494
33	5	494
39	5	494
40	5	494
55	5	494
59	5	494
85	5	494
91	5	494
101	5	494
104	5	494
125	5	494
126	5	494
329	5	494
34	5	495
66	5	495
141	5	495
34	5	497
65	5	497
67	5	497
135	5	497
334	5	497
108	5	498
157	5	498
13	5	499
100	5	499
114	5	499
54	5	500
66	5	500
221	5	500
232	5	500
33	5	501
240	5	503
112	5	504
340	5	504
39	5	506
59	5	506
141	5	506
13	5	508
75	5	508
157	5	508
345	5	508
4	5	510
104	5	510
157	5	510
344	5	510
2	5	512
4	5	512
2	5	513
13	5	513
39	5	513
40	5	513
62	5	513
67	5	513
85	5	513
90	5	513
104	5	513
138	5	513
157	5	513
171	5	513
329	5	513
336	5	513
2	5	514
2	5	515
18	5	515
28	5	515
30	5	515
33	5	515
34	5	515
59	5	515
65	5	515
182	5	515
4	5	519
2	5	521
4	5	521
11	5	521
33	5	521
100	5	521
104	5	521
114	5	521
246	5	521
329	5	521
34	5	523
33	5	524
240	5	524
10	5	525
66	5	525
240	5	525
345	5	525
4	5	526
58	5	526
135	5	526
351	5	528
2	5	531
34	5	531
4	5	532
112	5	532
2	5	533
33	5	533
34	5	533
53	5	533
59	5	533
104	5	533
171	5	533
182	5	534
39	5	537
4	5	538
11	5	538
39	5	538
66	5	538
90	5	538
101	5	538
138	5	538
160	5	538
231	5	538
2	5	544
13	5	544
20	5	544
33	5	544
34	5	544
40	5	544
58	5	544
155	5	544
176	5	544
211	5	544
230	5	544
267	5	544
2	5	546
7	5	546
13	5	546
17	5	546
33	5	546
59	5	546
97	5	546
100	5	546
103	5	546
119	5	546
123	5	546
155	5	546
160	5	546
2	5	547
13	5	547
40	5	547
93	5	547
114	5	547
142	5	547
4	5	548
34	5	548
66	5	548
232	5	549
2	5	552
20	5	552
101	5	552
222	5	552
246	5	552
4	5	559
63	5	559
104	5	559
131	5	559
296	5	559
10	5	561
36	5	561
39	5	561
56	5	561
336	5	561
346	5	561
13	5	562
43	5	562
66	5	562
222	5	562
240	5	562
222	5	563
208	5	564
13	5	570
34	5	570
329	5	570
112	5	572
76	5	573
112	5	573
352	5	574
351	5	575
357	5	576
85	5	577
182	5	577
211	5	577
66	5	578
2	5	580
13	5	580
104	5	580
351	5	580
336	5	581
34	5	582
2	5	584
329	5	584
4	5	585
11	5	585
13	5	585
55	5	585
58	5	585
91	5	585
100	5	585
115	5	585
131	5	585
240	5	585
211	5	589
13	5	591
46	5	591
58	5	591
157	5	591
240	5	591
4	5	593
28	5	593
33	5	593
39	5	593
65	5	593
66	5	593
85	5	593
87	5	593
99	5	593
184	5	593
211	5	593
227	5	593
329	5	593
336	5	593
362	5	593
33	5	594
46	5	594
57	5	594
4	5	595
13	5	595
30	5	595
34	5	595
33	5	596
55	5	596
91	5	596
97	5	596
116	5	596
141	5	596
184	5	596
211	5	596
227	5	596
336	5	596
362	5	596
10	5	597
26	5	597
28	5	597
33	5	597
39	5	597
66	5	597
85	5	597
90	5	597
101	5	597
142	5	597
157	5	597
160	5	597
211	5	597
220	5	597
222	5	597
336	5	597
30	5	598
222	5	598
2	5	600
2	5	601
4	5	601
30	5	601
123	5	601
254	5	601
232	5	602
2	5	603
34	5	603
350	5	603
2	5	604
4	5	604
10	5	604
11	5	604
66	5	604
123	5	604
4	5	606
7	5	606
11	5	606
13	5	606
30	5	606
33	5	606
57	5	606
100	5	606
138	5	606
240	5	606
34	5	610
7	5	612
11	5	612
17	5	612
34	5	612
119	5	612
13	5	617
33	5	618
34	5	618
350	5	618
2	5	621
104	5	621
358	5	621
4	5	623
39	5	623
40	5	623
66	5	623
338	5	623
4	5	624
28	5	625
66	5	625
216	5	625
227	5	625
2	5	626
30	5	627
160	5	627
13	5	629
2	5	630
4	5	630
29	5	630
30	5	630
33	5	630
57	5	630
66	5	630
100	5	630
131	5	630
4	5	632
40	5	632
58	5	632
61	5	632
66	5	632
123	5	632
125	5	632
138	5	632
39	5	633
43	5	634
91	5	634
100	5	634
182	5	634
334	5	634
34	5	635
65	5	637
125	5	637
351	5	637
340	5	640
20	5	642
40	5	642
61	5	642
62	5	642
108	5	642
111	5	642
114	5	642
123	5	642
142	5	642
157	5	642
160	5	642
165	5	642
235	5	642
280	5	642
334	5	642
346	5	642
30	5	643
34	5	646
34	5	647
54	5	647
55	5	647
108	5	647
142	5	647
155	5	647
220	5	647
334	5	647
346	5	647
13	5	648
30	5	648
91	5	648
124	5	648
125	5	648
2	5	649
34	5	649
55	5	649
2	5	651
33	5	651
39	5	651
46	5	651
55	5	651
58	5	651
142	5	651
157	5	651
177	5	651
216	5	651
222	5	651
2	5	653
4	5	653
13	5	653
33	5	653
100	5	653
4	5	654
13	5	654
55	5	654
75	5	654
101	5	654
116	5	654
123	5	654
160	5	654
176	5	654
220	5	654
221	5	654
315	5	654
325	5	654
48	5	655
39	5	657
160	5	657
327	5	657
2	5	658
4	5	658
33	5	658
53	5	658
55	5	658
61	5	658
101	5	658
165	5	658
182	5	658
39	5	661
97	5	661
182	5	661
39	5	662
254	5	663
13	5	665
100	5	665
334	5	667
11	5	668
28	5	668
55	5	668
66	5	668
72	5	668
85	5	668
87	5	668
100	5	668
103	5	668
104	5	668
123	5	668
157	5	668
167	5	668
231	5	668
336	5	668
39	5	670
13	5	672
55	5	672
66	5	672
90	5	672
142	5	672
240	5	672
46	5	673
57	5	673
221	5	673
34	5	674
150	5	674
334	5	676
2	5	677
4	5	677
34	5	677
61	5	677
221	5	677
338	5	677
2	5	679
13	5	679
17	5	679
33	5	679
34	5	679
97	5	679
119	5	679
327	5	679
34	5	680
11	5	681
13	5	681
112	5	682
157	5	683
4	5	684
104	5	684
281	5	684
2	5	685
34	5	685
55	5	685
112	5	686
39	5	687
66	5	687
100	5	687
103	5	687
131	5	687
142	5	687
235	5	687
2	5	691
2	5	695
205	5	696
10	5	698
43	5	698
85	5	698
141	5	698
168	5	698
182	5	698
2	5	700
4	5	700
10	5	700
13	5	700
33	5	700
85	5	700
131	5	700
170	5	700
336	5	700
4	5	707
34	5	707
66	5	709
103	5	709
138	5	709
177	5	709
196	5	709
221	5	709
182	5	710
231	5	710
33	5	711
34	5	711
66	5	711
346	5	711
350	5	714
33	5	715
65	5	716
65	5	717
2	5	719
33	5	719
39	5	719
59	5	719
104	5	719
138	5	719
157	5	719
221	5	719
123	5	721
336	5	722
4	5	726
10	5	726
13	5	726
34	5	726
39	5	726
55	5	726
59	5	726
65	5	726
66	5	726
90	5	726
114	5	726
157	5	726
177	5	726
221	5	728
230	5	728
281	5	728
336	5	728
351	5	729
4	5	731
33	5	731
34	5	731
114	5	731
4	5	732
30	5	733
34	5	733
7	5	734
10	5	734
65	5	734
100	5	734
103	5	734
116	5	734
171	5	734
39	5	735
40	5	735
157	5	735
336	5	735
357	5	739
66	5	740
327	5	740
7	5	743
13	5	743
30	5	743
99	5	743
120	5	743
123	5	743
221	5	743
222	5	743
336	5	743
361	5	743
125	5	744
10	5	746
30	5	746
40	5	746
221	5	746
131	5	752
211	5	752
34	5	756
66	5	756
4	5	760
36	5	760
90	5	760
100	5	760
138	5	760
222	5	760
329	5	760
334	5	760
2	5	761
33	5	761
112	5	761
254	5	761
2	5	762
13	5	762
46	5	762
58	5	762
66	5	763
99	5	763
361	5	763
34	5	764
116	5	764
329	5	764
4	5	765
10	5	765
33	5	765
55	5	765
91	5	765
101	5	765
138	5	765
11	5	766
20	5	766
26	5	766
28	5	766
61	5	766
65	5	766
75	5	766
91	5	766
104	5	766
112	5	766
125	5	766
143	5	766
160	5	766
165	5	766
194	5	766
221	5	766
222	5	766
235	5	766
280	5	766
285	5	766
327	5	766
370	5	766
222	5	769
13	5	770
33	5	770
55	5	770
64	5	770
100	5	770
125	5	770
160	5	770
221	5	770
227	5	770
334	5	770
346	5	771
13	5	772
40	5	772
46	5	772
55	5	772
59	5	772
91	5	772
230	5	772
240	5	772
11	5	773
13	5	773
55	5	773
177	5	773
30	5	774
4	5	776
34	5	776
66	5	776
221	5	776
230	5	776
30	5	778
34	5	778
46	5	778
365	5	778
4	5	779
33	5	779
34	5	779
66	5	779
91	5	779
100	5	779
356	5	779
10	5	784
30	5	784
87	5	784
123	5	784
219	5	784
296	5	784
4	5	787
66	5	787
4	5	789
157	5	789
240	5	789
13	5	790
39	5	790
157	5	790
34	5	794
10	5	797
39	5	797
55	5	797
66	5	797
85	5	797
103	5	797
112	5	797
211	5	797
222	5	797
240	5	797
59	5	798
85	5	798
40	5	800
90	5	800
184	5	800
350	5	800
10	5	801
43	5	801
85	5	801
125	5	801
336	5	801
4	5	805
28	5	805
34	5	805
67	5	805
90	5	805
222	5	805
227	5	805
336	5	805
359	5	805
362	5	805
368	5	805
2	5	807
157	5	809
30	5	810
34	5	810
40	5	810
87	5	810
135	5	810
240	5	810
329	5	810
4	5	813
13	5	813
33	5	813
39	5	813
40	5	813
57	5	813
66	5	813
90	5	813
91	5	813
100	5	813
131	5	813
165	5	813
176	5	813
222	5	813
280	5	813
39	5	814
30	5	815
100	5	816
165	5	817
2	5	818
30	5	818
95	5	818
30	5	820
34	5	820
39	5	820
57	5	820
64	5	820
74	5	820
104	5	820
4	5	821
28	5	821
54	5	821
90	5	821
227	5	821
4	5	822
10	5	822
34	5	822
58	5	822
123	5	822
320	5	822
334	5	822
352	5	822
359	5	822
112	5	825
4	5	827
2	5	828
7	5	828
11	5	828
13	5	828
17	5	828
34	5	828
100	5	828
119	5	828
327	5	828
157	5	829
287	5	829
10	5	830
66	5	830
165	5	830
184	5	830
30	5	831
34	5	832
39	5	832
40	5	832
54	5	832
157	5	832
142	5	834
2	5	835
33	5	835
100	5	835
4	5	837
33	5	837
43	5	837
67	5	837
87	5	837
99	5	837
116	5	837
123	5	837
220	5	837
222	5	837
334	5	837
13	5	838
13	5	840
65	5	843
33	5	844
34	5	844
55	5	844
141	5	844
215	5	844
227	5	844
336	5	844
362	5	844
39	5	846
55	5	846
357	5	846
112	5	847
240	5	847
55	5	849
58	5	849
13	5	852
20	5	852
30	5	852
55	5	852
66	5	852
85	5	852
87	5	852
97	5	852
123	5	852
155	5	852
157	5	852
160	5	852
182	5	852
336	5	852
356	5	852
361	5	852
2	5	855
40	5	855
254	5	855
33	5	857
33	5	859
43	5	859
57	5	859
59	5	859
62	5	859
85	5	859
90	5	859
141	5	859
160	5	859
240	5	859
13	5	861
39	5	863
123	5	863
4	5	864
39	5	864
59	5	864
221	5	864
10	5	867
39	5	867
43	5	867
85	5	867
141	5	867
168	5	867
222	5	871
4	5	873
11	5	873
26	5	873
28	5	873
33	5	873
39	5	873
53	5	873
90	5	873
157	5	873
160	5	873
193	5	873
211	5	873
227	5	873
246	5	873
325	5	873
332	5	873
368	5	873
10	5	874
30	5	874
33	5	874
55	5	874
66	5	874
101	5	874
157	5	874
222	5	874
280	5	874
329	5	874
339	5	874
4	5	876
10	5	876
13	5	876
33	5	876
40	5	876
57	5	876
90	5	876
93	5	876
114	5	876
122	5	876
125	5	876
211	5	876
222	5	876
227	5	876
329	5	876
334	5	876
34	5	882
182	5	882
254	5	882
30	5	884
39	5	885
346	5	886
34	5	887
39	5	887
90	5	887
222	5	888
33	5	890
34	5	890
39	5	890
46	5	890
100	5	890
123	5	890
2	5	893
4	5	893
13	5	893
28	5	893
30	5	893
43	5	893
66	5	893
85	5	893
101	5	893
125	5	893
157	5	893
220	5	893
221	5	893
231	5	893
34	5	894
65	5	894
211	5	897
4	5	898
112	5	898
329	5	898
2	5	900
100	5	900
2	5	902
30	5	903
61	5	903
138	5	903
240	5	903
33	5	904
2	5	907
4	5	907
13	5	907
34	5	907
39	5	907
66	5	907
354	5	907
66	5	909
100	5	909
160	5	909
336	5	909
4	5	910
48	5	913
346	5	915
30	5	916
222	5	921
13	5	925
4	5	926
33	5	926
34	5	926
109	5	930
157	5	930
40	5	931
76	5	931
90	5	931
100	5	931
125	5	931
182	5	931
205	5	931
222	5	931
254	5	931
327	5	931
13	5	934
33	5	934
91	5	934
2	5	936
34	5	937
39	5	937
43	5	937
125	5	937
138	5	937
141	5	937
142	5	937
34	5	938
39	5	938
43	5	938
59	5	938
62	5	938
85	5	938
138	5	938
141	5	938
142	5	938
160	5	938
34	5	940
66	5	940
114	5	940
141	5	940
367	5	940
103	5	941
53	5	942
59	5	942
66	5	942
103	5	942
114	5	942
116	5	942
177	5	942
182	5	942
205	5	942
336	5	942
344	5	942
39	5	944
138	5	946
34	5	947
4	5	950
33	5	950
90	5	950
171	5	950
33	5	951
85	5	951
157	5	951
332	5	951
10	5	953
43	5	953
46	5	953
55	5	953
58	5	953
74	5	953
91	5	953
103	5	953
112	5	953
114	5	953
116	5	953
138	5	953
155	5	953
157	5	953
164	5	953
221	5	953
222	5	953
227	5	953
230	5	953
240	5	953
280	5	953
285	5	953
326	5	953
332	5	953
336	5	953
356	5	953
361	5	953
55	5	954
296	5	954
13	5	955
40	5	955
222	5	956
13	5	957
91	5	957
123	5	957
323	5	957
30	5	958
33	5	958
39	5	958
58	5	958
85	5	958
91	5	958
100	5	958
116	5	958
125	5	958
131	5	958
182	5	958
235	5	958
296	5	958
325	5	958
336	5	958
372	5	958
232	5	960
346	5	960
34	5	961
66	5	961
33	5	962
48	5	962
59	5	962
90	5	962
104	5	962
112	5	963
340	5	964
34	5	965
357	5	969
34	5	971
138	5	971
141	5	971
2	5	973
4	5	973
7	5	973
55	5	973
246	5	973
323	5	973
331	5	973
4	5	977
55	5	977
342	5	977
55	5	978
157	5	981
211	5	981
11	5	982
13	5	982
334	5	982
125	5	984
100	5	985
66	5	987
123	5	987
157	5	987
97	5	988
2	5	989
33	5	989
157	5	989
336	5	989
360	5	990
20	5	992
28	5	992
39	5	992
59	5	992
100	5	992
104	5	992
114	5	992
116	5	992
123	5	992
160	5	992
221	5	992
240	5	992
334	5	992
369	5	992
13	5	997
112	5	997
4	5	1000
13	5	1000
57	5	1000
123	5	1000
240	5	1000
351	5	1000
4	5	1001
26	5	1001
30	5	1001
54	5	1001
55	5	1001
85	5	1001
90	5	1001
100	5	1001
103	5	1001
104	5	1001
123	5	1001
125	5	1001
157	5	1001
176	5	1001
221	5	1001
327	5	1001
332	5	1001
348	5	1001
353	5	1001
356	5	1001
373	5	1001
13	5	1003
104	5	1003
240	5	1003
352	5	1003
33	5	1005
34	5	1005
43	5	1005
33	5	1006
67	5	1006
100	5	1006
13	5	1009
34	5	1009
33	5	1010
33	5	1011
11	5	1012
4	5	1015
34	5	1015
329	5	1015
30	5	1016
55	5	1016
90	5	1016
125	5	1016
7	5	1017
17	5	1017
33	5	1017
59	5	1017
90	5	1017
119	5	1017
138	5	1017
339	5	1017
359	5	1017
33	5	1019
34	5	1019
66	5	1019
67	5	1019
157	5	1019
2	5	1020
2	5	1021
296	5	1021
100	5	1023
104	5	1023
125	5	1023
157	5	1023
222	5	1023
240	5	1023
329	5	1023
17	5	1024
33	5	1024
34	5	1024
39	5	1024
64	5	1024
119	5	1024
138	5	1024
167	5	1024
227	5	1024
240	5	1024
327	5	1024
4	5	1025
91	5	1025
97	5	1025
150	5	1025
182	5	1025
30	5	1026
39	5	1026
101	5	1026
221	5	1026
2	5	1027
4	5	1027
33	5	1027
66	5	1027
85	5	1027
157	5	1027
221	5	1027
30	5	1028
57	5	1028
99	5	1028
2	5	1029
11	5	1029
211	5	1030
345	5	1030
4	5	1032
33	5	1032
39	5	1032
123	5	1032
7	5	1033
13	5	1033
17	5	1033
58	5	1033
85	5	1033
100	5	1033
112	5	1033
119	5	1033
325	5	1033
34	5	1035
66	5	1035
157	5	1035
2	5	1036
3	5	1036
61	5	1036
138	5	1036
157	5	1036
240	5	1036
48	5	1037
66	5	1037
66	5	1039
33	5	1041
34	5	1041
39	5	1041
59	5	1041
62	5	1041
66	5	1041
85	5	1041
108	5	1041
123	5	1041
138	5	1041
141	5	1041
160	5	1041
177	5	1041
240	5	1041
329	5	1041
343	5	1041
13	5	1043
65	5	1043
235	5	1043
91	5	1044
360	5	1045
66	5	1046
141	5	1046
10	5	1047
43	5	1047
104	5	1047
141	5	1047
182	5	1047
327	5	1047
4	5	1048
33	5	1048
34	5	1048
67	5	1048
123	5	1048
329	5	1048
334	5	1048
34	5	1049
141	5	1049
157	5	1049
65	5	1050
61	5	1051
157	5	1051
2	5	1054
75	5	1054
2	5	1059
182	5	1059
2	5	1061
4	5	1061
39	5	1061
55	5	1061
99	5	1061
116	5	1061
2	5	1063
10	5	1063
13	5	1063
33	5	1063
34	5	1063
40	5	1063
66	5	1063
93	5	1063
114	5	1063
240	5	1063
2	5	1065
150	5	1065
7	5	1066
10	5	1066
17	5	1066
30	5	1066
33	5	1066
65	5	1066
90	5	1066
119	5	1066
138	5	1066
155	5	1066
208	5	1066
336	5	1066
338	5	1066
359	5	1066
50	5	1067
54	5	1067
66	5	1067
75	5	1067
90	5	1067
97	5	1067
103	5	1067
123	5	1067
143	5	1067
157	5	1067
160	5	1067
194	5	1067
222	5	1067
227	5	1067
230	5	1067
246	5	1067
332	5	1067
368	5	1067
34	5	1071
66	5	1071
97	5	1071
240	5	1071
10	5	1074
13	5	1074
33	5	1074
90	5	1074
91	5	1074
100	5	1074
131	5	1074
221	5	1074
239	5	1074
323	5	1074
336	5	1074
30	5	1075
59	5	1075
43	5	1077
66	5	1077
85	5	1077
90	5	1077
100	5	1077
104	5	1077
123	5	1077
125	5	1077
157	5	1077
182	5	1077
235	5	1077
358	5	1078
347	5	1079
40	5	1080
125	5	1080
281	5	1080
222	5	1082
30	5	1083
90	5	1084
205	5	1085
4	5	1086
30	5	1086
33	5	1086
34	5	1086
114	5	1086
13	5	1089
30	5	1089
33	5	1089
54	5	1089
63	5	1089
66	5	1089
100	5	1089
104	5	1089
138	5	1089
221	5	1089
104	5	1090
2	5	1091
125	5	1091
13	5	1092
66	5	1092
89	5	1092
90	5	1092
112	5	1092
122	5	1092
131	5	1092
165	5	1092
213	5	1092
112	5	1093
125	5	1093
157	5	1093
239	5	1093
356	5	1093
182	5	1094
13	5	1097
4	5	1098
53	5	1098
59	5	1098
104	5	1098
171	5	1098
66	5	1099
33	5	1103
40	5	1103
55	5	1103
222	5	1103
240	5	1105
4	5	1106
104	5	1106
123	5	1107
34	5	1110
64	5	1110
4	5	1111
13	5	1111
26	5	1111
34	5	1111
40	5	1111
53	5	1111
57	5	1111
90	5	1111
171	5	1111
329	5	1111
359	5	1111
4	5	1113
39	5	1113
55	5	1113
66	5	1113
100	5	1113
157	5	1113
10	5	1114
30	5	1114
40	5	1114
221	5	1114
33	5	1118
55	5	1118
65	5	1118
67	5	1118
90	5	1118
114	5	1118
211	5	1118
227	5	1118
336	5	1118
362	5	1118
125	5	1122
164	5	1122
39	5	1124
18	5	1126
40	5	1126
55	5	1126
65	5	1126
112	5	1126
123	5	1126
216	5	1126
2	5	1127
34	5	1127
48	5	1127
53	5	1127
66	5	1127
85	5	1127
131	5	1127
4	5	1128
11	5	1128
13	5	1128
61	5	1128
90	5	1128
103	5	1128
222	5	1128
227	5	1128
362	5	1128
2	5	1133
33	5	1133
34	5	1133
43	5	1133
59	5	1133
39	5	1136
2	5	1138
36	5	1138
40	5	1138
65	5	1138
100	5	1138
325	5	1138
329	5	1138
2	5	1139
17	5	1140
33	5	1140
39	5	1140
64	5	1140
119	5	1140
138	5	1140
167	5	1140
227	5	1140
240	5	1140
327	5	1140
2	5	1143
2	5	1146
4	5	1146
4	5	1147
34	5	1149
39	5	1149
46	5	1149
55	5	1149
58	5	1149
114	5	1149
123	5	1149
157	5	1149
208	5	1149
216	5	1149
296	5	1149
334	5	1149
352	5	1149
359	5	1149
33	5	1151
34	5	1151
58	5	1152
2	5	1154
112	5	1154
232	5	1154
315	5	1154
221	5	1158
340	5	1158
33	5	1159
43	5	1159
100	5	1159
33	5	1160
34	5	1160
55	5	1160
85	5	1160
227	5	1160
336	5	1160
39	5	1161
59	5	1161
62	5	1161
85	5	1161
101	5	1161
111	5	1161
141	5	1161
160	5	1161
369	5	1161
30	3	374
43	3	374
91	3	374
157	3	374
160	3	374
4	3	375
13	3	375
39	3	375
58	3	375
66	3	375
104	3	375
182	3	375
2	3	379
66	3	382
67	3	382
101	3	382
13	3	387
66	3	387
91	3	387
104	3	387
142	3	387
104	3	388
4	3	390
87	3	390
104	3	390
4	3	392
63	3	392
26	3	393
39	3	393
2	3	394
13	3	395
213	3	395
2	3	396
2	3	397
4	3	397
104	3	397
46	3	398
66	3	398
131	3	398
157	3	398
2	3	400
17	3	400
11	3	401
26	3	401
89	3	401
114	3	401
33	3	406
13	3	407
39	3	407
157	3	407
4	3	409
54	3	409
17	3	410
33	3	410
39	3	410
157	3	410
4	3	415
27	3	416
64	3	416
65	3	416
67	3	416
101	3	416
168	3	416
172	3	416
182	3	416
222	3	416
239	3	416
4	3	420
36	3	420
76	3	420
85	3	420
182	3	420
13	3	423
33	3	423
59	3	423
66	3	423
219	3	423
222	3	423
286	3	423
2	3	424
104	3	426
104	3	427
39	3	428
66	3	428
109	3	428
66	3	429
91	3	429
95	3	429
2	3	432
26	3	432
87	3	432
131	3	432
26	3	433
39	3	433
157	3	433
43	3	434
64	3	434
156	3	434
2	3	435
39	3	435
66	3	435
90	3	435
3	3	437
114	3	440
104	3	444
131	3	444
222	3	444
48	3	445
80	3	445
232	3	445
114	3	447
4	3	449
34	3	449
48	3	449
160	3	449
36	3	452
26	3	456
33	3	456
116	3	456
160	3	456
178	3	456
303	3	456
63	3	463
76	3	463
104	3	463
33	3	464
54	3	464
76	3	464
91	3	464
120	3	464
104	3	470
34	3	475
40	3	475
64	3	475
66	3	475
67	3	475
186	3	475
233	3	475
114	3	478
4	3	480
63	3	480
40	3	481
3	3	482
46	3	482
66	3	482
91	3	482
104	3	482
111	3	482
124	3	482
67	3	483
2	3	484
13	3	485
2	3	486
17	3	486
40	3	486
67	3	486
90	3	486
3	3	487
34	3	487
39	3	487
46	3	487
63	3	487
157	3	487
182	3	487
283	3	487
27	3	488
66	3	488
86	3	488
104	3	488
184	3	488
309	3	488
66	3	491
55	3	492
56	3	492
59	3	492
77	3	492
104	3	492
107	3	492
160	3	492
182	3	492
213	3	492
286	3	492
291	3	492
63	3	493
10	3	494
64	3	494
160	3	494
293	3	494
317	3	494
26	3	495
39	3	495
104	3	495
138	3	495
54	3	497
55	3	497
63	3	497
64	3	497
87	3	497
114	3	497
125	3	497
131	3	497
13	3	498
33	3	499
76	3	499
13	3	500
36	3	500
131	3	500
160	3	500
2	3	502
13	3	504
27	3	505
2	3	506
66	3	506
104	3	506
154	3	506
225	3	507
39	3	508
131	3	508
160	3	508
2	3	510
33	3	510
36	3	510
96	3	510
182	3	510
104	3	511
11	3	512
30	3	512
66	3	512
30	3	513
86	3	513
87	3	513
114	3	513
144	3	513
184	3	513
242	3	513
251	3	513
10	3	515
36	3	515
39	3	515
40	3	515
48	3	515
91	3	515
104	3	515
131	3	515
160	3	515
13	3	517
33	3	517
35	3	519
63	3	519
20	3	521
27	3	521
40	3	521
63	3	521
90	3	521
111	3	521
126	3	521
156	3	521
157	3	521
221	3	521
262	3	521
66	3	522
39	3	523
30	3	524
36	3	524
63	3	525
10	3	526
213	3	526
314	3	526
66	3	532
30	3	533
39	3	533
57	3	533
156	3	533
4	3	534
26	3	537
48	3	537
66	3	537
123	3	537
160	3	537
27	3	538
34	3	538
87	3	538
105	3	538
114	3	538
126	3	538
131	3	538
142	3	538
157	3	538
205	3	542
2	3	543
10	3	544
11	3	544
39	3	544
54	3	544
65	3	544
67	3	544
122	3	544
144	3	544
160	3	544
182	3	544
18	3	546
63	3	546
91	3	546
57	3	547
10	3	548
17	3	548
33	3	548
39	3	548
157	3	548
91	3	552
156	3	552
164	3	552
40	3	553
33	3	556
87	3	559
171	3	559
13	3	561
30	3	561
150	3	561
213	3	561
311	3	561
108	3	562
144	3	562
212	3	562
48	3	564
90	3	564
104	3	564
138	3	564
26	3	570
30	3	570
182	3	570
2	3	573
4	3	573
33	3	573
154	3	575
142	3	577
318	3	577
4	3	580
66	3	580
182	3	580
221	3	580
142	3	581
182	3	581
4	3	582
13	3	582
33	3	582
39	3	582
46	3	582
104	3	583
30	3	584
7	3	585
26	3	585
48	3	585
53	3	585
64	3	585
67	3	585
145	3	585
319	3	585
104	3	591
212	3	591
18	3	593
36	3	593
40	3	593
80	3	593
104	3	593
114	3	593
138	3	593
142	3	593
154	3	593
237	3	593
2	3	594
13	3	594
66	3	594
182	3	594
2	3	595
26	3	595
39	3	595
95	3	595
104	3	595
109	3	595
66	3	596
76	3	596
100	3	596
114	3	596
120	3	596
131	3	596
196	3	596
3	3	597
27	3	597
38	3	597
63	3	597
91	3	597
114	3	597
126	3	597
145	3	597
215	3	597
232	3	597
2	3	598
39	3	598
48	3	600
97	3	600
182	3	600
10	3	601
55	3	601
13	3	604
30	3	604
33	3	604
67	3	604
87	3	604
142	3	604
230	3	604
18	3	606
34	3	606
39	3	606
90	3	606
101	3	606
120	3	606
150	3	606
26	3	611
18	3	612
30	3	612
54	3	612
91	3	612
160	3	612
11	3	614
104	3	617
4	3	618
39	3	619
40	3	620
13	3	623
17	3	623
2	3	624
13	3	624
33	3	624
39	3	624
46	3	624
139	3	624
30	3	625
222	3	625
46	3	627
66	3	629
34	3	630
40	3	630
59	3	630
122	3	630
160	3	630
172	3	630
26	3	632
30	3	632
34	3	632
36	3	632
38	3	632
48	3	632
85	3	632
104	3	632
157	3	632
164	3	632
236	3	632
53	3	634
54	3	634
80	3	634
114	3	634
160	3	634
2	3	635
4	3	635
7	3	635
66	3	635
76	3	635
104	3	635
108	3	635
3	3	642
52	3	642
74	3	642
221	3	642
306	3	642
4	3	645
2	3	646
66	3	646
282	3	646
3	3	647
36	3	647
48	3	647
66	3	647
2	3	648
39	3	648
65	3	648
66	3	648
160	3	648
4	3	649
4	3	651
66	3	651
75	3	651
182	3	651
2	3	652
26	3	653
66	3	653
2	3	654
10	3	654
38	3	654
54	3	654
80	3	654
89	3	654
90	3	654
111	3	654
131	3	654
142	3	654
159	3	654
164	3	654
251	3	654
293	3	654
312	3	654
13	3	657
33	3	657
59	3	657
66	3	657
70	3	657
74	3	657
87	3	657
101	3	657
104	3	657
26	3	658
54	3	658
87	3	658
90	3	658
295	3	658
90	3	659
30	3	660
66	3	660
120	3	660
33	3	662
104	3	662
265	3	662
4	3	663
52	3	663
46	3	664
30	3	665
4	3	668
25	3	668
150	3	668
182	3	668
219	3	668
222	3	668
313	3	668
317	3	668
2	3	671
2	3	673
13	3	673
66	3	673
182	3	673
13	3	677
30	3	677
46	3	677
53	3	677
114	3	677
142	3	677
160	3	677
280	3	677
304	3	677
308	3	677
30	3	679
43	3	679
91	3	679
160	3	679
2	3	680
4	3	680
4	3	681
104	3	682
225	3	682
26	3	684
4	3	685
2	3	686
290	3	686
7	3	687
26	3	687
30	3	687
53	3	687
57	3	687
58	3	687
114	3	687
139	3	687
304	3	687
33	3	690
57	3	696
4	3	698
30	3	698
58	3	698
66	3	698
11	3	700
26	3	700
35	3	700
36	3	700
46	3	700
57	3	700
80	3	700
87	3	700
135	3	700
304	3	700
322	3	700
2	3	704
46	3	705
2	3	707
39	3	707
104	3	707
125	3	707
26	3	709
39	3	709
65	3	709
85	3	709
104	3	709
114	3	709
120	3	709
126	3	709
131	3	709
160	3	709
298	3	709
4	3	710
7	3	710
18	3	710
26	3	710
33	3	710
66	3	710
104	3	710
46	3	711
150	3	711
4	3	719
66	3	719
87	3	719
63	3	721
46	3	722
59	3	722
104	3	722
104	3	724
17	3	726
104	3	726
182	3	726
213	3	726
2	3	728
13	3	728
54	3	728
89	3	728
104	3	728
256	3	728
287	3	728
66	3	730
59	3	731
66	3	731
104	3	731
222	3	731
46	3	732
91	3	732
229	3	732
18	3	734
10	3	735
34	3	735
104	3	735
13	3	739
10	3	740
104	3	740
150	3	740
157	3	740
160	3	741
74	3	742
3	3	743
4	3	743
27	3	743
33	3	743
39	3	743
46	3	743
55	3	743
66	3	743
87	3	743
144	3	743
185	3	743
4	3	745
76	3	745
182	3	745
4	3	746
13	3	746
17	3	746
7	3	747
4	3	749
2	3	752
30	3	752
66	3	752
104	3	752
195	3	752
4	3	754
46	3	754
123	3	757
104	3	759
39	3	760
53	3	760
66	3	760
101	3	760
131	3	760
11	3	761
13	3	761
26	3	761
36	3	761
104	3	761
126	3	761
160	3	761
193	3	761
4	3	762
33	3	762
104	3	762
182	3	762
213	3	762
4	3	763
27	3	763
33	3	763
104	3	763
131	3	763
182	3	763
230	3	763
13	3	764
26	3	764
104	3	764
17	3	765
39	3	765
46	3	765
57	3	765
184	3	765
265	3	765
25	3	766
76	3	766
80	3	766
85	3	766
87	3	766
107	3	766
108	3	766
114	3	766
213	3	766
215	3	766
232	3	766
237	3	766
265	3	766
294	3	766
295	3	766
307	3	766
66	3	769
2	3	770
39	3	770
59	3	770
63	3	770
154	3	770
219	3	770
33	3	772
39	3	772
90	3	772
104	3	772
114	3	772
156	3	772
168	3	772
172	3	772
3	3	773
4	3	773
4	3	774
124	3	775
3	3	776
7	3	776
26	3	776
53	3	776
57	3	776
62	3	776
85	3	776
104	3	776
315	3	776
2	3	778
4	3	778
17	3	778
40	3	778
67	3	778
90	3	778
13	3	779
46	3	779
54	3	779
2	3	780
3	3	784
11	3	784
26	3	784
34	3	784
36	3	784
40	3	784
57	3	784
61	3	784
66	3	784
105	3	784
142	3	784
208	3	784
34	3	787
66	3	790
104	3	790
39	3	794
30	3	797
46	3	797
80	3	797
104	3	797
114	3	797
182	3	797
26	3	798
58	3	798
105	3	798
54	3	799
39	3	800
39	3	801
59	3	801
66	3	801
67	3	801
104	3	801
160	3	801
227	3	801
33	3	803
17	3	805
39	3	805
58	3	805
89	3	805
104	3	805
182	3	805
198	3	805
2	3	808
13	3	810
27	3	810
33	3	810
39	3	810
54	3	810
55	3	810
66	3	810
76	3	810
160	3	810
184	3	810
193	3	810
229	3	810
315	3	810
3	3	813
182	3	813
296	3	813
11	3	814
13	3	815
296	3	816
7	3	817
66	3	817
182	3	817
33	3	820
58	3	820
59	3	820
66	3	820
219	3	820
222	3	820
286	3	820
2	3	821
30	3	821
66	3	821
87	3	821
101	3	821
104	3	821
160	3	821
30	3	822
64	3	822
74	3	822
3	3	823
66	3	824
18	3	828
58	3	828
61	3	828
91	3	828
160	3	828
172	3	828
2	3	829
17	3	829
43	3	829
80	3	829
104	3	829
2	3	830
3	3	830
27	3	830
33	3	830
46	3	830
76	3	830
101	3	830
235	3	830
3	3	832
4	3	832
13	3	832
33	3	832
46	3	832
56	3	832
66	3	832
89	3	832
109	3	832
131	3	832
52	3	834
34	3	835
39	3	835
48	3	835
66	3	835
2	3	836
104	3	836
17	3	837
34	3	837
66	3	837
90	3	837
111	3	837
225	3	839
2	3	843
26	3	843
231	3	843
39	3	844
104	3	844
114	3	844
282	3	844
2	3	846
4	3	846
13	3	846
66	3	846
90	3	846
46	3	847
66	3	847
57	3	848
48	3	849
39	3	850
4	3	852
25	3	852
46	3	852
54	3	852
114	3	852
150	3	852
237	3	852
182	3	853
33	3	855
2	3	856
109	3	856
2	3	858
3	3	859
10	3	859
20	3	859
26	3	859
36	3	859
67	3	859
108	3	859
157	3	859
182	3	859
236	3	859
283	3	859
182	3	863
46	3	864
157	3	864
4	3	867
30	3	867
58	3	867
66	3	867
13	3	873
30	3	873
34	3	873
40	3	873
61	3	873
66	3	873
91	3	873
123	3	873
182	3	873
293	3	873
3	3	874
39	3	874
46	3	874
91	3	874
104	3	874
111	3	874
124	3	874
2	3	875
3	3	876
36	3	876
39	3	876
53	3	876
64	3	876
70	3	876
131	3	876
4	3	879
46	3	879
10	3	882
46	3	882
63	3	882
225	3	883
66	3	885
160	3	885
193	3	885
2	3	886
112	3	887
10	3	890
13	3	890
29	3	890
30	3	890
55	3	890
65	3	890
66	3	890
67	3	890
75	3	890
160	3	890
251	3	890
284	3	890
104	3	892
76	3	893
131	3	893
144	3	893
156	3	893
182	3	893
184	3	896
4	3	897
66	3	898
13	3	899
39	3	899
160	3	899
4	3	902
33	3	903
54	3	903
90	3	903
104	3	903
285	3	903
13	3	904
10	3	907
53	3	907
62	3	907
74	3	907
89	3	907
104	3	907
160	3	907
2	3	910
13	3	910
26	3	910
30	3	910
104	3	910
2	3	915
56	3	915
57	3	918
4	3	919
66	3	921
131	3	921
144	3	921
17	3	926
66	3	926
10	3	930
104	3	930
11	3	931
39	3	931
104	3	931
213	3	931
227	3	931
281	3	931
10	3	934
3	3	937
157	3	937
54	3	938
67	3	938
112	3	938
157	3	938
182	3	938
283	3	938
4	3	939
30	3	939
2	3	940
4	3	940
7	3	940
66	3	941
30	3	942
33	3	942
57	3	942
64	3	942
67	3	942
104	3	942
144	3	942
156	3	942
160	3	942
168	3	942
2	3	943
4	3	947
10	3	947
30	3	947
63	3	947
101	3	947
104	3	947
46	3	949
39	3	950
66	3	950
104	3	950
125	3	950
131	3	950
160	3	950
66	3	951
182	3	951
7	3	953
17	3	953
105	3	953
126	3	953
131	3	953
139	3	953
200	3	953
237	3	953
297	3	953
301	3	953
317	3	953
320	3	953
321	3	953
26	3	955
66	3	955
30	3	957
54	3	957
87	3	957
104	3	957
164	3	957
229	3	957
27	3	958
36	3	958
65	3	958
66	3	958
104	3	958
2	3	959
65	3	960
104	3	960
39	3	961
4	3	962
26	3	962
38	3	962
39	3	962
40	3	962
55	3	962
66	3	962
46	3	964
39	3	965
13	3	968
2	3	971
11	3	973
13	3	973
36	3	973
38	3	973
104	3	973
135	3	973
156	3	973
193	3	973
232	3	973
231	3	975
4	3	976
33	3	977
104	3	977
46	3	979
122	3	981
144	3	981
4	3	982
40	3	984
39	3	987
26	3	989
30	3	989
46	3	989
59	3	989
91	3	989
114	3	989
131	3	989
27	3	992
54	3	992
63	3	992
76	3	992
80	3	992
87	3	992
111	3	992
150	3	992
157	3	992
195	3	992
222	3	992
232	3	992
317	3	992
66	3	997
90	3	998
33	3	999
108	3	999
54	3	1000
59	3	1000
64	3	1000
74	3	1000
191	3	1000
38	3	1001
61	3	1001
66	3	1001
75	3	1001
109	3	1001
124	3	1001
227	3	1001
235	3	1001
317	3	1001
4	3	1003
39	3	1003
66	3	1003
2	3	1006
13	3	1006
46	3	1006
66	3	1006
104	3	1006
7	3	1009
104	3	1009
13	3	1012
27	3	1012
57	3	1012
89	3	1012
13	3	1015
26	3	1015
64	3	1015
66	3	1015
245	3	1015
4	3	1016
65	3	1016
104	3	1016
18	3	1017
26	3	1017
30	3	1017
39	3	1017
91	3	1017
160	3	1017
162	3	1017
281	3	1017
4	3	1018
2	3	1019
36	3	1019
39	3	1019
40	3	1019
57	3	1019
64	3	1019
85	3	1019
171	3	1019
184	3	1019
213	3	1019
13	3	1021
30	3	1021
3	3	1023
4	3	1023
17	3	1023
26	3	1023
39	3	1023
46	3	1023
67	3	1023
89	3	1023
30	3	1024
85	3	1024
91	3	1024
160	3	1024
39	3	1025
13	3	1026
33	3	1026
52	3	1026
54	3	1026
57	3	1026
80	3	1026
28	3	1027
30	3	1027
39	3	1027
58	3	1027
59	3	1027
89	3	1027
104	3	1027
114	3	1027
211	3	1027
4	3	1029
13	3	1029
36	3	1029
90	3	1029
299	3	1029
302	3	1029
17	3	1030
66	3	1032
131	3	1032
18	3	1033
26	3	1033
39	3	1033
91	3	1033
160	3	1033
10	3	1035
39	3	1035
26	3	1036
288	3	1036
2	3	1040
20	3	1041
36	3	1041
67	3	1041
109	3	1041
112	3	1041
145	3	1041
159	3	1041
182	3	1041
212	3	1041
283	3	1041
4	3	1042
108	3	1042
39	3	1043
58	3	1043
66	3	1043
33	3	1047
39	3	1047
157	3	1047
283	3	1047
125	3	1048
160	3	1048
4	3	1049
7	3	1049
13	3	1049
33	3	1049
59	3	1049
90	3	1049
131	3	1049
282	3	1049
63	3	1051
65	3	1051
66	3	1051
131	3	1052
33	3	1054
39	3	1054
104	3	1054
63	3	1055
58	3	1056
66	3	1058
13	3	1059
33	3	1059
39	3	1059
54	3	1059
66	3	1059
67	3	1059
104	3	1059
144	3	1059
26	3	1061
48	3	1061
115	3	1061
38	3	1063
39	3	1063
58	3	1063
160	3	1063
164	3	1063
193	3	1063
208	3	1063
4	3	1065
39	3	1065
18	3	1066
48	3	1066
59	3	1066
91	3	1066
109	3	1066
160	3	1066
288	3	1066
10	3	1067
11	3	1067
17	3	1067
27	3	1067
28	3	1067
59	3	1067
65	3	1067
91	3	1067
104	3	1067
131	3	1067
182	3	1067
193	3	1067
263	3	1067
2	3	1070
11	3	1070
13	3	1070
57	3	1070
263	3	1070
39	3	1071
186	3	1071
3	3	1074
28	3	1074
29	3	1074
52	3	1074
55	3	1074
59	3	1074
104	3	1074
182	3	1074
229	3	1074
10	3	1077
33	3	1077
46	3	1077
59	3	1077
67	3	1077
86	3	1077
167	3	1077
222	3	1077
227	3	1077
281	3	1077
2	3	1080
13	3	1080
13	3	1082
26	3	1085
36	3	1085
39	3	1085
56	3	1085
66	3	1085
89	3	1085
109	3	1085
144	3	1085
171	3	1085
233	3	1085
290	3	1085
59	3	1086
66	3	1086
104	3	1086
193	3	1086
222	3	1086
4	3	1087
126	3	1087
33	3	1088
3	3	1089
4	3	1089
20	3	1089
26	3	1089
27	3	1089
55	3	1089
85	3	1089
87	3	1089
171	3	1089
11	3	1091
26	3	1091
39	3	1091
61	3	1091
76	3	1091
104	3	1091
36	3	1092
74	3	1092
76	3	1092
156	3	1092
221	3	1092
222	3	1092
310	3	1092
66	3	1093
89	3	1093
122	3	1093
171	3	1093
251	3	1093
2	3	1097
164	3	1097
2	3	1098
30	3	1098
39	3	1098
57	3	1098
156	3	1098
193	3	1098
4	3	1102
11	3	1103
13	3	1103
46	3	1103
160	3	1103
4	3	1105
39	3	1105
33	3	1106
2	3	1107
104	3	1110
11	3	1111
36	3	1111
46	3	1111
66	3	1111
131	3	1111
172	3	1111
193	3	1111
316	3	1111
40	3	1113
4	3	1114
13	3	1114
17	3	1114
4	3	1118
36	3	1118
40	3	1118
46	3	1118
66	3	1118
76	3	1118
87	3	1118
100	3	1118
103	3	1118
111	3	1118
182	3	1118
281	3	1118
2	3	1119
4	3	1121
13	3	1121
26	3	1121
66	3	1121
160	3	1121
4	3	1122
4	3	1123
13	3	1123
39	3	1123
59	3	1123
66	3	1123
87	3	1123
114	3	1123
33	3	1126
54	3	1126
66	3	1126
104	3	1126
160	3	1126
13	3	1127
17	3	1127
26	3	1127
30	3	1127
63	3	1127
90	3	1127
105	3	1127
2	3	1128
54	3	1128
76	3	1128
104	3	1128
120	3	1128
160	3	1128
182	3	1128
2	3	1135
39	3	1135
40	3	1135
318	3	1135
30	3	1136
66	3	1136
104	3	1136
4	3	1138
17	3	1138
58	3	1138
89	3	1138
4	3	1139
30	3	1140
43	3	1140
85	3	1140
91	3	1140
160	3	1140
66	3	1143
104	3	1143
4	3	1145
2	3	1147
39	3	1147
3	3	1149
53	3	1149
64	3	1149
91	3	1149
104	3	1149
142	3	1149
222	3	1149
2	3	1151
39	3	1151
96	3	1151
104	3	1151
17	3	1154
10	3	1160
39	3	1160
40	3	1160
66	3	1160
76	3	1160
111	3	1160
114	3	1160
281	3	1160
299	3	1160
10	3	1161
26	3	1161
27	3	1161
33	3	1161
34	3	1161
36	3	1161
38	3	1161
67	3	1161
90	3	1161
112	3	1161
131	3	1161
164	3	1161
182	3	1161
215	3	1161
280	3	1161
283	3	1161
300	3	1161
