hsa-let-7f-1,other,Colonic Neoplasms
hsa-let-7f-1,other,Pituitary Neoplasms
hsa-let-7f-1,other,"Carcinoma,Hepatocellular"
hsa-let-7f-1,other,Asthma
hsa-let-7f-1,other,"Leukemia,Myeloid,Acute"
hsa-let-7f-1,other,"Carcinoma,Renal Cell"
hsa-let-7f-1,other,Retinoblastoma
hsa-let-7f-1,other,Stroke
hsa-let-7f-1,other,"Lymphoma,Primary Effusion"
hsa-mir-129,other,Colorectal Neoplasms
hsa-mir-129,other,"Carcinoma,Hepatocellular"
hsa-mir-129,other,"Carcinoma,Renal Cell"
hsa-mir-129,other,"Carcinoma,Non-Small-Cell Lung"
hsa-mir-129,other,Inflammatory Bowel Diseases
hsa-mir-129,other,Chondrosarcoma
hsa-mir-129,other,Biliary Atresia
hsa-mir-3662,other,"Leukemia-Lymphoma,Adult T-Cell"
hsa-mir-147a,other,"Carcinoma,Hepatocellular"
hsa-mir-147a,other,"Tuberculosis,Pulmonary"
hsa-mir-147a,other,"Lymphoma,Large B-Cell,Diffuse"
hsa-mir-26b,other,Colorectal Neoplasms
hsa-mir-26b,other,"Carcinoma,Hepatocellular"
hsa-mir-26b,other,"Lymphoma,B-Cell"
hsa-mir-26b,other,"Carcinoma,Renal Cell"
hsa-mir-26b,other,"Diabetes Mellitus,Type 2"
hsa-mir-26b,other,Diabetes Mellitus
hsa-mir-26b,other,Hypertrophy
hsa-mir-26b,other,"Carcinoma,Non-Small-Cell Lung"
hsa-mir-26b,other,Esophageal Squamous Cell Carcinoma
hsa-mir-26b,other,Hypertension
hsa-mir-26b,other,Anemia
hsa-mir-26b,other,"Lymphoma,Non-Hodgkin"
hsa-mir-26b,other,"Lymphoma,T-Cell"
hsa-mir-26b,other,"Colitis,Ulcerative"
hsa-mir-26b,other,Atrial Fibrillation
hsa-mir-662,other,"Carcinoma,Non-Small-Cell Lung"
hsa-mir-4282,other,Colorectal Neoplasms
hsa-mir-450b,other,"Carcinoma,Hepatocellular"
hsa-mir-193a,other,Colorectal Neoplasms
hsa-mir-193a,other,"Carcinoma,Hepatocellular"
hsa-mir-193a,other,"Leukemia,Myeloid,Acute"
hsa-mir-193a,other,"Carcinoma,Renal Cell"
hsa-mir-193a,other,"Carcinoma,Non-Small-Cell Lung"
hsa-mir-193a,other,Esophageal Neoplasms
hsa-mir-193a,other,Wilms Tumor
hsa-mir-323b,other,"Carcinoma,Hepatocellular"
hsa-mir-323b,other,Glioblastoma
hsa-mir-217,other,Leukemia
hsa-mir-217,other,Colorectal Neoplasms
hsa-mir-217,other,"Carcinoma,Hepatocellular"
hsa-mir-217,other,"Carcinoma,Renal Cell"
hsa-mir-217,other,"Diabetes Mellitus,Type 2"
hsa-mir-217,other,Esophageal Squamous Cell Carcinoma
hsa-mir-711,other,"Leukemia-Lymphoma,Adult T-Cell"
hsa-mir-526b,other,Breast Neoplasms
hsa-mir-526b,other,"Carcinoma,Hepatocellular"
hsa-mir-526b,other,Esophageal Squamous Cell Carcinoma
hsa-mir-758,other,"Carcinoma,Non-Small-Cell Lung"
hsa-mir-758,other,Esophageal Neoplasms
hsa-mir-190a,other,Colorectal Neoplasms
hsa-mir-190a,other,"Carcinoma,Hepatocellular"
hsa-mir-190a,other,Neuroblastoma
hsa-mir-665,other,"Carcinoma,Hepatocellular"
hsa-mir-665,other,"Diabetes Mellitus,Type 2"
hsa-mir-665,other,Heart Failure
hsa-mir-765,other,"Carcinoma,Hepatocellular"
hsa-mir-1228,other,"Carcinoma,Hepatocellular"
hsa-mir-1228,other,"Carcinoma,Non-Small-Cell Lung"
hsa-mir-324,other,"Leukemia,Lymphocytic,Chronic,B-Cell"
hsa-mir-324,other,Colorectal Neoplasms
hsa-mir-324,other,"Carcinoma,Hepatocellular"
hsa-mir-324,other,Kidney Diseases
hsa-mir-558,other,Neuroblastoma
hsa-mir-1207,other,"Carcinoma,Hepatocellular"
hsa-mir-1207,other,"Carcinoma,Non-Small-Cell Lung"
hsa-mir-216a,other,"Carcinoma,Hepatocellular"
hsa-mir-216a,other,Fatty Liver
hsa-mir-640,other,"Leukemia,Lymphocytic,Chronic,B-Cell"
hsa-mir-640,other,"Tuberculosis,Pulmonary"
hsa-mir-570,other,Breast Neoplasms
hsa-mir-570,other,"Carcinoma,Hepatocellular"
hsa-mir-570,other,"Carcinoma,Non-Small-Cell Lung"
hsa-mir-519e,other,"Carcinoma,Hepatocellular"
hsa-mir-320c,other,Breast Neoplasms
hsa-mir-92a-2,other,Colorectal Neoplasms
hsa-mir-92a-2,other,"Carcinoma,Hepatocellular"
hsa-mir-92a-2,other,"Lymphoma,B-Cell"
hsa-mir-92a-2,other,"Leukemia,Myeloid,Acute"
hsa-mir-92a-2,other,"Carcinoma,Renal Cell"
hsa-mir-92a-2,other,"Lymphoma,Large-Cell,Anaplastic"
hsa-mir-92a-2,other,"Leukemia-Lymphoma,Adult T-Cell"
hsa-mir-92a-2,other,Urinary Bladder Diseases
hsa-mir-92a-2,other,Coronary Artery Disease
hsa-mir-92a-2,other,"Scleroderma,Systemic"
hsa-mir-92a-2,other,Esophageal Neoplasms
hsa-mir-92a-2,other,"Lymphoma,T-Cell"
hsa-mir-92a-2,other,"Leukemia,Myeloid"
hsa-mir-92a-2,other,"Muscular Dystrophy,Facioscapulohumeral"
hsa-mir-423,other,Colorectal Neoplasms
hsa-mir-423,other,"Carcinoma,Hepatocellular"
hsa-mir-423,other,"Diabetes Mellitus,Type 2"
hsa-mir-423,other,Glioblastoma
hsa-mir-423,other,Esophageal Squamous Cell Carcinoma
hsa-mir-423,other,Fabry Disease
hsa-mir-610,other,"Carcinoma,Hepatocellular"
hsa-mir-218-1,other,Colonic Neoplasms
hsa-mir-218-1,other,Colorectal Neoplasms
hsa-mir-218-1,other,"Carcinoma,Hepatocellular"
hsa-mir-218-1,other,"Carcinoma,Renal Cell"
hsa-mir-218-1,other,"Carcinoma,Non-Small-Cell Lung"
hsa-mir-218-1,other,Urinary Bladder Diseases
hsa-mir-218-1,other,Hirschsprung Disease
hsa-mir-4697,other,Parkinson Disease
hsa-mir-374a,other,Colonic Neoplasms
hsa-mir-374a,other,Breast Neoplasms
hsa-mir-374a,other,"Carcinoma,Hepatocellular"
hsa-mir-374a,other,"Diabetes Mellitus,Type 2"
hsa-mir-374a,other,"Carcinoma,Non-Small-Cell Lung"
hsa-mir-520e,other,"Carcinoma,Hepatocellular"
hsa-mir-520e,other,"Carcinoma,Non-Small-Cell Lung"
hsa-mir-210,other,Colonic Neoplasms
hsa-mir-210,other,Colorectal Neoplasms
hsa-mir-210,other,"Carcinoma,Hepatocellular"
hsa-mir-210,other,"Leukemia,Myeloid,Acute"
hsa-mir-210,other,"Carcinoma,Renal Cell"
hsa-mir-210,other,Myelodysplastic Syndromes
hsa-mir-210,other,Adrenocortical Carcinoma
hsa-mir-210,other,"Carcinoma,Non-Small-Cell Lung"
hsa-mir-210,other,Esophageal Squamous Cell Carcinoma
hsa-mir-210,other,Urinary Bladder Diseases
hsa-mir-210,other,Endometriosis
hsa-mir-210,other,"Diabetes Mellitus,Type 1"
hsa-mir-210,other,Stroke
hsa-mir-210,other,Osteoporosis
hsa-mir-210,other,"Leukemia,Myeloid"
hsa-mir-210,other,Inflammation
hsa-mir-210,other,Sarcoma
hsa-mir-210,other,Leishmaniasis
hsa-mir-210,other,Tibial Meniscus Injuries
hsa-mir-210,other,Gallstones
hsa-mir-548a,other,"Carcinoma,Hepatocellular"
hsa-mir-513c,other,"Carcinoma,Hepatocellular"
hsa-mir-513c,other,Glioblastoma
hsa-mir-497,other,"Leukemia,Lymphocytic,Chronic,B-Cell"
hsa-mir-497,other,Colorectal Neoplasms
hsa-mir-497,other,"Carcinoma,Hepatocellular"
hsa-mir-497,other,"Cardiomyopathy,Hypertrophic"
hsa-mir-497,other,Atherosclerosis
hsa-mir-497,other,Lymphoma
hsa-mir-497,other,Adrenocortical Carcinoma
hsa-mir-497,other,"Carcinoma,Non-Small-Cell Lung"
hsa-mir-497,other,Urinary Bladder Diseases
hsa-mir-497,other,Stroke
hsa-mir-16-2,other,"Leukemia,Lymphocytic,Chronic,B-Cell"
hsa-mir-16-2,other,Colonic Neoplasms
hsa-mir-16-2,other,Colorectal Neoplasms
hsa-mir-16-2,other,"Carcinoma,Hepatocellular"
hsa-mir-16-2,other,"Carcinoma,Renal Cell"
hsa-mir-16-2,other,"Leukemia-Lymphoma,Adult T-Cell"
hsa-mir-16-2,other,Adrenocortical Carcinoma
hsa-mir-16-2,other,"Carcinoma,Non-Small-Cell Lung"
hsa-mir-16-2,other,Urinary Bladder Diseases
hsa-mir-16-2,other,Rectal Neoplasms
hsa-mir-16-2,other,"Fatty Liver,Alcoholic"
hsa-mir-16-2,other,Autoimmune Diseases
hsa-mir-196b,other,"Leukemia,Lymphocytic,Chronic,B-Cell"
hsa-mir-196b,other,Colonic Neoplasms
hsa-mir-196b,other,Colorectal Neoplasms
hsa-mir-196b,other,"Leukemia,Myeloid,Acute"
hsa-mir-196b,other,Precursor T-Cell Lymphoblastic Leukemia-Lymphoma
hsa-mir-196b,other,Glioblastoma
hsa-mir-196b,other,"Carcinoma,Non-Small-Cell Lung"
hsa-mir-196b,other,Urinary Bladder Diseases
hsa-mir-196b,other,"Pregnancy,Ectopic"
hsa-mir-196b,other,Glioma
hsa-mir-196b,other,Neutropenia
hsa-mir-196b,other,"Niemann-Pick Disease,Type C"
hsa-mir-1179,other,Colorectal Neoplasms
hsa-mir-1179,other,"Carcinoma,Non-Small-Cell Lung"
hsa-mir-1179,other,Esophageal Squamous Cell Carcinoma
hsa-mir-944,other,Urinary Bladder Diseases
hsa-mir-802,other,"Diabetes Mellitus,Type 2"
hsa-mir-451a,other,Colorectal Neoplasms
hsa-mir-451a,other,"Carcinoma,Hepatocellular"
hsa-mir-451a,other,"Carcinoma,Renal Cell"
hsa-mir-451a,other,Precursor B-Cell Lymphoblastic Leukemia-Lymphoma
hsa-mir-451a,other,Melanoma
hsa-mir-451a,other,"Diabetes Mellitus,Type 2"
hsa-mir-451a,other,Heart Failure
hsa-mir-451a,other,"Leukemia-Lymphoma,Adult T-Cell"
hsa-mir-451a,other,"Carcinoma,Non-Small-Cell Lung"
hsa-mir-451a,other,"Tuberculosis,Pulmonary"
hsa-mir-451a,other,Gastrointestinal Neoplasms
hsa-mir-451a,other,Esophageal Neoplasms
hsa-mir-451a,other,"Carcinoma,Basal Cell"
hsa-mir-451a,other,Fabry Disease
hsa-mir-130b,other,Colorectal Neoplasms
hsa-mir-130b,other,"Carcinoma,Hepatocellular"
hsa-mir-130b,other,"Carcinoma,Renal Cell"
hsa-mir-130b,other,Diabetes Mellitus
hsa-mir-130b,other,Esophageal Squamous Cell Carcinoma
hsa-mir-130b,other,Multiple Myeloma
hsa-mir-130b,other,"Scleroderma,Systemic"
hsa-mir-130b,other,"Tuberculosis,Pulmonary"
hsa-mir-130b,other,Osteosarcoma
hsa-mir-130b,other,"Leukemia,Myeloid"
hsa-mir-130b,other,Cholestasis
hsa-mir-544a,other,Colorectal Neoplasms
hsa-mir-370,other,Colorectal Neoplasms
hsa-mir-370,other,"Carcinoma,Hepatocellular"
hsa-mir-370,other,"Leukemia,Myeloid,Acute"
hsa-mir-370,other,"Diabetes Mellitus,Type 2"
hsa-mir-370,other,"Carcinoma,Non-Small-Cell Lung"
hsa-mir-370,other,Esophageal Squamous Cell Carcinoma
hsa-mir-370,other,Liver Diseases
hsa-mir-370,other,Cystic Fibrosis
hsa-mir-431,other,Colorectal Neoplasms
hsa-mir-431,other,"Carcinoma,Hepatocellular"
hsa-mir-431,other,"Leukemia,Myeloid,Acute"
hsa-mir-411,other,"Carcinoma,Hepatocellular"
hsa-mir-411,other,"Carcinoma,Non-Small-Cell Lung"
hsa-mir-92b,other,Colorectal Neoplasms
hsa-mir-92b,other,"Carcinoma,Hepatocellular"
hsa-mir-92b,other,Lymphoma
hsa-mir-92b,other,"Carcinoma,Non-Small-Cell Lung"
hsa-mir-92b,other,Esophageal Squamous Cell Carcinoma
hsa-mir-92b,other,Acute Coronary Syndrome
hsa-mir-92b,other,Arteriosclerosis Obliterans
hsa-mir-761,other,"Carcinoma,Hepatocellular"
hsa-mir-761,other,"Carcinoma,Non-Small-Cell Lung"
hsa-mir-2278,other,"Carcinoma,Renal Cell"
hsa-mir-1227,other,Urinary Bladder Diseases
hsa-mir-1227,other,Glioma
hsa-mir-589,other,"Carcinoma,Hepatocellular"
hsa-mir-589,other,Chondrosarcoma
hsa-mir-589,other,Intervertebral Disc Degeneration
hsa-mir-449b,other,Colorectal Neoplasms
hsa-mir-449b,other,"Carcinoma,Hepatocellular"
hsa-mir-449b,other,Adrenocortical Carcinoma
hsa-mir-449b,other,"Carcinoma,Non-Small-Cell Lung"
hsa-mir-449b,other,Esophageal Squamous Cell Carcinoma
hsa-mir-449b,other,"Leukemia,Myeloid"
hsa-mir-3940,other,"Carcinoma,Non-Small-Cell Lung"
hsa-mir-33a,other,Colonic Neoplasms
hsa-mir-33a,other,Breast Neoplasms
hsa-mir-33a,other,Colorectal Neoplasms
hsa-mir-33a,other,"Carcinoma,Hepatocellular"
hsa-mir-33a,other,"Diabetes Mellitus,Type 2"
hsa-mir-33a,other,"Carcinoma,Non-Small-Cell Lung"
hsa-mir-33a,other,Obesity
hsa-mir-33a,other,Glioma
hsa-mir-33a,other,"Lymphoma,Large B-Cell,Diffuse"
hsa-mir-33a,other,Inflammation
hsa-mir-33a,other,Fatty Liver
hsa-mir-608,other,Colorectal Neoplasms
hsa-mir-608,other,"Carcinoma,Hepatocellular"
hsa-mir-608,other,Esophageal Squamous Cell Carcinoma
hsa-mir-525,other,"Carcinoma,Hepatocellular"
hsa-mir-525,other,"Pregnancy,Ectopic"
hsa-mir-105,other,"Carcinoma,Hepatocellular"
hsa-mir-105,other,Amyotrophic Lateral Sclerosis
hsa-mir-28,other,"Leukemia,Lymphocytic,Chronic,B-Cell"
hsa-mir-28,other,Colorectal Neoplasms
hsa-mir-28,other,"Carcinoma,Hepatocellular"
hsa-mir-28,other,"Lymphoma,B-Cell"
hsa-mir-28,other,"Diabetes Mellitus,Type 2"
hsa-mir-28,other,Adrenocortical Carcinoma
hsa-mir-28,other,Esophageal Squamous Cell Carcinoma
hsa-mir-28,other,Urinary Bladder Diseases
hsa-mir-28,other,"Lymphoma,Large B-Cell,Diffuse"
hsa-mir-28,other,"Leukemia,T-Cell"
hsa-mir-4306,other,Neurodegenerative Diseases
hsa-mir-4306,other,Heart Diseases
hsa-mir-657,other,"Carcinoma,Hepatocellular"
hsa-mir-1323,other,Lung Neoplasms
hsa-mir-3622a,other,Colorectal Neoplasms
hsa-mir-1286,other,Esophageal Neoplasms
hsa-mir-206,other,"Leukemia,Lymphocytic,Chronic,B-Cell"
hsa-mir-206,other,Colorectal Neoplasms
hsa-mir-206,other,"Carcinoma,Hepatocellular"
hsa-mir-206,other,Thyroid Neoplasms
hsa-mir-206,other,"Carcinoma,Renal Cell"
hsa-mir-206,other,"Diabetes Mellitus,Type 2"
hsa-mir-206,other,Heart Failure
hsa-mir-206,other,Hypertrophy
hsa-mir-206,other,Glioblastoma
hsa-mir-206,other,"Carcinoma,Non-Small-Cell Lung"
hsa-mir-206,other,"Muscular Dystrophy,Duchenne"
hsa-mir-206,other,"Tuberculosis,Pulmonary"
hsa-mir-206,other,"Colitis,Ulcerative"
hsa-mir-206,other,Sarcoma
hsa-mir-206,other,Chondrosarcoma
hsa-mir-206,other,"Carcinoma,Endometrioid"
hsa-mir-206,other,Dermatomyositis
hsa-mir-206,other,Musculoskeletal Abnormalities
hsa-mir-206,other,Costello Syndrome
hsa-mir-206,other,"Muscular Dystrophy,Facioscapulohumeral"
hsa-mir-378h,other,"Carcinoma,Renal Cell"
hsa-mir-378h,other,Urinary Bladder Diseases
hsa-mir-378h,other,"Carcinoma,Basal Cell"
hsa-mir-550a-3,other,"Carcinoma,Hepatocellular"
hsa-mir-550a-3,other,"Tuberculosis,Pulmonary"
hsa-mir-454,other,Colorectal Neoplasms
hsa-mir-454,other,"Carcinoma,Renal Cell"
hsa-mir-454,other,"Diabetes Mellitus,Type 2"
hsa-mir-454,other,"Carcinoma,Non-Small-Cell Lung"
hsa-mir-454,other,"Cardiomyopathy,Dilated"
hsa-mir-215,other,Colonic Neoplasms
hsa-mir-215,other,Colorectal Neoplasms
hsa-mir-215,other,"Carcinoma,Hepatocellular"
hsa-mir-215,other,"Leukemia,Myeloid,Acute"
hsa-mir-215,other,"Carcinoma,Renal Cell"
hsa-mir-215,other,Urinary Bladder Diseases
hsa-mir-215,other,Gastrointestinal Neoplasms
hsa-mir-215,other,Atrial Fibrillation
hsa-mir-3196,other,"Carcinoma,Basal Cell"
hsa-mir-1266,other,Breast Neoplasms
hsa-mir-508,other,"Carcinoma,Hepatocellular"
hsa-mir-508,other,"Carcinoma,Renal Cell"
hsa-mir-508,other,Heart Failure
hsa-mir-508,other,Esophageal Squamous Cell Carcinoma
hsa-mir-557,other,"Carcinoma,Hepatocellular"
hsa-mir-383,other,Colorectal Neoplasms
hsa-mir-383,other,"Cardiomyopathy,Hypertrophic"
hsa-mir-383,other,"Diabetes Mellitus,Type 2"
hsa-mir-383,other,"Carcinoma,Non-Small-Cell Lung"
hsa-mir-383,other,Esophageal Squamous Cell Carcinoma
hsa-mir-383,other,Coronary Artery Disease
hsa-mir-517,other,"Muscular Dystrophy,Facioscapulohumeral"
hsa-mir-1229,other,Colorectal Neoplasms
hsa-mir-1229,other,Urinary Bladder Diseases
hsa-mir-545,other,Colonic Neoplasms
hsa-mir-545,other,Ovarian Neoplasms
hsa-mir-4739,other,"Leukemia,Myeloid,Acute"
hsa-mir-125b-2,other,"Leukemia,Lymphocytic,Chronic,B-Cell"
hsa-mir-125b-2,other,Colonic Neoplasms
hsa-mir-125b-2,other,Colorectal Neoplasms
hsa-mir-125b-2,other,"Carcinoma,Hepatocellular"
hsa-mir-125b-2,other,"Cardiomyopathy,Hypertrophic"
hsa-mir-125b-2,other,Precursor T-Cell Lymphoblastic Leukemia-Lymphoma
hsa-mir-125b-2,other,Adrenocortical Carcinoma
hsa-mir-125b-2,other,"Carcinoma,Non-Small-Cell Lung"
hsa-mir-125b-2,other,Urinary Bladder Diseases
hsa-mir-125b-2,other,Multiple Myeloma
hsa-mir-125b-2,other,"Lymphoma,T-Cell"
hsa-mir-125b-2,other,"Leukemia,B-Cell"
hsa-mir-125b-2,other,"Leukemia,Myeloid"
hsa-mir-125b-2,other,Alopecia
hsa-mir-605,other,"Carcinoma,Renal Cell"
hsa-mir-760,other,Colorectal Neoplasms
hsa-mir-760,other,"Carcinoma,Hepatocellular"
hsa-mir-760,other,"Carcinoma,Renal Cell"
hsa-mir-760,other,"Carcinoma,Non-Small-Cell Lung"
hsa-mir-26a-1,other,Colorectal Neoplasms
hsa-mir-26a-1,other,"Carcinoma,Hepatocellular"
hsa-mir-26a-1,other,"Leukemia,Myeloid,Acute"
hsa-mir-26a-1,other,"Carcinoma,Renal Cell"
hsa-mir-26a-1,other,Pancreatic Neoplasms
hsa-mir-26a-1,other,Hypertrophy
hsa-mir-26a-1,other,Glioblastoma
hsa-mir-26a-1,other,Esophageal Squamous Cell Carcinoma
hsa-mir-26a-1,other,"Lymphoma,T-Cell"
hsa-mir-26a-1,other,"Lymphoma,Mantle-Cell"
hsa-mir-18a,other,"Leukemia,Lymphocytic,Chronic,B-Cell"
hsa-mir-18a,other,Colonic Neoplasms
hsa-mir-18a,other,Colorectal Neoplasms
hsa-mir-18a,other,"Carcinoma,Hepatocellular"
hsa-mir-18a,other,"Lymphoma,B-Cell"
hsa-mir-18a,other,"Leukemia,Myeloid,Acute"
hsa-mir-18a,other,"Diabetes Mellitus,Type 2"
hsa-mir-18a,other,"Lymphoma,Large-Cell,Anaplastic"
hsa-mir-18a,other,"Leukemia-Lymphoma,Adult T-Cell"
hsa-mir-18a,other,"Carcinoma,Non-Small-Cell Lung"
hsa-mir-18a,other,Esophageal Squamous Cell Carcinoma
hsa-mir-18a,other,Urinary Bladder Diseases
hsa-mir-18a,other,Liver Cirrhosis
hsa-mir-18a,other,"Lymphoma,Large B-Cell,Diffuse"
hsa-mir-18a,other,Endomyocardial Fibrosis
hsa-mir-18a,other,"Lymphoma,T-Cell"
hsa-mir-18a,other,"Leukemia,B-Cell"
hsa-mir-18a,other,"Leukemia,Myeloid"
hsa-mir-18a,other,"Lymphoma,Mantle-Cell"
hsa-mir-18a,other,Musculoskeletal Abnormalities
hsa-mir-18a,other,Hypoxia
hsa-mir-18a,other,"Carcinoma,Basal Cell"
hsa-mir-18a,other,Pregnancy Complications
hsa-mir-30a,other,Colonic Neoplasms
hsa-mir-30a,other,Colorectal Neoplasms
hsa-mir-30a,other,"Carcinoma,Hepatocellular"
hsa-mir-30a,other,"Cardiomyopathy,Hypertrophic"
hsa-mir-30a,other,"Carcinoma,Renal Cell"
hsa-mir-30a,other,"Leukemia,Myeloid,Chronic"
hsa-mir-30a,other,Atherosclerosis
hsa-mir-30a,other,"Diabetes Mellitus,Type 2"
hsa-mir-30a,other,Glioblastoma
hsa-mir-30a,other,Adrenocortical Carcinoma
hsa-mir-30a,other,"Leukemia,Myeloid,Chronic-Phase"
hsa-mir-30a,other,"Carcinoma,Non-Small-Cell Lung"
hsa-mir-30a,other,Esophageal Squamous Cell Carcinoma
hsa-mir-30a,other,Hypertension
hsa-mir-30a,other,"Pregnancy,Ectopic"
hsa-mir-30a,other,Multiple Sclerosis
hsa-mir-30a,other,Stroke
hsa-mir-30a,other,Heart Diseases
hsa-mir-30a,other,"Scleroderma,Systemic"
hsa-mir-30a,other,"Aortic Aneurysm,Abdominal"
hsa-mir-30a,other,Celiac Disease
hsa-mir-30a,other,Medulloblastoma
hsa-mir-30a,other,Autoimmune Diseases
hsa-mir-30a,other,Cardiomegaly
hsa-mir-30a,other,Neuroblastoma
hsa-mir-30a,other,"Aortic Aneurysm,Thoracic"
hsa-mir-5586,other,"Lymphoma,Large B-Cell,Diffuse"
hsa-mir-15a,other,"Leukemia,Lymphocytic,Chronic,B-Cell"
hsa-mir-15a,other,Colonic Neoplasms
hsa-mir-15a,other,Colorectal Neoplasms
hsa-mir-15a,other,"Leukemia,Promyelocytic,Acute"
hsa-mir-15a,other,"Carcinoma,Hepatocellular"
hsa-mir-15a,other,"Lymphoma,B-Cell"
hsa-mir-15a,other,"Leukemia,Myeloid,Acute"
hsa-mir-15a,other,"Carcinoma,Renal Cell"
hsa-mir-15a,other,Myelodysplastic Syndromes
hsa-mir-15a,other,"Diabetes Mellitus,Type 2"
hsa-mir-15a,other,"Carcinoma,Non-Small-Cell Lung"
hsa-mir-15a,other,Alzheimer Disease
hsa-mir-15a,other,Esophageal Squamous Cell Carcinoma
hsa-mir-15a,other,Urinary Bladder Diseases
hsa-mir-15a,other,Liver Diseases
hsa-mir-15a,other,"Aortic Aneurysm,Abdominal"
hsa-mir-15a,other,"Leukemia,B-Cell"
hsa-mir-15a,other,"Lymphoma,Follicular"
hsa-mir-15a,other,"Arthritis,Psoriatic"
hsa-mir-15a,other,"Lymphoma,Mantle-Cell"
hsa-mir-15a,other,Laryngeal Neoplasms
hsa-mir-15a,other,"Lymphoma,Extranodal NK-T-Cell"
hsa-mir-585,other,"Carcinoma,Non-Small-Cell Lung"
hsa-mir-142,other,Colonic Neoplasms
hsa-mir-142,other,Colorectal Neoplasms
hsa-mir-142,other,"Leukemia,Promyelocytic,Acute"
hsa-mir-142,other,"Carcinoma,Hepatocellular"
hsa-mir-142,other,Asthma
hsa-mir-142,other,"Leukemia,Myeloid,Acute"
hsa-mir-142,other,"Carcinoma,Renal Cell"
hsa-mir-142,other,Precursor B-Cell Lymphoblastic Leukemia-Lymphoma
hsa-mir-142,other,"Diabetes Mellitus,Type 2"
hsa-mir-142,other,Hypertrophy
hsa-mir-142,other,"Leukemia-Lymphoma,Adult T-Cell"
hsa-mir-142,other,"Carcinoma,Non-Small-Cell Lung"
hsa-mir-142,other,Esophageal Squamous Cell Carcinoma
hsa-mir-142,other,Urinary Bladder Diseases
hsa-mir-142,other,Multiple Sclerosis
hsa-mir-142,other,Crohn Disease
hsa-mir-142,other,Glioma
hsa-mir-142,other,"Scleroderma,Systemic"
hsa-mir-142,other,"Lymphoma,Large B-Cell,Diffuse"
hsa-mir-142,other,Adrenal Cortex Neoplasms
hsa-mir-142,other,"Lymphoma,T-Cell"
hsa-mir-142,other,"Cardiomyopathy,Dilated"
hsa-mir-142,other,Liver Neoplasms
hsa-mir-142,other,"Leukemia,B-Cell"
hsa-mir-142,other,Autoimmune Diseases
hsa-mir-142,other,Idiopathic Pulmonary Fibrosis
hsa-mir-142,other,"Lymphoma,Follicular"
hsa-mir-142,other,Colitis
hsa-mir-142,other,Periodontal Diseases
hsa-mir-302a,other,Colorectal Neoplasms
hsa-mir-302a,other,Urinary Bladder Diseases
hsa-mir-302a,other,"Tuberculosis,Pulmonary"
hsa-mir-302a,other,Esophageal Neoplasms
hsa-mir-302a,other,Fatty Liver
hsa-mir-302a,other,Skin Neoplasms
hsa-mir-302a,other,"Carcinoma,Mucoepidermoid"
hsa-mir-199a,other,Colorectal Neoplasms
hsa-mir-199a,other,"Carcinoma,Hepatocellular"
hsa-mir-199a,other,"Diabetes Mellitus,Type 2"
hsa-mir-199a,other,Lymphoma
hsa-mir-199a,other,"Carcinoma,Non-Small-Cell Lung"
hsa-mir-199a,other,Hypertension
hsa-mir-199a,other,Myocardial Infarction
hsa-mir-199a,other,Kidney Neoplasms
hsa-mir-199a,other,Hepatoblastoma
hsa-mir-199a,other,Cystic Fibrosis
hsa-mir-199a,other,Autoimmune Diseases
hsa-mir-199a,other,"Lymphoma,Mantle-Cell"
hsa-mir-199a,other,Fabry Disease
hsa-mir-199a,other,"Shock,Septic"
hsa-mir-376c,other,Adrenocortical Carcinoma
hsa-mir-148b,other,Colorectal Neoplasms
hsa-mir-148b,other,"Carcinoma,Hepatocellular"
hsa-mir-148b,other,Glomerulonephritis
hsa-mir-148b,other,"Carcinoma,Non-Small-Cell Lung"
hsa-mir-148b,other,Alzheimer Disease
hsa-mir-148b,other,"Lymphoma,Non-Hodgkin"
hsa-mir-149,other,Colorectal Neoplasms
hsa-mir-149,other,"Carcinoma,Hepatocellular"
hsa-mir-149,other,"Leukemia,Myeloid,Acute"
hsa-mir-149,other,Nasopharyngeal Neoplasms
hsa-mir-149,other,"Carcinoma,Renal Cell"
hsa-mir-149,other,Melanoma
hsa-mir-149,other,"Carcinoma,Non-Small-Cell Lung"
hsa-mir-149,other,Urinary Bladder Diseases
hsa-mir-149,other,"Diabetes Mellitus,Type 1"
hsa-mir-149,other,Crohn Disease
hsa-mir-149,other,"Tuberculosis,Pulmonary"
hsa-mir-149,other,Gastrointestinal Neoplasms
hsa-mir-149,other,Glaucoma
hsa-mir-337,other,Colorectal Neoplasms
hsa-mir-337,other,"Leukemia,Myeloid,Acute"
hsa-mir-337,other,Neurodegenerative Diseases
hsa-mir-337,other,"Carcinoma,Non-Small-Cell Lung"
hsa-mir-337,other,Esophageal Squamous Cell Carcinoma
hsa-mir-337,other,"Pregnancy,Ectopic"
hsa-mir-337,other,Tuberculosis
hsa-mir-337,other,Neuroblastoma
hsa-mir-548c,other,Breast Neoplasms
hsa-mir-548c,other,Colorectal Neoplasms
hsa-mir-718,other,"Carcinoma,Hepatocellular"
hsa-mir-718,other,Ovarian Neoplasms
hsa-mir-491,other,Colorectal Neoplasms
hsa-mir-491,other,"Carcinoma,Hepatocellular"
hsa-mir-491,other,Adrenocortical Carcinoma
hsa-mir-491,other,Multiple Sclerosis
hsa-mir-491,other,"Colitis,Ulcerative"
hsa-mir-1288,other,Colorectal Neoplasms
hsa-mir-1288,other,Esophageal Squamous Cell Carcinoma
hsa-mir-1288,other,"Pregnancy,Ectopic"
hsa-mir-127,other,Colonic Neoplasms
hsa-mir-127,other,Colorectal Neoplasms
hsa-mir-127,other,"Carcinoma,Hepatocellular"
hsa-mir-127,other,"Leukemia,Myeloid,Acute"
hsa-mir-127,other,"Carcinoma,Renal Cell"
hsa-mir-127,other,Lymphoma
hsa-mir-127,other,"Carcinoma,Non-Small-Cell Lung"
hsa-mir-127,other,Esophageal Squamous Cell Carcinoma
hsa-mir-127,other,Urinary Bladder Diseases
hsa-mir-127,other,Glioma
hsa-mir-127,other,"Lymphoma,Large B-Cell,Diffuse"
hsa-mir-127,other,"Neuralgia,Postherpetic"
hsa-mir-181c,other,"Leukemia,Lymphocytic,Chronic,B-Cell"
hsa-mir-181c,other,"Carcinoma,Hepatocellular"
hsa-mir-181c,other,"Leukemia,Myeloid,Acute"
hsa-mir-181c,other,"Leukemia,Lymphoid"
hsa-mir-181c,other,Heart Failure
hsa-mir-181c,other,Precursor T-Cell Lymphoblastic Leukemia-Lymphoma
hsa-mir-181c,other,Esophageal Squamous Cell Carcinoma
hsa-mir-181c,other,Brain Neoplasms
hsa-mir-181c,other,Fanconi Anemia
hsa-mir-181c,other,"Carcinoma,Basal Cell"
hsa-mir-638,other,Colorectal Neoplasms
hsa-mir-638,other,"Carcinoma,Hepatocellular"
hsa-mir-638,other,Esophageal Squamous Cell Carcinoma
hsa-mir-638,other,Celiac Disease
hsa-mir-638,other,"Carcinoma,Basal Cell"
hsa-mir-126,other,Colonic Neoplasms
hsa-mir-126,other,Colorectal Neoplasms
hsa-mir-126,other,"Leukemia,Promyelocytic,Acute"
hsa-mir-126,other,"Carcinoma,Hepatocellular"
hsa-mir-126,other,"Leukemia,Myeloid,Acute"
hsa-mir-126,other,"Leukemia,Lymphoid"
hsa-mir-126,other,"Carcinoma,Renal Cell"
hsa-mir-126,other,Precursor B-Cell Lymphoblastic Leukemia-Lymphoma
hsa-mir-126,other,Sepsis
hsa-mir-126,other,"Diabetes Mellitus,Type 2"
hsa-mir-126,other,Hemangioma
hsa-mir-126,other,Precursor T-Cell Lymphoblastic Leukemia-Lymphoma
hsa-mir-126,other,Adrenocortical Carcinoma
hsa-mir-126,other,"Carcinoma,Non-Small-Cell Lung"
hsa-mir-126,other,Esophageal Squamous Cell Carcinoma
hsa-mir-126,other,Urinary Bladder Diseases
hsa-mir-126,other,"Lymphoma,Large B-Cell,Diffuse"
hsa-mir-126,other,Kidney Diseases
hsa-mir-126,other,"Cardiomyopathy,Dilated"
hsa-mir-126,other,Essential Hypertension
hsa-mir-126,other,"Colitis,Ulcerative"
hsa-mir-126,other,Atrial Fibrillation
hsa-mir-126,other,"Aortic Aneurysm,Abdominal"
hsa-mir-126,other,"Leukemia,B-Cell"
hsa-mir-126,other,Inflammation
hsa-mir-126,other,Autoimmune Diseases
hsa-mir-126,other,Cardiomegaly
hsa-mir-126,other,Hyperglycemia
hsa-mir-126,other,"Neovascularization,Pathologic"
hsa-mir-126,other,"Lymphoma,T-Cell,Cutaneous"
hsa-mir-126,other,"Leukemia,Myelogenous,Chronic,BCR-ABL Positive"
hsa-mir-126,other,Status Epilepticus
hsa-mir-126,other,Fabry Disease
hsa-mir-126,other,"Shock,Hemorrhagic"
hsa-mir-892a,other,Colorectal Neoplasms
hsa-mir-204,other,Colonic Neoplasms
hsa-mir-204,other,Colorectal Neoplasms
hsa-mir-204,other,"Carcinoma,Hepatocellular"
hsa-mir-204,other,"Cardiomyopathy,Hypertrophic"
hsa-mir-204,other,"Lymphoma,B-Cell"
hsa-mir-204,other,"Leukemia,Myeloid,Acute"
hsa-mir-204,other,"Carcinoma,Renal Cell"
hsa-mir-204,other,"Carcinoma,Non-Small-Cell Lung"
hsa-mir-204,other,"Tuberculosis,Pulmonary"
hsa-mir-204,other,Kidney Diseases
hsa-mir-204,other,Coloboma
hsa-mir-573,other,Breast Neoplasms
hsa-mir-573,other,"Carcinoma,Hepatocellular"
hsa-mir-1271,other,Colorectal Neoplasms
hsa-mir-1271,other,"Carcinoma,Hepatocellular"
hsa-mir-1271,other,"Diabetes Mellitus,Type 2"
hsa-mir-1271,other,Glioblastoma
hsa-mir-1271,other,"Carcinoma,Non-Small-Cell Lung"
hsa-mir-1271,other,Multiple Myeloma
hsa-mir-3127,other,"Carcinoma,Hepatocellular"
hsa-mir-3127,other,"Carcinoma,Non-Small-Cell Lung"
hsa-mir-939,other,Colorectal Neoplasms
hsa-mir-939,other,"Carcinoma,Hepatocellular"
hsa-mir-939,other,"Carcinoma,Non-Small-Cell Lung"
hsa-mir-939,other,Esophageal Squamous Cell Carcinoma
hsa-mir-4478,other,Colorectal Neoplasms
hsa-mir-22,other,"Leukemia,Lymphocytic,Chronic,B-Cell"
hsa-mir-22,other,Colonic Neoplasms
hsa-mir-22,other,Colorectal Neoplasms
hsa-mir-22,other,"Carcinoma,Hepatocellular"
hsa-mir-22,other,"Lymphoma,B-Cell"
hsa-mir-22,other,"Leukemia,Myeloid,Acute"
hsa-mir-22,other,"Leukemia,Lymphoid"
hsa-mir-22,other,"Carcinoma,Renal Cell"
hsa-mir-22,other,"Diabetes Mellitus,Type 2"
hsa-mir-22,other,Glioblastoma
hsa-mir-22,other,"Carcinoma,Non-Small-Cell Lung"
hsa-mir-22,other,Hypertension
hsa-mir-22,other,Liver Cirrhosis
hsa-mir-22,other,Inflammation
hsa-mir-501,other,Colorectal Neoplasms
hsa-mir-501,other,"Carcinoma,Hepatocellular"
hsa-mir-301b,other,Colonic Neoplasms
hsa-mir-301b,other,Breast Neoplasms
hsa-mir-301b,other,"Leukemia,Myeloid,Acute"
hsa-mir-301b,other,Adrenocortical Carcinoma
hsa-mir-154,other,Lung Neoplasms
hsa-mir-154,other,Colorectal Neoplasms
hsa-mir-154,other,"Carcinoma,Hepatocellular"
hsa-mir-154,other,"Leukemia,Myeloid,Acute"
hsa-mir-154,other,"Carcinoma,Renal Cell"
hsa-mir-154,other,"Carcinoma,Non-Small-Cell Lung"
hsa-mir-30d,other,Colonic Neoplasms
hsa-mir-30d,other,Colorectal Neoplasms
hsa-mir-30d,other,"Carcinoma,Hepatocellular"
hsa-mir-30d,other,"Carcinoma,Renal Cell"
hsa-mir-30d,other,Choriocarcinoma
hsa-mir-30d,other,"Diabetes Mellitus,Type 2"
hsa-mir-30d,other,Mesothelioma
hsa-mir-30d,other,"Carcinoma,Non-Small-Cell Lung"
hsa-mir-30d,other,Esophageal Squamous Cell Carcinoma
hsa-mir-30d,other,Atrial Fibrillation
hsa-mir-30d,other,"Aortic Aneurysm,Thoracic"
hsa-mir-877,other,Colorectal Neoplasms
hsa-mir-877,other,"Carcinoma,Hepatocellular"
hsa-mir-4782,other,"Carcinoma,Non-Small-Cell Lung"
hsa-mir-520g,other,Colorectal Neoplasms
hsa-mir-520g,other,"Carcinoma,Hepatocellular"
hsa-mir-520g,other,Brain Neoplasms
hsa-mir-1224,other,Leukemia
hsa-mir-1224,other,"Carcinoma,Hepatocellular"
hsa-mir-1224,other,Urinary Bladder Diseases
hsa-mir-1224,other,Fatty Liver
hsa-mir-29b-1,other,"Leukemia,Lymphocytic,Chronic,B-Cell"
hsa-mir-29b-1,other,Colonic Neoplasms
hsa-mir-29b-1,other,"Carcinoma,Hepatocellular"
hsa-mir-29b-1,other,"Lymphoma,B-Cell"
hsa-mir-29b-1,other,"Leukemia,Myeloid,Acute"
hsa-mir-29b-1,other,"Leukemia,Myeloid,Chronic"
hsa-mir-29b-1,other,Precursor T-Cell Lymphoblastic Leukemia-Lymphoma
hsa-mir-29b-1,other,"Leukemia,Myeloid,Chronic-Phase"
hsa-mir-29b-1,other,"Carcinoma,Non-Small-Cell Lung"
hsa-mir-29b-1,other,Urinary Bladder Diseases
hsa-mir-29b-1,other,"Scleroderma,Systemic"
hsa-mir-29b-1,other,"Muscular Dystrophy,Duchenne"
hsa-mir-29b-1,other,Liver Diseases
hsa-mir-29b-1,other,Kidney Diseases
hsa-mir-29b-1,other,Acquired Immunodeficiency Syndrome
hsa-mir-29b-1,other,Biliary Atresia
hsa-mir-29b-1,other,"Aortic Aneurysm,Thoracic"
hsa-mir-487b,other,Colorectal Neoplasms
hsa-mir-4775,other,Colorectal Neoplasms
hsa-mir-378i,other,"Carcinoma,Renal Cell"
hsa-mir-378i,other,Urinary Bladder Diseases
hsa-mir-378i,other,"Carcinoma,Basal Cell"
hsa-mir-328,other,Colonic Neoplasms
hsa-mir-328,other,Lung Neoplasms
hsa-mir-328,other,Colorectal Neoplasms
hsa-mir-328,other,"Carcinoma,Hepatocellular"
hsa-mir-328,other,Thyroid Neoplasms
hsa-mir-328,other,"Leukemia,Myeloid,Acute"
hsa-mir-328,other,Neurodegenerative Diseases
hsa-mir-328,other,"Carcinoma,Non-Small-Cell Lung"
hsa-mir-328,other,Urinary Bladder Diseases
hsa-mir-328,other,Fatty Liver
hsa-mir-125b,other,"Leukemia,Lymphocytic,Chronic,B-Cell"
hsa-mir-125b,other,Colonic Neoplasms
hsa-mir-125b,other,Colorectal Neoplasms
hsa-mir-125b,other,"Leukemia,Promyelocytic,Acute"
hsa-mir-125b,other,"Carcinoma,Hepatocellular"
hsa-mir-125b,other,"Leukemia,Myeloid,Acute"
hsa-mir-125b,other,"Leukemia,Lymphoid"
hsa-mir-125b,other,"Carcinoma,Renal Cell"
hsa-mir-125b,other,Precursor B-Cell Lymphoblastic Leukemia-Lymphoma
hsa-mir-125b,other,"Diabetes Mellitus,Type 2"
hsa-mir-125b,other,Adrenocortical Carcinoma
hsa-mir-125b,other,"Carcinoma,Non-Small-Cell Lung"
hsa-mir-125b,other,Esophageal Squamous Cell Carcinoma
hsa-mir-125b,other,Coronary Artery Disease
hsa-mir-125b,other,Acute Lung Injury
hsa-mir-125b,other,"Tuberculosis,Pulmonary"
hsa-mir-125b,other,Liver Diseases
hsa-mir-125b,other,Kidney Diseases
hsa-mir-125b,other,Tuberculosis
hsa-mir-125b,other,Hematologic Neoplasms
hsa-mir-125b,other,"Leukemia,B-Cell"
hsa-mir-125b,other,"Leukemia,Myeloid"
hsa-mir-125b,other,Narcolepsy
hsa-mir-125b,other,"Meningitis,Pneumococcal"
hsa-mir-600,other,Colorectal Neoplasms
hsa-mir-1304,other,"Carcinoma,Non-Small-Cell Lung"
hsa-mir-29b,other,"Leukemia,Lymphocytic,Chronic,B-Cell"
hsa-mir-29b,other,Colonic Neoplasms
hsa-mir-29b,other,Colorectal Neoplasms
hsa-mir-29b,other,"Carcinoma,Hepatocellular"
hsa-mir-29b,other,"Carcinoma,Renal Cell"
hsa-mir-29b,other,Melanoma
hsa-mir-29b,other,"Diabetes Mellitus,Type 2"
hsa-mir-29b,other,"Carcinoma,Non-Small-Cell Lung"
hsa-mir-29b,other,Multiple Sclerosis
hsa-mir-29b,other,Crohn Disease
hsa-mir-29b,other,Spinal Cord Injuries
hsa-mir-29b,other,"Lymphoma,Non-Hodgkin"
hsa-mir-29b,other,Osteosarcoma
hsa-mir-29b,other,Bronchopulmonary Dysplasia
hsa-mir-29b,other,Hematologic Neoplasms
hsa-mir-29b,other,"Aortic Aneurysm,Abdominal"
hsa-mir-29b,other,Hepatitis
hsa-mir-29b,other,"Leukemia,Biphenotypic,Acute"
hsa-mir-29b,other,Aortic Aneurysm
hsa-mir-29b,other,"Shock,Septic"
hsa-let-7i,other,Colonic Neoplasms
hsa-let-7i,other,Colorectal Neoplasms
hsa-let-7i,other,"Carcinoma,Hepatocellular"
hsa-let-7i,other,Asthma
hsa-let-7i,other,"Leukemia,Myeloid,Acute"
hsa-let-7i,other,"Carcinoma,Renal Cell"
hsa-let-7i,other,Glioblastoma
hsa-let-7i,other,"Carcinoma,Non-Small-Cell Lung"
hsa-let-7i,other,"Cardiomyopathy,Dilated"
hsa-let-7i,other,Liver Neoplasms
hsa-let-7i,other,"Lymphoma,Primary Effusion"
hsa-mir-629,other,Colonic Neoplasms
hsa-mir-629,other,"Carcinoma,Hepatocellular"
hsa-mir-629,other,"Leukemia,Lymphoid"
hsa-mir-629,other,"Carcinoma,Renal Cell"
hsa-mir-218-2,other,Colonic Neoplasms
hsa-mir-218-2,other,Colorectal Neoplasms
hsa-mir-218-2,other,"Carcinoma,Hepatocellular"
hsa-mir-218-2,other,"Carcinoma,Renal Cell"
hsa-mir-218-2,other,Melanoma
hsa-mir-218-2,other,"Carcinoma,Non-Small-Cell Lung"
hsa-mir-218-2,other,Urinary Bladder Diseases
hsa-mir-769,other,Lung Neoplasms
hsa-mir-769,other,Aneurysm
hsa-mir-378a,other,Colorectal Neoplasms
hsa-mir-378a,other,"Carcinoma,Hepatocellular"
hsa-mir-378a,other,Polycythemia Vera
hsa-mir-378a,other,"Carcinoma,Renal Cell"
hsa-mir-378a,other,"Carcinoma,Non-Small-Cell Lung"
hsa-mir-378a,other,Urinary Bladder Diseases
hsa-mir-378a,other,"Carcinoma,Basal Cell"
hsa-mir-518c,other,Colonic Neoplasms
hsa-mir-378e,other,"Carcinoma,Renal Cell"
hsa-mir-378e,other,Urinary Bladder Diseases
hsa-mir-378e,other,"Carcinoma,Basal Cell"
hsa-mir-181a-2,other,"Leukemia,Lymphocytic,Chronic,B-Cell"
hsa-mir-181a-2,other,Colorectal Neoplasms
hsa-mir-181a-2,other,"Leukemia,Promyelocytic,Acute"
hsa-mir-181a-2,other,"Carcinoma,Hepatocellular"
hsa-mir-181a-2,other,"Cardiomyopathy,Hypertrophic"
hsa-mir-181a-2,other,"Lymphoma,B-Cell"
hsa-mir-181a-2,other,"Leukemia,Myeloid,Acute"
hsa-mir-181a-2,other,Precursor T-Cell Lymphoblastic Leukemia-Lymphoma
hsa-mir-181a-2,other,Glioblastoma
hsa-mir-181a-2,other,"Carcinoma,Non-Small-Cell Lung"
hsa-mir-181a-2,other,Urinary Bladder Diseases
hsa-mir-181a-2,other,Stroke
hsa-mir-181a-2,other,Glioma
hsa-mir-181a-2,other,"Lymphoma,T-Cell"
hsa-mir-181a-2,other,Inflammation
hsa-mir-181a-2,other,Salivary Gland Neoplasms
hsa-mir-7,other,Colorectal Neoplasms
hsa-mir-7,other,"Carcinoma,Hepatocellular"
hsa-mir-7,other,"Leukemia,Myeloid,Acute"
hsa-mir-7,other,"Carcinoma,Renal Cell"
hsa-mir-7,other,Neurodegenerative Diseases
hsa-mir-7,other,"Diabetes Mellitus,Type 2"
hsa-mir-7,other,"Carcinoma,Non-Small-Cell Lung"
hsa-mir-7,other,Alzheimer Disease
hsa-mir-7,other,Esophageal Squamous Cell Carcinoma
hsa-mir-7,other,Gastrointestinal Neoplasms
hsa-mir-7,other,Neuroblastoma
hsa-mir-20b,other,Colorectal Neoplasms
hsa-mir-20b,other,"Carcinoma,Hepatocellular"
hsa-mir-20b,other,"Diabetes Mellitus,Type 2"
hsa-mir-20b,other,Glioblastoma
hsa-mir-20b,other,Lymphoma
hsa-mir-20b,other,"Carcinoma,Non-Small-Cell Lung"
hsa-mir-20b,other,Urinary Bladder Diseases
hsa-mir-20b,other,"Lymphoma,Mantle-Cell"
hsa-mir-1287,other,Colorectal Neoplasms
hsa-mir-1287,other,"Carcinoma,Hepatocellular"
hsa-mir-543,other,"Carcinoma,Non-Small-Cell Lung"
hsa-mir-543,other,Parkinson Disease
hsa-mir-432,other,"Carcinoma,Hepatocellular"
hsa-mir-630,other,Colonic Neoplasms
hsa-mir-630,other,Colorectal Neoplasms
hsa-mir-630,other,"Carcinoma,Hepatocellular"
hsa-mir-630,other,"Carcinoma,Non-Small-Cell Lung"
hsa-mir-630,other,Esophageal Squamous Cell Carcinoma
hsa-mir-639,other,"Cardiomyopathy,Dilated"
hsa-mir-616,other,"Carcinoma,Hepatocellular"
hsa-mir-616,other,"Leukemia,Myeloid,Acute"
hsa-mir-616,other,Coronary Artery Disease
hsa-mir-1246,other,Colorectal Neoplasms
hsa-mir-1246,other,"Carcinoma,Hepatocellular"
hsa-mir-1246,other,"Leukemia,Myeloid,Acute"
hsa-mir-1246,other,"Carcinoma,Non-Small-Cell Lung"
hsa-mir-1246,other,Down Syndrome
hsa-mir-1246,other,Hemophilia A
hsa-mir-320d,other,"Diabetes Mellitus,Type 2"
hsa-mir-320d,other,"Lymphoma,Large B-Cell,Diffuse"
hsa-mir-542,other,Colorectal Neoplasms
hsa-mir-542,other,"Carcinoma,Hepatocellular"
hsa-mir-542,other,"Leukemia,Myeloid,Acute"
hsa-mir-542,other,"Carcinoma,Non-Small-Cell Lung"
hsa-mir-542,other,"Carcinoma,Basal Cell"
hsa-mir-595,other,"Carcinoma,Hepatocellular"
hsa-mir-330,other,Colonic Neoplasms
hsa-mir-330,other,Colorectal Neoplasms
hsa-mir-330,other,"Carcinoma,Hepatocellular"
hsa-mir-330,other,"Leukemia,Myeloid,Acute"
hsa-mir-330,other,"Carcinoma,Non-Small-Cell Lung"
hsa-mir-330,other,Costello Syndrome
hsa-mir-330,other,"Muscular Dystrophy,Facioscapulohumeral"
hsa-mir-493,other,Colonic Neoplasms
hsa-mir-493,other,"Carcinoma,Hepatocellular"
hsa-mir-493,other,Urinary Bladder Diseases
hsa-mir-16,other,"Leukemia,Lymphocytic,Chronic,B-Cell"
hsa-mir-16,other,Colorectal Neoplasms
hsa-mir-16,other,"Leukemia,Promyelocytic,Acute"
hsa-mir-16,other,"Carcinoma,Hepatocellular"
hsa-mir-16,other,"Cardiomyopathy,Hypertrophic"
hsa-mir-16,other,"Leukemia,Myeloid,Acute"
hsa-mir-16,other,"Carcinoma,Renal Cell"
hsa-mir-16,other,Pancreatic Neoplasms
hsa-mir-16,other,Precursor T-Cell Lymphoblastic Leukemia-Lymphoma
hsa-mir-16,other,"Carcinoma,Non-Small-Cell Lung"
hsa-mir-16,other,Esophageal Squamous Cell Carcinoma
hsa-mir-16,other,Multiple Sclerosis
hsa-mir-16,other,Coronary Artery Disease
hsa-mir-16,other,Obesity
hsa-mir-16,other,"Scleroderma,Systemic"
hsa-mir-16,other,"Tuberculosis,Pulmonary"
hsa-mir-16,other,Liver Diseases
hsa-mir-16,other,"Lymphoma,Non-Hodgkin"
hsa-mir-16,other,Osteosarcoma
hsa-mir-16,other,"Lymphoma,T-Cell"
hsa-mir-16,other,Bronchopulmonary Dysplasia
hsa-mir-16,other,"Colitis,Ulcerative"
hsa-mir-16,other,Inflammation
hsa-mir-16,other,Sarcoma
hsa-mir-16,other,"Lymphoma,T-Cell,Cutaneous"
hsa-mir-16,other,Pregnancy Complications
hsa-mir-16,other,Growth Disorders
hsa-mir-548l,other,"Carcinoma,Hepatocellular"
hsa-mir-409,other,Colorectal Neoplasms
hsa-mir-409,other,"Carcinoma,Hepatocellular"
hsa-mir-409,other,"Leukemia,Myeloid,Acute"
hsa-mir-409,other,"Diabetes Mellitus,Type 2"
hsa-mir-409,other,"Carcinoma,Non-Small-Cell Lung"
hsa-mir-409,other,Sarcoma
hsa-mir-200b,other,Colonic Neoplasms
hsa-mir-200b,other,Colorectal Neoplasms
hsa-mir-200b,other,"Carcinoma,Hepatocellular"
hsa-mir-200b,other,"Carcinoma,Renal Cell"
hsa-mir-200b,other,"Diabetes Mellitus,Type 2"
hsa-mir-200b,other,Adrenocortical Carcinoma
hsa-mir-200b,other,"Carcinoma,Non-Small-Cell Lung"
hsa-mir-200b,other,Esophageal Squamous Cell Carcinoma
hsa-mir-200b,other,Urinary Bladder Diseases
hsa-mir-200b,other,Crohn Disease
hsa-mir-200b,other,Liver Diseases
hsa-mir-200b,other,Diabetic Retinopathy
hsa-mir-200b,other,Sarcoma
hsa-mir-200b,other,"Carcinoma,Endometrioid"
hsa-mir-200b,other,Colitis
hsa-mir-200b,other,Aneurysm
hsa-mir-200b,other,"Carcinoma,Ehrlich Tumor"
hsa-mir-128-2,other,Colonic Neoplasms
hsa-mir-128-2,other,"Carcinoma,Hepatocellular"
hsa-mir-128-2,other,Precursor T-Cell Lymphoblastic Leukemia-Lymphoma
hsa-mir-134,other,Colorectal Neoplasms
hsa-mir-134,other,"Carcinoma,Hepatocellular"
hsa-mir-134,other,"Carcinoma,Renal Cell"
hsa-mir-134,other,"Carcinoma,Non-Small-Cell Lung"
hsa-mir-134,other,Parkinson Disease
hsa-mir-134,other,Coronary Artery Disease
hsa-mir-134,other,"Carcinoma,Embryonal"
hsa-mir-141,other,Colonic Neoplasms
hsa-mir-141,other,Lung Neoplasms
hsa-mir-141,other,Colorectal Neoplasms
hsa-mir-141,other,"Carcinoma,Hepatocellular"
hsa-mir-141,other,"Carcinoma,Renal Cell"
hsa-mir-141,other,Choriocarcinoma
hsa-mir-141,other,Melanoma
hsa-mir-141,other,"Carcinoma,Non-Small-Cell Lung"
hsa-mir-141,other,Esophageal Squamous Cell Carcinoma
hsa-mir-141,other,Urinary Bladder Diseases
hsa-mir-141,other,Multiple Sclerosis
hsa-mir-141,other,Osteosarcoma
hsa-mir-141,other,Sarcoma
hsa-mir-141,other,"Carcinoma,Endometrioid"
hsa-mir-141,other,Aneurysm
hsa-mir-141,other,"Adenocarcinoma,Sebaceous"
hsa-mir-141,other,"Carcinoma,Ehrlich Tumor"
hsa-mir-31,other,"Leukemia,Lymphocytic,Chronic,B-Cell"
hsa-mir-31,other,Colonic Neoplasms
hsa-mir-31,other,Colorectal Neoplasms
hsa-mir-31,other,"Carcinoma,Hepatocellular"
hsa-mir-31,other,Diabetes Mellitus
hsa-mir-31,other,Lymphoma
hsa-mir-31,other,"Carcinoma,Non-Small-Cell Lung"
hsa-mir-31,other,Esophageal Squamous Cell Carcinoma
hsa-mir-31,other,Urinary Bladder Diseases
hsa-mir-31,other,Multiple Sclerosis
hsa-mir-31,other,Retinoblastoma
hsa-mir-31,other,Crohn Disease
hsa-mir-31,other,"Scleroderma,Systemic"
hsa-mir-31,other,"Muscular Dystrophy,Duchenne"
hsa-mir-31,other,"Tuberculosis,Pulmonary"
hsa-mir-31,other,"Colitis,Ulcerative"
hsa-mir-31,other,Hematologic Neoplasms
hsa-mir-31,other,Celiac Disease
hsa-mir-31,other,Cardiomegaly
hsa-mir-31,other,"Lymphoma,Follicular"
hsa-mir-31,other,Barrett Esophagus
hsa-mir-4447,other,Crohn Disease
hsa-mir-421,other,"Carcinoma,Hepatocellular"
hsa-mir-421,other,"Carcinoma,Non-Small-Cell Lung"
hsa-mir-421,other,"Tuberculosis,Pulmonary"
hsa-mir-421,other,Gastrointestinal Neoplasms
hsa-mir-191,other,Colonic Neoplasms
hsa-mir-191,other,Colorectal Neoplasms
hsa-mir-191,other,"Carcinoma,Hepatocellular"
hsa-mir-191,other,"Leukemia,Myeloid,Acute"
hsa-mir-191,other,"Leukemia,Lymphoid"
hsa-mir-191,other,"Diabetes Mellitus,Type 2"
hsa-mir-191,other,Precursor T-Cell Lymphoblastic Leukemia-Lymphoma
hsa-mir-191,other,Glioblastoma
hsa-mir-191,other,"Carcinoma,Non-Small-Cell Lung"
hsa-mir-191,other,Cholangiocarcinoma
hsa-mir-191,other,"Aortic Aneurysm,Abdominal"
hsa-mir-2861,other,"Carcinoma,Basal Cell"
hsa-mir-520a,other,Colorectal Neoplasms
hsa-mir-520a,other,"Carcinoma,Hepatocellular"
hsa-mir-520a,other,"Carcinoma,Non-Small-Cell Lung"
hsa-mir-520a,other,Esophageal Squamous Cell Carcinoma
hsa-mir-520a,other,"Lymphoma,Non-Hodgkin"
hsa-mir-520a,other,"Leukemia,Myelogenous,Chronic,BCR-ABL Positive"
hsa-mir-224,other,Colonic Neoplasms
hsa-mir-224,other,Colorectal Neoplasms
hsa-mir-224,other,"Carcinoma,Hepatocellular"
hsa-mir-224,other,"Lymphoma,B-Cell"
hsa-mir-224,other,"Leukemia,Myeloid,Acute"
hsa-mir-224,other,"Carcinoma,Renal Cell"
hsa-mir-224,other,Glioblastoma
hsa-mir-224,other,"Carcinoma,Non-Small-Cell Lung"
hsa-mir-224,other,Esophageal Squamous Cell Carcinoma
hsa-mir-224,other,Urinary Bladder Diseases
hsa-mir-224,other,"Lymphoma,Large B-Cell,Diffuse"
hsa-mir-224,other,Acute Coronary Syndrome
hsa-mir-224,other,Liver Neoplasms
hsa-mir-892b,other,Breast Neoplasms
hsa-mir-892b,other,"Neuralgia,Postherpetic"
hsa-let-7a,other,Colonic Neoplasms
hsa-let-7a,other,Colorectal Neoplasms
hsa-let-7a,other,"Carcinoma,Hepatocellular"
hsa-let-7a,other,"Carcinoma,Renal Cell"
hsa-let-7a,other,"Diabetes Mellitus,Type 2"
hsa-let-7a,other,"Carcinoma,Non-Small-Cell Lung"
hsa-let-7a,other,Alzheimer Disease
hsa-let-7a,other,Esophageal Squamous Cell Carcinoma
hsa-let-7a,other,Multiple Myeloma
hsa-let-7a,other,Retinoblastoma
hsa-let-7a,other,Spinal Cord Injuries
hsa-let-7a,other,Gastrointestinal Neoplasms
hsa-let-7a,other,Liver Cirrhosis
hsa-let-7a,other,"Lymphoma,Non-Hodgkin"
hsa-let-7a,other,"Cardiomyopathy,Dilated"
hsa-let-7a,other,Autoimmune Diseases
hsa-let-7a,other,Cholesteatoma
hsa-let-7a,other,Laryngeal Neoplasms
hsa-let-7a,other,Pregnancy Complications
hsa-mir-1273c,other,Colorectal Neoplasms
hsa-mir-325,other,"Carcinoma,Hepatocellular"
hsa-mir-325,other,"Carcinoma,Non-Small-Cell Lung"
hsa-let-7e,other,Colonic Neoplasms
hsa-let-7e,other,Colorectal Neoplasms
hsa-let-7e,other,"Carcinoma,Hepatocellular"
hsa-let-7e,other,"Leukemia,Myeloid,Acute"
hsa-let-7e,other,"Carcinoma,Renal Cell"
hsa-let-7e,other,Pancreatic Neoplasms
hsa-let-7e,other,"Carcinoma,Non-Small-Cell Lung"
hsa-let-7e,other,Esophageal Squamous Cell Carcinoma
hsa-let-7e,other,Acute Coronary Syndrome
hsa-let-7e,other,"Colitis,Ulcerative"
hsa-let-7e,other,Cystic Fibrosis
hsa-let-7e,other,"Lymphoma,Primary Effusion"
hsa-mir-1307,other,Colorectal Neoplasms
hsa-mir-1307,other,Ovarian Neoplasms
hsa-mir-1307,other,Liver Neoplasms
hsa-mir-519d,other,Colorectal Neoplasms
hsa-mir-519d,other,"Carcinoma,Hepatocellular"
hsa-mir-519d,other,"Carcinoma,Non-Small-Cell Lung"
hsa-mir-519d,other,"Pregnancy,Ectopic"
hsa-mir-449c,other,Inflammation
hsa-mir-184,other,Breast Neoplasms
hsa-mir-184,other,"Carcinoma,Hepatocellular"
hsa-mir-184,other,"Cardiomyopathy,Hypertrophic"
hsa-mir-184,other,"Carcinoma,Renal Cell"
hsa-mir-184,other,"Carcinoma,Non-Small-Cell Lung"
hsa-mir-184,other,Esophageal Squamous Cell Carcinoma
hsa-mir-184,other,Heart Diseases
hsa-mir-184,other,Osteosarcoma
hsa-mir-184,other,Epilepsy
hsa-mir-184,other,Hepatoblastoma
hsa-mir-212,other,"Leukemia,Lymphocytic,Chronic,B-Cell"
hsa-mir-212,other,"Carcinoma,Hepatocellular"
hsa-mir-212,other,"Diabetes Mellitus,Type 2"
hsa-mir-212,other,Adrenocortical Carcinoma
hsa-mir-212,other,"Carcinoma,Non-Small-Cell Lung"
hsa-mir-212,other,Urinary Bladder Diseases
hsa-mir-212,other,Liver Diseases
hsa-mir-212,other,Osteosarcoma
hsa-mir-212,other,Neuroblastoma
hsa-mir-196a,other,Colonic Neoplasms
hsa-mir-196a,other,Leukemia
hsa-mir-196a,other,Colorectal Neoplasms
hsa-mir-196a,other,"Carcinoma,Hepatocellular"
hsa-mir-196a,other,"Carcinoma,Renal Cell"
hsa-mir-196a,other,"Carcinoma,Non-Small-Cell Lung"
hsa-mir-196a,other,Esophageal Squamous Cell Carcinoma
hsa-mir-196a,other,"Scleroderma,Localized"
hsa-mir-196a,other,"Lymphoma,Non-Hodgkin"
hsa-mir-196a,other,Huntington Disease
hsa-mir-196a,other,"Colitis,Ulcerative"
hsa-mir-196a,other,Neuroendocrine Tumors
hsa-mir-196a,other,"Niemann-Pick Disease,Type C"
hsa-mir-450a-2,other,"Carcinoma,Hepatocellular"
hsa-mir-766,other,Colonic Neoplasms
hsa-mir-766,other,"Carcinoma,Hepatocellular"
hsa-mir-766,other,"Diabetes Mellitus,Type 2"
hsa-mir-766,other,Esophageal Neoplasms
hsa-mir-499b,other,"Carcinoma,Hepatocellular"
hsa-mir-1202,other,"Carcinoma,Hepatocellular"
hsa-mir-26a,other,"Leukemia,Lymphocytic,Chronic,B-Cell"
hsa-mir-26a,other,Leukemia
hsa-mir-26a,other,Colorectal Neoplasms
hsa-mir-26a,other,"Carcinoma,Hepatocellular"
hsa-mir-26a,other,"Leukemia,Myeloid,Acute"
hsa-mir-26a,other,"Carcinoma,Renal Cell"
hsa-mir-26a,other,Neurodegenerative Diseases
hsa-mir-26a,other,"Diabetes Mellitus,Type 2"
hsa-mir-26a,other,"Carcinoma,Non-Small-Cell Lung"
hsa-mir-26a,other,Esophageal Squamous Cell Carcinoma
hsa-mir-26a,other,Obesity
hsa-mir-26a,other,"Lymphoma,Large B-Cell,Diffuse"
hsa-mir-26a,other,"Lymphoma,Non-Hodgkin"
hsa-mir-26a,other,"Lymphoma,T-Cell"
hsa-mir-26a,other,Hematologic Neoplasms
hsa-mir-26a,other,"Aortic Aneurysm,Abdominal"
hsa-mir-26a,other,Narcolepsy
hsa-mir-26a,other,Lung Injury
hsa-mir-19b,other,Colorectal Neoplasms
hsa-mir-19b,other,"Carcinoma,Hepatocellular"
hsa-mir-19b,other,Ovarian Neoplasms
hsa-mir-19b,other,"Leukemia,Myeloid,Acute"
hsa-mir-19b,other,"Diabetes Mellitus,Type 2"
hsa-mir-19b,other,"Carcinoma,Non-Small-Cell Lung"
hsa-mir-19b,other,Multiple Sclerosis
hsa-mir-19b,other,Retinoblastoma
hsa-mir-19b,other,Liver Diseases
hsa-mir-19b,other,"Lymphoma,Large B-Cell,Diffuse"
hsa-mir-19b,other,"Leukemia,B-Cell"
hsa-mir-19b,other,"Carcinoma,Embryonal"
hsa-mir-19b,other,Inflammation
hsa-mir-19b,other,Neuroblastoma
hsa-mir-19b,other,Wilms Tumor
hsa-mir-4284,other,"Colitis,Ulcerative"
hsa-mir-182,other,Colorectal Neoplasms
hsa-mir-182,other,"Leukemia,Promyelocytic,Acute"
hsa-mir-182,other,"Carcinoma,Hepatocellular"
hsa-mir-182,other,"Leukemia,Myeloid,Acute"
hsa-mir-182,other,"Carcinoma,Renal Cell"
hsa-mir-182,other,Choriocarcinoma
hsa-mir-182,other,"Diabetes Mellitus,Type 2"
hsa-mir-182,other,Precursor T-Cell Lymphoblastic Leukemia-Lymphoma
hsa-mir-182,other,"Carcinoma,Non-Small-Cell Lung"
hsa-mir-182,other,Urinary Bladder Diseases
hsa-mir-182,other,Parkinson Disease
hsa-mir-182,other,Spinal Cord Injuries
hsa-mir-182,other,Arteriosclerosis Obliterans
hsa-mir-182,other,Fatty Liver
hsa-mir-182,other,Sarcoma
hsa-mir-182,other,"Leukemia,Biphenotypic,Acute"
hsa-mir-182,other,Pain
hsa-mir-182,other,"Carcinoma,Basal Cell"
hsa-mir-182,other,Keratitis
hsa-mir-182,other,"Shock,Septic"
hsa-mir-182,other,"Carcinoma,Ehrlich Tumor"
hsa-mir-381,other,"Carcinoma,Hepatocellular"
hsa-mir-381,other,"Carcinoma,Renal Cell"
hsa-mir-381,other,Glioblastoma
hsa-mir-381,other,"Carcinoma,Non-Small-Cell Lung"
hsa-mir-938,other,Glioblastoma
hsa-mir-3613,other,Colonic Neoplasms
hsa-mir-3613,other,Pain
hsa-mir-5582,other,Colorectal Neoplasms
hsa-mir-571,other,"Carcinoma,Hepatocellular"
hsa-mir-571,other,"Carcinoma,Renal Cell"
hsa-mir-3182,other,Colorectal Neoplasms
hsa-mir-146a,other,"Leukemia,Lymphocytic,Chronic,B-Cell"
hsa-mir-146a,other,Colonic Neoplasms
hsa-mir-146a,other,Colorectal Neoplasms
hsa-mir-146a,other,"Leukemia,Promyelocytic,Acute"
hsa-mir-146a,other,"Carcinoma,Hepatocellular"
hsa-mir-146a,other,"Lymphoma,B-Cell"
hsa-mir-146a,other,"Leukemia,Myeloid,Acute"
hsa-mir-146a,other,"Carcinoma,Renal Cell"
hsa-mir-146a,other,Neurodegenerative Diseases
hsa-mir-146a,other,Lupus Vulgaris
hsa-mir-146a,other,"Diabetes Mellitus,Type 2"
hsa-mir-146a,other,Precursor T-Cell Lymphoblastic Leukemia-Lymphoma
hsa-mir-146a,other,Adrenocortical Carcinoma
hsa-mir-146a,other,"Carcinoma,Non-Small-Cell Lung"
hsa-mir-146a,other,Esophageal Squamous Cell Carcinoma
hsa-mir-146a,other,Urinary Bladder Diseases
hsa-mir-146a,other,Myasthenia Gravis
hsa-mir-146a,other,"Diabetes Mellitus,Type 1"
hsa-mir-146a,other,Cholangiocarcinoma
hsa-mir-146a,other,"Scleroderma,Systemic"
hsa-mir-146a,other,"Tuberculosis,Pulmonary"
hsa-mir-146a,other,Liver Diseases
hsa-mir-146a,other,Kidney Diseases
hsa-mir-146a,other,Amyotrophic Lateral Sclerosis
hsa-mir-146a,other,"Lymphoma,T-Cell"
hsa-mir-146a,other,"Colitis,Ulcerative"
hsa-mir-146a,other,Atrial Fibrillation
hsa-mir-146a,other,"Aortic Aneurysm,Abdominal"
hsa-mir-146a,other,Cystic Fibrosis
hsa-mir-146a,other,Prion Diseases
hsa-mir-146a,other,Autoimmune Diseases
hsa-mir-146a,other,Graves Ophthalmopathy
hsa-mir-146a,other,"Arthritis,Psoriatic"
hsa-mir-146a,other,"Carcinoma,Basal Cell"
hsa-mir-146a,other,Thrombocytosis
hsa-mir-146a,other,Meningitis
hsa-mir-146a,other,Keratitis
hsa-mir-146a,other,Pregnancy Complications
hsa-mir-146a,other,Pneumonia
hsa-mir-146a,other,Lung Injury
hsa-mir-146a,other,Status Epilepticus
hsa-mir-520c,other,"Carcinoma,Hepatocellular"
hsa-mir-520c,other,"Carcinoma,Non-Small-Cell Lung"
hsa-mir-520c,other,"Lymphoma,Large B-Cell,Diffuse"
hsa-mir-424,other,Colonic Neoplasms
hsa-mir-424,other,Colorectal Neoplasms
hsa-mir-424,other,"Carcinoma,Hepatocellular"
hsa-mir-424,other,"Leukemia,Myeloid,Acute"
hsa-mir-424,other,"Carcinoma,Renal Cell"
hsa-mir-424,other,Adrenocortical Carcinoma
hsa-mir-424,other,"Carcinoma,Non-Small-Cell Lung"
hsa-mir-424,other,Esophageal Squamous Cell Carcinoma
hsa-mir-424,other,Urinary Bladder Diseases
hsa-mir-424,other,"Tuberculosis,Pulmonary"
hsa-mir-424,other,Inflammation
hsa-mir-424,other,Neuroblastoma
hsa-mir-424,other,"Arthritis,Psoriatic"
hsa-mir-193b,other,Colorectal Neoplasms
hsa-mir-193b,other,"Carcinoma,Hepatocellular"
hsa-mir-193b,other,"Lymphoma,B-Cell"
hsa-mir-193b,other,"Leukemia,Myeloid,Acute"
hsa-mir-193b,other,"Leukemia,Lymphoid"
hsa-mir-193b,other,"Carcinoma,Renal Cell"
hsa-mir-193b,other,"Diabetes Mellitus,Type 2"
hsa-mir-193b,other,Lymphoma
hsa-mir-193b,other,"Carcinoma,Non-Small-Cell Lung"
hsa-mir-193b,other,Esophageal Squamous Cell Carcinoma
hsa-mir-193b,other,Urinary Bladder Diseases
hsa-mir-193b,other,"Scleroderma,Systemic"
hsa-mir-193b,other,Psoriasis
hsa-mir-193b,other,Liposarcoma
hsa-mir-193b,other,Laryngeal Neoplasms
hsa-mir-365b,other,Colonic Neoplasms
hsa-mir-365b,other,"Carcinoma,Hepatocellular"
hsa-mir-365b,other,"Carcinoma,Renal Cell"
hsa-mir-10a,other,"Carcinoma,Hepatocellular"
hsa-mir-10a,other,"Cardiomyopathy,Hypertrophic"
hsa-mir-10a,other,"Leukemia,Myeloid,Acute"
hsa-mir-10a,other,"Leukemia,Myeloid,Chronic"
hsa-mir-10a,other,"Leukemia,Myeloid,Chronic-Phase"
hsa-mir-10a,other,"Carcinoma,Non-Small-Cell Lung"
hsa-mir-10a,other,Esophageal Squamous Cell Carcinoma
hsa-mir-10a,other,Urinary Bladder Diseases
hsa-mir-10a,other,"Lymphoma,Large B-Cell,Diffuse"
hsa-mir-10a,other,Atrial Fibrillation
hsa-mir-10a,other,Autoimmune Diseases
hsa-mir-632,other,Myelodysplastic Syndromes
hsa-mir-30c,other,Colonic Neoplasms
hsa-mir-30c,other,Colorectal Neoplasms
hsa-mir-30c,other,"Carcinoma,Hepatocellular"
hsa-mir-30c,other,"Leukemia,Myeloid,Acute"
hsa-mir-30c,other,"Carcinoma,Renal Cell"
hsa-mir-30c,other,"Diabetes Mellitus,Type 2"
hsa-mir-30c,other,"Carcinoma,Non-Small-Cell Lung"
hsa-mir-30c,other,Narcolepsy
hsa-mir-150,other,"Leukemia,Lymphocytic,Chronic,B-Cell"
hsa-mir-150,other,Colonic Neoplasms
hsa-mir-150,other,Colorectal Neoplasms
hsa-mir-150,other,"Carcinoma,Hepatocellular"
hsa-mir-150,other,"Cardiomyopathy,Hypertrophic"
hsa-mir-150,other,"Lymphoma,B-Cell"
hsa-mir-150,other,"Leukemia,Myeloid,Acute"
hsa-mir-150,other,"Carcinoma,Renal Cell"
hsa-mir-150,other,"Diabetes Mellitus,Type 2"
hsa-mir-150,other,"Lymphoma,Large-Cell,Anaplastic"
hsa-mir-150,other,"Leukemia-Lymphoma,Adult T-Cell"
hsa-mir-150,other,"Carcinoma,Non-Small-Cell Lung"
hsa-mir-150,other,Esophageal Squamous Cell Carcinoma
hsa-mir-150,other,Myasthenia Gravis
hsa-mir-150,other,"Diabetes Mellitus,Type 1"
hsa-mir-150,other,Stroke
hsa-mir-150,other,Heart Diseases
hsa-mir-150,other,"Scleroderma,Systemic"
hsa-mir-150,other,"Lymphoma,Large B-Cell,Diffuse"
hsa-mir-150,other,Atrial Fibrillation
hsa-mir-150,other,"Leukemia,Myeloid"
hsa-mir-150,other,Autoimmune Diseases
hsa-mir-150,other,"Lymphoma,T-Cell,Cutaneous"
hsa-mir-150,other,Lung Injury
hsa-mir-518e,other,"Carcinoma,Hepatocellular"
hsa-mir-181b,other,"Leukemia,Lymphocytic,Chronic,B-Cell"
hsa-mir-181b,other,Colonic Neoplasms
hsa-mir-181b,other,Leukemia
hsa-mir-181b,other,Colorectal Neoplasms
hsa-mir-181b,other,"Carcinoma,Hepatocellular"
hsa-mir-181b,other,"Leukemia,Myeloid,Acute"
hsa-mir-181b,other,Sepsis
hsa-mir-181b,other,"Diabetes Mellitus,Type 2"
hsa-mir-181b,other,"Carcinoma,Non-Small-Cell Lung"
hsa-mir-181b,other,Esophageal Squamous Cell Carcinoma
hsa-mir-181b,other,"Lymphoma,T-Cell"
hsa-mir-181b,other,"Aortic Aneurysm,Abdominal"
hsa-mir-181b,other,Cystic Fibrosis
hsa-mir-99a,other,Colorectal Neoplasms
hsa-mir-99a,other,"Carcinoma,Hepatocellular"
hsa-mir-99a,other,Ovarian Neoplasms
hsa-mir-99a,other,"Carcinoma,Renal Cell"
hsa-mir-99a,other,"Diabetes Mellitus,Type 2"
hsa-mir-99a,other,Precursor T-Cell Lymphoblastic Leukemia-Lymphoma
hsa-mir-99a,other,Glioblastoma
hsa-mir-99a,other,"Carcinoma,Non-Small-Cell Lung"
hsa-mir-99a,other,Urinary Bladder Diseases
hsa-mir-99a,other,Adrenal Cortex Neoplasms
hsa-mir-502,other,Colonic Neoplasms
hsa-mir-502,other,Colorectal Neoplasms
hsa-mir-502,other,"Carcinoma,Hepatocellular"
hsa-mir-502,other,"Carcinoma,Renal Cell"
hsa-mir-502,other,"Carcinoma,Non-Small-Cell Lung"
hsa-mir-502,other,"Lymphoma,Non-Hodgkin"
hsa-mir-637,other,"Carcinoma,Hepatocellular"
hsa-mir-637,other,Osteoporosis
hsa-mir-147b,other,Colorectal Neoplasms
hsa-mir-147b,other,"Tuberculosis,Pulmonary"
hsa-mir-147b,other,"Lymphoma,Large B-Cell,Diffuse"
hsa-mir-660,other,"Leukemia,Lymphocytic,Chronic,B-Cell"
hsa-mir-660,other,Breast Neoplasms
hsa-mir-505,other,Colorectal Neoplasms
hsa-mir-505,other,"Carcinoma,Hepatocellular"
hsa-mir-505,other,"Cardiomyopathy,Hypertrophic"
hsa-mir-505,other,Glioblastoma
hsa-mir-532,other,"Leukemia,Lymphocytic,Chronic,B-Cell"
hsa-mir-532,other,Colorectal Neoplasms
hsa-mir-532,other,"Carcinoma,Hepatocellular"
hsa-mir-1303,other,Colorectal Neoplasms
hsa-mir-1303,other,"Carcinoma,Hepatocellular"
hsa-mir-221,other,"Leukemia,Lymphocytic,Chronic,B-Cell"
hsa-mir-221,other,Colonic Neoplasms
hsa-mir-221,other,Leukemia
hsa-mir-221,other,Colorectal Neoplasms
hsa-mir-221,other,"Carcinoma,Hepatocellular"
hsa-mir-221,other,"Leukemia,Myeloid,Acute"
hsa-mir-221,other,"Leukemia,Lymphoid"
hsa-mir-221,other,"Carcinoma,Renal Cell"
hsa-mir-221,other,Myelodysplastic Syndromes
hsa-mir-221,other,"Diabetes Mellitus,Type 2"
hsa-mir-221,other,Diabetes Mellitus
hsa-mir-221,other,Precursor T-Cell Lymphoblastic Leukemia-Lymphoma
hsa-mir-221,other,"Carcinoma,Non-Small-Cell Lung"
hsa-mir-221,other,Urinary Bladder Diseases
hsa-mir-221,other,Retinoblastoma
hsa-mir-221,other,Metabolic Syndrome
hsa-mir-221,other,"Lymphoma,Large B-Cell,Diffuse"
hsa-mir-221,other,Epilepsy
hsa-mir-221,other,Inflammatory Bowel Diseases
hsa-mir-221,other,Cardiomegaly
hsa-mir-221,other,Hyperglycemia
hsa-mir-221,other,Salivary Gland Neoplasms
hsa-mir-221,other,"Leukemia,Myelogenous,Chronic,BCR-ABL Positive"
hsa-mir-221,other,"Lymphoma,Primary Effusion"
hsa-mir-99b,other,Colorectal Neoplasms
hsa-mir-99b,other,"Carcinoma,Hepatocellular"
hsa-mir-99b,other,"Carcinoma,Renal Cell"
hsa-mir-99b,other,Atherosclerosis
hsa-mir-99b,other,Melanoma
hsa-mir-99b,other,Pancreatic Neoplasms
hsa-mir-99b,other,Esophageal Squamous Cell Carcinoma
hsa-mir-99b,other,Urinary Bladder Diseases
hsa-mir-99b,other,Cystic Fibrosis
hsa-mir-99b,other,Costello Syndrome
hsa-mir-129-2,other,Colorectal Neoplasms
hsa-mir-129-2,other,"Carcinoma,Hepatocellular"
hsa-mir-129-2,other,"Carcinoma,Renal Cell"
hsa-mir-129-2,other,Esophageal Squamous Cell Carcinoma
hsa-mir-129-2,other,"Scleroderma,Systemic"
hsa-mir-129-2,other,"Lymphoma,Large B-Cell,Diffuse"
hsa-mir-3646,other,Breast Neoplasms
hsa-mir-4423,other,Lung Neoplasms
hsa-mir-124,other,Colorectal Neoplasms
hsa-mir-124,other,"Carcinoma,Hepatocellular"
hsa-mir-124,other,"Lymphoma,B-Cell"
hsa-mir-124,other,"Carcinoma,Renal Cell"
hsa-mir-124,other,Myelodysplastic Syndromes
hsa-mir-124,other,Neurodegenerative Diseases
hsa-mir-124,other,Sepsis
hsa-mir-124,other,"Carcinoma,Non-Small-Cell Lung"
hsa-mir-124,other,Esophageal Squamous Cell Carcinoma
hsa-mir-124,other,"Tuberculosis,Pulmonary"
hsa-mir-124,other,Amyotrophic Lateral Sclerosis
hsa-mir-124,other,"Colitis,Ulcerative"
hsa-mir-124,other,Hematologic Neoplasms
hsa-mir-124,other,Atrial Fibrillation
hsa-mir-124,other,Neuroblastoma
hsa-let-7f-2,other,Colonic Neoplasms
hsa-let-7f-2,other,Pituitary Neoplasms
hsa-let-7f-2,other,"Carcinoma,Hepatocellular"
hsa-let-7f-2,other,Asthma
hsa-let-7f-2,other,"Leukemia,Myeloid,Acute"
hsa-let-7f-2,other,"Carcinoma,Renal Cell"
hsa-let-7f-2,other,Retinoblastoma
hsa-let-7f-2,other,Stroke
hsa-let-7f-2,other,"Lymphoma,Primary Effusion"
hsa-mir-520b,other,"Carcinoma,Hepatocellular"
hsa-mir-520b,other,"Carcinoma,Non-Small-Cell Lung"
hsa-mir-498,other,Colonic Neoplasms
hsa-mir-498,other,Colorectal Neoplasms
hsa-mir-498,other,"Carcinoma,Hepatocellular"
hsa-mir-498,other,"Leukemia,Myeloid,Acute"
hsa-mir-498,other,Esophageal Squamous Cell Carcinoma
hsa-mir-645,other,"Carcinoma,Hepatocellular"
hsa-mir-935,other,"Carcinoma,Hepatocellular"
hsa-mir-490,other,Colorectal Neoplasms
hsa-mir-490,other,"Carcinoma,Hepatocellular"
hsa-mir-490,other,Ovarian Neoplasms
hsa-mir-490,other,Chondrosarcoma
hsa-mir-365a,other,Colonic Neoplasms
hsa-mir-365a,other,"Carcinoma,Hepatocellular"
hsa-mir-365a,other,"Carcinoma,Renal Cell"
hsa-mir-132,other,"Leukemia,Lymphocytic,Chronic,B-Cell"
hsa-mir-132,other,Colonic Neoplasms
hsa-mir-132,other,Colorectal Neoplasms
hsa-mir-132,other,"Carcinoma,Hepatocellular"
hsa-mir-132,other,Neurodegenerative Diseases
hsa-mir-132,other,"Diabetes Mellitus,Type 2"
hsa-mir-132,other,Adrenocortical Carcinoma
hsa-mir-132,other,"Carcinoma,Non-Small-Cell Lung"
hsa-mir-132,other,Epilepsy
hsa-mir-132,other,Huntington Disease
hsa-mir-132,other,Fatty Liver
hsa-mir-132,other,Neuroblastoma
hsa-mir-132,other,Encephalomyelitis
hsa-mir-132,other,Granulosa Cell Tumor
hsa-mir-132,other,Salivary Gland Neoplasms
hsa-mir-132,other,Pregnancy Complications
hsa-mir-132,other,"Liver Diseases,Alcoholic"
hsa-mir-1292,other,Colorectal Neoplasms
hsa-mir-3664,other,"Carcinoma,Hepatocellular"
hsa-mir-888,other,Colorectal Neoplasms
hsa-mir-888,other,"Carcinoma,Hepatocellular"
hsa-mir-4458,other,"Carcinoma,Hepatocellular"
hsa-mir-1249,other,"Carcinoma,Hepatocellular"
hsa-mir-517c,other,"Carcinoma,Hepatocellular"
hsa-mir-450a-1,other,"Carcinoma,Hepatocellular"
hsa-mir-320b,other,Breast Neoplasms
hsa-mir-320b,other,Colorectal Neoplasms
hsa-mir-7-1,other,Colorectal Neoplasms
hsa-mir-7-1,other,"Carcinoma,Hepatocellular"
hsa-mir-7-1,other,"Carcinoma,Renal Cell"
hsa-mir-7-1,other,Adrenocortical Carcinoma
hsa-mir-7-1,other,"Carcinoma,Non-Small-Cell Lung"
hsa-mir-7-1,other,Urinary Bladder Diseases
hsa-mir-1468,other,"Carcinoma,Hepatocellular"
hsa-mir-9,other,"Leukemia,Lymphocytic,Chronic,B-Cell"
hsa-mir-9,other,Colorectal Neoplasms
hsa-mir-9,other,"Carcinoma,Hepatocellular"
hsa-mir-9,other,"Leukemia,Myeloid,Acute"
hsa-mir-9,other,"Carcinoma,Renal Cell"
hsa-mir-9,other,"Diabetes Mellitus,Type 2"
hsa-mir-9,other,"Carcinoma,Non-Small-Cell Lung"
hsa-mir-9,other,Myocardial Infarction
hsa-mir-9,other,Machado-Joseph Disease
hsa-mir-9,other,Essential Hypertension
hsa-mir-9,other,Rhabdomyosarcoma
hsa-mir-4661,other,Inflammation
hsa-mir-548f,other,Leukemia
hsa-mir-596,other,Ependymoma
hsa-mir-377,other,"Carcinoma,Hepatocellular"
hsa-mir-377,other,"Lymphoma,B-Cell"
hsa-mir-377,other,"Leukemia,Myeloid,Acute"
hsa-mir-377,other,"Carcinoma,Non-Small-Cell Lung"
hsa-mir-377,other,Myocardial Infarction
hsa-mir-3117,other,"Carcinoma,Hepatocellular"
hsa-mir-24,other,Colonic Neoplasms
hsa-mir-24,other,Colorectal Neoplasms
hsa-mir-24,other,"Carcinoma,Hepatocellular"
hsa-mir-24,other,"Cardiomyopathy,Hypertrophic"
hsa-mir-24,other,Ovarian Neoplasms
hsa-mir-24,other,"Leukemia,Myeloid,Acute"
hsa-mir-24,other,"Diabetes Mellitus,Type 2"
hsa-mir-24,other,Hypertrophy
hsa-mir-24,other,Mesothelioma
hsa-mir-24,other,"Carcinoma,Non-Small-Cell Lung"
hsa-mir-24,other,Hypertension
hsa-mir-24,other,Multiple Myeloma
hsa-mir-24,other,"Diabetes Mellitus,Type 1"
hsa-mir-24,other,Cholangiocarcinoma
hsa-mir-24,other,Adrenal Cortex Neoplasms
hsa-mir-24,other,Atrial Fibrillation
hsa-mir-24,other,"Aortic Aneurysm,Abdominal"
hsa-mir-24,other,Salivary Gland Neoplasms
hsa-mir-24,other,Blood Coagulation Disorders
hsa-mir-410,other,Colorectal Neoplasms
hsa-mir-410,other,"Carcinoma,Hepatocellular"
hsa-mir-410,other,Diabetes Mellitus
hsa-mir-410,other,Blindness
hsa-mir-296,other,Colonic Neoplasms
hsa-mir-296,other,"Carcinoma,Hepatocellular"
hsa-mir-296,other,"Carcinoma,Non-Small-Cell Lung"
hsa-mir-296,other,Esophageal Squamous Cell Carcinoma
hsa-mir-296,other,Urinary Bladder Diseases
hsa-mir-296,other,Esophageal Neoplasms
hsa-mir-296,other,"Lymphoma,Large B-Cell,Diffuse"
hsa-mir-296,other,"Niemann-Pick Disease,Type C"
hsa-mir-1233,other,"Carcinoma,Renal Cell"
hsa-mir-451b,other,"Carcinoma,Non-Small-Cell Lung"
hsa-mir-659,other,Neuroblastoma
hsa-mir-579,other,Inflammation
hsa-mir-581,other,"Carcinoma,Hepatocellular"
hsa-mir-181b-2,other,"Leukemia,Lymphocytic,Chronic,B-Cell"
hsa-mir-181b-2,other,Colorectal Neoplasms
hsa-mir-181b-2,other,"Leukemia,Promyelocytic,Acute"
hsa-mir-181b-2,other,"Carcinoma,Hepatocellular"
hsa-mir-181b-2,other,"Cardiomyopathy,Hypertrophic"
hsa-mir-181b-2,other,"Leukemia,Myeloid,Acute"
hsa-mir-181b-2,other,Urinary Bladder Diseases
hsa-mir-181b-2,other,"Tuberculosis,Pulmonary"
hsa-mir-613,other,"Carcinoma,Hepatocellular"
hsa-mir-613,other,Glioblastoma
hsa-mir-613,other,"Carcinoma,Non-Small-Cell Lung"
hsa-mir-646,other,Colorectal Neoplasms
hsa-mir-646,other,"Carcinoma,Hepatocellular"
hsa-mir-646,other,"Carcinoma,Renal Cell"
hsa-mir-646,other,"Cardiomyopathy,Dilated"
hsa-mir-1295b,other,Colorectal Neoplasms
hsa-mir-10b,other,Colonic Neoplasms
hsa-mir-10b,other,Colorectal Neoplasms
hsa-mir-10b,other,"Carcinoma,Hepatocellular"
hsa-mir-10b,other,"Cardiomyopathy,Hypertrophic"
hsa-mir-10b,other,"Carcinoma,Renal Cell"
hsa-mir-10b,other,Lymphoma
hsa-mir-10b,other,"Carcinoma,Non-Small-Cell Lung"
hsa-mir-10b,other,Esophageal Squamous Cell Carcinoma
hsa-mir-10b,other,Urinary Bladder Diseases
hsa-mir-10b,other,Atrial Fibrillation
hsa-mir-137,other,Colonic Neoplasms
hsa-mir-137,other,Colorectal Neoplasms
hsa-mir-137,other,"Carcinoma,Hepatocellular"
hsa-mir-137,other,"Carcinoma,Renal Cell"
hsa-mir-137,other,Adrenocortical Carcinoma
hsa-mir-137,other,"Carcinoma,Non-Small-Cell Lung"
hsa-mir-137,other,Huntington Disease
hsa-mir-1231,other,Colonic Neoplasms
hsa-mir-1231,other,"Carcinoma,Hepatocellular"
hsa-mir-24-2,other,Colonic Neoplasms
hsa-mir-24-2,other,"Carcinoma,Hepatocellular"
hsa-mir-24-2,other,"Cardiomyopathy,Hypertrophic"
hsa-mir-24-2,other,"Diabetes Mellitus,Type 2"
hsa-mir-24-2,other,Myocardial Infarction
hsa-mir-24-2,other,Heart Diseases
hsa-mir-24-2,other,Inflammation
hsa-mir-103a-2,other,"Leukemia,Lymphocytic,Chronic,B-Cell"
hsa-mir-103a-2,other,Colorectal Neoplasms
hsa-mir-103a-2,other,"Carcinoma,Hepatocellular"
hsa-mir-103a-2,other,"Diabetes Mellitus,Type 2"
hsa-mir-103a-2,other,Pancreatic Neoplasms
hsa-mir-103a-2,other,Hypertension
hsa-let-7f,other,Colonic Neoplasms
hsa-let-7f,other,Breast Neoplasms
hsa-let-7f,other,"Carcinoma,Hepatocellular"
hsa-let-7f,other,Asthma
hsa-let-7f,other,"Leukemia,Myeloid,Acute"
hsa-let-7f,other,"Carcinoma,Renal Cell"
hsa-let-7f,other,"Diabetes Mellitus,Type 2"
hsa-let-7f,other,"Carcinoma,Non-Small-Cell Lung"
hsa-let-7f,other,Retinoblastoma
hsa-let-7f,other,Liver Diseases
hsa-mir-539,other,"Carcinoma,Hepatocellular"
hsa-mir-539,other,"Carcinoma,Non-Small-Cell Lung"
hsa-mir-627,other,Colonic Neoplasms
hsa-mir-509,other,Breast Neoplasms
hsa-mir-509,other,Colorectal Neoplasms
hsa-mir-509,other,"Carcinoma,Hepatocellular"
hsa-mir-509,other,"Leukemia,Myeloid,Acute"
hsa-mir-509,other,"Leukemia,Lymphoid"
hsa-mir-509,other,"Carcinoma,Renal Cell"
hsa-mir-509,other,"Carcinoma,Non-Small-Cell Lung"
hsa-mir-509,other,Cystic Fibrosis
hsa-mir-509,other,Chondrosarcoma
hsa-mir-326,other,Colonic Neoplasms
hsa-mir-326,other,Breast Neoplasms
hsa-mir-326,other,Lung Neoplasms
hsa-mir-326,other,Colorectal Neoplasms
hsa-mir-326,other,"Carcinoma,Hepatocellular"
hsa-mir-326,other,"Leukemia,Myeloid,Acute"
hsa-mir-326,other,Glioblastoma
hsa-mir-326,other,"Leukemia-Lymphoma,Adult T-Cell"
hsa-mir-326,other,"Carcinoma,Non-Small-Cell Lung"
hsa-mir-326,other,"Diabetes Mellitus,Type 1"
hsa-mir-326,other,Lupus Nephritis
hsa-mir-326,other,Fatty Liver
hsa-mir-326,other,Autoimmune Diseases
hsa-mir-326,other,Cataract
hsa-mir-326,other,Thrombosis
hsa-mir-1236,other,"Carcinoma,Hepatocellular"
hsa-mir-1236,other,Kidney Neoplasms
hsa-mir-1236,other,"Lymphoma,Large B-Cell,Diffuse"
hsa-mir-195,other,"Leukemia,Lymphocytic,Chronic,B-Cell"
hsa-mir-195,other,Colonic Neoplasms
hsa-mir-195,other,Colorectal Neoplasms
hsa-mir-195,other,"Carcinoma,Hepatocellular"
hsa-mir-195,other,"Cardiomyopathy,Hypertrophic"
hsa-mir-195,other,"Lymphoma,B-Cell"
hsa-mir-195,other,"Leukemia,Myeloid,Acute"
hsa-mir-195,other,"Carcinoma,Renal Cell"
hsa-mir-195,other,"Diabetes Mellitus,Type 2"
hsa-mir-195,other,Adrenocortical Carcinoma
hsa-mir-195,other,"Carcinoma,Non-Small-Cell Lung"
hsa-mir-195,other,Esophageal Squamous Cell Carcinoma
hsa-mir-195,other,Urinary Bladder Diseases
hsa-mir-195,other,Gastrointestinal Neoplasms
hsa-mir-195,other,"Colitis,Ulcerative"
hsa-mir-195,other,Tongue Neoplasms
hsa-mir-195,other,Salivary Gland Neoplasms
hsa-mir-195,other,Aortic Aneurysm
hsa-mir-519b,other,Osteoarthritis
hsa-mir-362,other,Colorectal Neoplasms
hsa-mir-362,other,"Carcinoma,Hepatocellular"
hsa-mir-362,other,"Carcinoma,Renal Cell"
hsa-mir-362,other,"Leukemia,Myelogenous,Chronic,BCR-ABL Positive"
hsa-mir-362,other,Aneurysm
hsa-mir-138-2,other,Leukemia
hsa-mir-138-2,other,"Carcinoma,Hepatocellular"
hsa-mir-138-2,other,"Carcinoma,Renal Cell"
hsa-mir-138-2,other,"Carcinoma,Non-Small-Cell Lung"
hsa-mir-138-2,other,Urinary Bladder Diseases
hsa-mir-138-2,other,Glioma
hsa-mir-138-2,other,"Leukemia,Myeloid"
hsa-mir-655,other,"Carcinoma,Hepatocellular"
hsa-mir-655,other,"Leukemia,Myeloid,Acute"
hsa-mir-655,other,"Carcinoma,Renal Cell"
hsa-mir-655,other,Esophageal Squamous Cell Carcinoma
hsa-mir-675,other,"Carcinoma,Hepatocellular"
hsa-mir-675,other,Adrenocortical Carcinoma
hsa-mir-675,other,"Carcinoma,Non-Small-Cell Lung"
hsa-mir-675,other,Esophageal Squamous Cell Carcinoma
hsa-mir-675,other,Neuroblastoma
hsa-mir-675,other,Dental Enamel Hypoplasia
hsa-mir-511,other,"Carcinoma,Hepatocellular"
hsa-mir-511,other,"Leukemia,Myeloid,Acute"
hsa-mir-511,other,"Lymphoma,Large B-Cell,Diffuse"
hsa-mir-511,other,"Lymphoma,T-Cell"
hsa-mir-1270,other,Inflammation
hsa-mir-650,other,"Leukemia,Lymphocytic,Chronic,B-Cell"
hsa-mir-650,other,Colorectal Neoplasms
hsa-mir-650,other,"Carcinoma,Hepatocellular"
hsa-mir-650,other,Melanoma
hsa-mir-1206,other,"Leukemia,Lymphocytic,Chronic,B-Cell"
hsa-mir-1301,other,"Carcinoma,Hepatocellular"
hsa-mir-130a,other,"Leukemia,Lymphocytic,Chronic,B-Cell"
hsa-mir-130a,other,Colonic Neoplasms
hsa-mir-130a,other,Colorectal Neoplasms
hsa-mir-130a,other,"Carcinoma,Hepatocellular"
hsa-mir-130a,other,"Leukemia,Myeloid,Acute"
hsa-mir-130a,other,"Diabetes Mellitus,Type 2"
hsa-mir-130a,other,Pancreatic Neoplasms
hsa-mir-130a,other,Adrenocortical Carcinoma
hsa-mir-130a,other,"Carcinoma,Non-Small-Cell Lung"
hsa-mir-130a,other,"Lymphoma,Large B-Cell,Diffuse"
hsa-mir-130a,other,Adrenal Cortex Neoplasms
hsa-mir-130a,other,"Leukemia,Myeloid"
hsa-mir-130a,other,Fatty Liver
hsa-mir-130a,other,Neuroblastoma
hsa-mir-130a,other,Narcolepsy
hsa-mir-133a,other,Colonic Neoplasms
hsa-mir-133a,other,Lung Neoplasms
hsa-mir-133a,other,Colorectal Neoplasms
hsa-mir-133a,other,"Carcinoma,Hepatocellular"
hsa-mir-133a,other,"Cardiomyopathy,Hypertrophic"
hsa-mir-133a,other,"Carcinoma,Renal Cell"
hsa-mir-133a,other,"Diabetes Mellitus,Type 2"
hsa-mir-133a,other,"Carcinoma,Non-Small-Cell Lung"
hsa-mir-133a,other,Esophageal Squamous Cell Carcinoma
hsa-mir-133a,other,Coronary Artery Disease
hsa-mir-133a,other,Heart Diseases
hsa-mir-133a,other,"Muscular Dystrophy,Duchenne"
hsa-mir-133a,other,Kidney Diseases
hsa-mir-133a,other,"Cardiomyopathy,Dilated"
hsa-mir-133a,other,Atrial Fibrillation
hsa-mir-133a,other,Inflammatory Bowel Diseases
hsa-mir-133a,other,Rhabdomyosarcoma
hsa-mir-133a,other,Long QT Syndrome
hsa-mir-133a,other,"Muscular Dystrophy,Facioscapulohumeral"
hsa-mir-153,other,Colorectal Neoplasms
hsa-mir-153,other,"Carcinoma,Hepatocellular"
hsa-mir-153,other,"Carcinoma,Non-Small-Cell Lung"
hsa-mir-335,other,Colonic Neoplasms
hsa-mir-335,other,Colorectal Neoplasms
hsa-mir-335,other,"Carcinoma,Hepatocellular"
hsa-mir-335,other,"Leukemia,Myeloid,Acute"
hsa-mir-335,other,"Leukemia,Lymphoid"
hsa-mir-335,other,"Carcinoma,Renal Cell"
hsa-mir-335,other,Adrenocortical Carcinoma
hsa-mir-335,other,Esophageal Squamous Cell Carcinoma
hsa-mir-335,other,"Colitis,Ulcerative"
hsa-mir-335,other,Astrocytoma
hsa-mir-382,other,Colorectal Neoplasms
hsa-mir-382,other,"Leukemia,Myeloid,Acute"
hsa-mir-382,other,Hemangioma
hsa-mir-382,other,"Carcinoma,Non-Small-Cell Lung"
hsa-mir-382,other,Esophageal Squamous Cell Carcinoma
hsa-mir-382,other,Parkinson Disease
hsa-mir-382,other,Adrenal Cortex Neoplasms
hsa-mir-100,other,Colorectal Neoplasms
hsa-mir-100,other,"Carcinoma,Hepatocellular"
hsa-mir-100,other,"Leukemia,Myeloid,Acute"
hsa-mir-100,other,"Carcinoma,Renal Cell"
hsa-mir-100,other,Melanoma
hsa-mir-100,other,Heart Failure
hsa-mir-100,other,Precursor T-Cell Lymphoblastic Leukemia-Lymphoma
hsa-mir-100,other,Adrenocortical Carcinoma
hsa-mir-100,other,"Carcinoma,Non-Small-Cell Lung"
hsa-mir-100,other,Esophageal Squamous Cell Carcinoma
hsa-mir-100,other,Urinary Bladder Diseases
hsa-mir-100,other,"Diabetes Mellitus,Type 1"
hsa-mir-100,other,Heart Diseases
hsa-mir-100,other,Inflammation
hsa-mir-155,other,"Leukemia,Lymphocytic,Chronic,B-Cell"
hsa-mir-155,other,Colonic Neoplasms
hsa-mir-155,other,Colorectal Neoplasms
hsa-mir-155,other,"Carcinoma,Hepatocellular"
hsa-mir-155,other,"Lymphoma,B-Cell"
hsa-mir-155,other,"Leukemia,Myeloid,Acute"
hsa-mir-155,other,Nasopharyngeal Neoplasms
hsa-mir-155,other,"Carcinoma,Renal Cell"
hsa-mir-155,other,"Diabetes Mellitus,Type 2"
hsa-mir-155,other,"Lymphoma,Large-Cell,Anaplastic"
hsa-mir-155,other,"Leukemia-Lymphoma,Adult T-Cell"
hsa-mir-155,other,Adrenocortical Carcinoma
hsa-mir-155,other,"Carcinoma,Non-Small-Cell Lung"
hsa-mir-155,other,Esophageal Squamous Cell Carcinoma
hsa-mir-155,other,Urinary Bladder Diseases
hsa-mir-155,other,"Diabetes Mellitus,Type 1"
hsa-mir-155,other,Cholangiocarcinoma
hsa-mir-155,other,"Scleroderma,Systemic"
hsa-mir-155,other,"Tuberculosis,Pulmonary"
hsa-mir-155,other,"Lymphoma,Large B-Cell,Diffuse"
hsa-mir-155,other,Kidney Diseases
hsa-mir-155,other,Amyotrophic Lateral Sclerosis
hsa-mir-155,other,"Lymphoma,Non-Hodgkin"
hsa-mir-155,other,"Lymphoma,T-Cell"
hsa-mir-155,other,"Cardiomyopathy,Dilated"
hsa-mir-155,other,"Colitis,Ulcerative"
hsa-mir-155,other,"Aortic Aneurysm,Abdominal"
hsa-mir-155,other,Cystic Fibrosis
hsa-mir-155,other,"Leukemia,B-Cell"
hsa-mir-155,other,Autoimmune Diseases
hsa-mir-155,other,Cardiomegaly
hsa-mir-155,other,Ischemia
hsa-mir-155,other,Graves Ophthalmopathy
hsa-mir-155,other,Encephalitis
hsa-mir-155,other,"Lymphoma,T-Cell,Cutaneous"
hsa-mir-155,other,Hypoxia
hsa-mir-155,other,Keratitis
hsa-mir-155,other,"Carcinoma,Neuroendocrine"
hsa-mir-155,other,Pregnancy Complications
hsa-mir-155,other,Narcolepsy
hsa-mir-155,other,"Leukemia,Myelogenous,Chronic,BCR-ABL Positive"
hsa-mir-155,other,"Lymphoma,Extranodal NK-T-Cell"
hsa-mir-155,other,"Liver Diseases,Alcoholic"
hsa-mir-621,other,Breast Neoplasms
hsa-mir-422a,other,Colorectal Neoplasms
hsa-mir-422a,other,"Carcinoma,Hepatocellular"
hsa-mir-422a,other,Atherosclerosis
hsa-mir-422a,other,"Carcinoma,Non-Small-Cell Lung"
hsa-mir-422a,other,Osteoporosis
hsa-mir-15b,other,"Leukemia,Lymphocytic,Chronic,B-Cell"
hsa-mir-15b,other,Colonic Neoplasms
hsa-mir-15b,other,Colorectal Neoplasms
hsa-mir-15b,other,"Leukemia,Promyelocytic,Acute"
hsa-mir-15b,other,"Carcinoma,Hepatocellular"
hsa-mir-15b,other,"Leukemia,Myeloid,Acute"
hsa-mir-15b,other,"Diabetes Mellitus,Type 2"
hsa-mir-15b,other,Heart Failure
hsa-mir-15b,other,Adrenocortical Carcinoma
hsa-mir-15b,other,"Carcinoma,Non-Small-Cell Lung"
hsa-mir-15b,other,Urinary Bladder Diseases
hsa-mir-15b,other,Acute Coronary Syndrome
hsa-mir-15b,other,"Cardiomyopathy,Dilated"
hsa-mir-15b,other,Fatty Liver
hsa-mir-15b,other,"Lymphoma,Mantle-Cell"
hsa-mir-29c,other,"Leukemia,Lymphocytic,Chronic,B-Cell"
hsa-mir-29c,other,Colorectal Neoplasms
hsa-mir-29c,other,"Carcinoma,Hepatocellular"
hsa-mir-29c,other,"Cardiomyopathy,Hypertrophic"
hsa-mir-29c,other,Asthma
hsa-mir-29c,other,"Lymphoma,B-Cell"
hsa-mir-29c,other,"Carcinoma,Renal Cell"
hsa-mir-29c,other,Precursor T-Cell Lymphoblastic Leukemia-Lymphoma
hsa-mir-29c,other,"Carcinoma,Non-Small-Cell Lung"
hsa-mir-29c,other,Esophageal Squamous Cell Carcinoma
hsa-mir-29c,other,Urinary Bladder Diseases
hsa-mir-29c,other,Multiple Sclerosis
hsa-mir-29c,other,Glioma
hsa-mir-29c,other,"Muscular Dystrophy,Duchenne"
hsa-mir-29c,other,Kidney Diseases
hsa-mir-29c,other,"Lymphoma,Non-Hodgkin"
hsa-mir-29c,other,"Carcinoma,Embryonal"
hsa-mir-29c,other,"Carcinoma,Basal Cell"
hsa-mir-29c,other,Biliary Atresia
hsa-mir-29c,other,"Aortic Aneurysm,Thoracic"
hsa-mir-485,other,Colorectal Neoplasms
hsa-mir-485,other,"Carcinoma,Hepatocellular"
hsa-mir-485,other,"Carcinoma,Non-Small-Cell Lung"
hsa-mir-4286,other,Colorectal Neoplasms
hsa-mir-4286,other,Pregnancy Complications
hsa-mir-1226,other,Lung Neoplasms
hsa-mir-107,other,"Leukemia,Lymphocytic,Chronic,B-Cell"
hsa-mir-107,other,Colonic Neoplasms
hsa-mir-107,other,Colorectal Neoplasms
hsa-mir-107,other,"Leukemia,Promyelocytic,Acute"
hsa-mir-107,other,"Carcinoma,Hepatocellular"
hsa-mir-107,other,"Diabetes Mellitus,Type 2"
hsa-mir-107,other,"Carcinoma,Non-Small-Cell Lung"
hsa-mir-107,other,Esophageal Squamous Cell Carcinoma
hsa-mir-107,other,Urinary Bladder Diseases
hsa-mir-107,other,Obesity
hsa-mir-107,other,Metabolic Syndrome
hsa-mir-107,other,Kidney Diseases
hsa-mir-107,other,Acute Coronary Syndrome
hsa-mir-107,other,Glaucoma
hsa-mir-107,other,"Neuralgia,Postherpetic"
hsa-mir-26a-2,other,Colorectal Neoplasms
hsa-mir-26a-2,other,"Carcinoma,Hepatocellular"
hsa-mir-26a-2,other,"Leukemia,Myeloid,Acute"
hsa-mir-26a-2,other,"Carcinoma,Renal Cell"
hsa-mir-26a-2,other,Pancreatic Neoplasms
hsa-mir-26a-2,other,Hypertrophy
hsa-mir-26a-2,other,Glioblastoma
hsa-mir-26a-2,other,"Lymphoma,T-Cell"
hsa-mir-26a-2,other,"Lymphoma,Mantle-Cell"
hsa-mir-186,other,"Leukemia,Lymphocytic,Chronic,B-Cell"
hsa-mir-186,other,Colorectal Neoplasms
hsa-mir-186,other,"Carcinoma,Hepatocellular"
hsa-mir-186,other,"Leukemia,Myeloid,Acute"
hsa-mir-186,other,Diabetes Mellitus
hsa-mir-186,other,"Carcinoma,Non-Small-Cell Lung"
hsa-mir-186,other,Esophageal Squamous Cell Carcinoma
hsa-mir-186,other,Kidney Diseases
hsa-mir-186,other,Inflammatory Bowel Diseases
hsa-mir-186,other,Chondrosarcoma
hsa-mir-186,other,"Carcinoma,Endometrioid"
hsa-mir-320e,other,Colorectal Neoplasms
hsa-mir-320e,other,"Carcinoma,Hepatocellular"
hsa-mir-500b,other,"Carcinoma,Hepatocellular"
hsa-mir-3126,other,"Carcinoma,Hepatocellular"
hsa-mir-550b-2,other,"Tuberculosis,Pulmonary"
hsa-mir-122,other,"Leukemia,Lymphocytic,Chronic,B-Cell"
hsa-mir-122,other,Lung Neoplasms
hsa-mir-122,other,Colorectal Neoplasms
hsa-mir-122,other,"Carcinoma,Hepatocellular"
hsa-mir-122,other,"Leukemia,Myeloid,Acute"
hsa-mir-122,other,"Carcinoma,Renal Cell"
hsa-mir-122,other,"Diabetes Mellitus,Type 2"
hsa-mir-122,other,"Carcinoma,Non-Small-Cell Lung"
hsa-mir-122,other,Heart Diseases
hsa-mir-122,other,Gastrointestinal Neoplasms
hsa-mir-122,other,Liver Diseases
hsa-mir-122,other,Osteosarcoma
hsa-mir-122,other,Atrial Fibrillation
hsa-mir-122,other,Osteoarthritis
hsa-mir-122,other,Hepatitis
hsa-mir-122,other,"Fatty Liver,Alcoholic"
hsa-mir-122,other,Inflammation
hsa-mir-122,other,Fatty Liver
hsa-mir-122,other,Growth Disorders
hsa-mir-23c,other,"Carcinoma,Hepatocellular"
hsa-mir-18b,other,Colonic Neoplasms
hsa-mir-18b,other,Colorectal Neoplasms
hsa-mir-18b,other,"Leukemia,Promyelocytic,Acute"
hsa-mir-18b,other,"Carcinoma,Hepatocellular"
hsa-mir-18b,other,Nasopharyngeal Neoplasms
hsa-mir-18b,other,"Carcinoma,Basal Cell"
hsa-mir-4293,other,"Carcinoma,Non-Small-Cell Lung"
hsa-mir-4293,other,Esophageal Squamous Cell Carcinoma
hsa-mir-376a-2,other,"Carcinoma,Hepatocellular"
hsa-mir-376a-2,other,Glioblastoma
hsa-mir-376a-2,other,Adrenocortical Carcinoma
hsa-mir-376a-2,other,Retinoblastoma
hsa-mir-181d,other,"Leukemia,Promyelocytic,Acute"
hsa-mir-181d,other,"Carcinoma,Hepatocellular"
hsa-mir-181d,other,"Leukemia,Myeloid,Acute"
hsa-mir-181d,other,Esophageal Squamous Cell Carcinoma
hsa-mir-181d,other,"Carcinoma,Basal Cell"
hsa-mir-181d,other,"Carcinoma,Adenoid Cystic"
hsa-mir-516b,other,"Muscular Dystrophy,Facioscapulohumeral"
hsa-mir-1915,other,Colonic Neoplasms
hsa-mir-1915,other,Colorectal Neoplasms
hsa-mir-3619,other,"Carcinoma,Non-Small-Cell Lung"
hsa-mir-500a,other,"Carcinoma,Hepatocellular"
hsa-mir-500a,other,"Carcinoma,Non-Small-Cell Lung"
hsa-mir-375,other,Colonic Neoplasms
hsa-mir-375,other,Colorectal Neoplasms
hsa-mir-375,other,"Carcinoma,Hepatocellular"
hsa-mir-375,other,Ovarian Neoplasms
hsa-mir-375,other,"Leukemia,Myeloid,Acute"
hsa-mir-375,other,Sepsis
hsa-mir-375,other,"Diabetes Mellitus,Type 2"
hsa-mir-375,other,Pancreatic Neoplasms
hsa-mir-375,other,Adrenocortical Carcinoma
hsa-mir-375,other,"Carcinoma,Non-Small-Cell Lung"
hsa-mir-375,other,Esophageal Squamous Cell Carcinoma
hsa-mir-375,other,Urinary Bladder Diseases
hsa-mir-375,other,"Diabetes Mellitus,Type 1"
hsa-mir-375,other,Tongue Neoplasms
hsa-mir-375,other,Colitis
hsa-mir-375,other,Barrett Esophagus
hsa-mir-375,other,Hypogonadism
hsa-mir-375,other,"Carcinoma,Merkel Cell"
hsa-mir-433,other,"Carcinoma,Hepatocellular"
hsa-mir-433,other,Liver Neoplasms
hsa-mir-518b,other,"Carcinoma,Hepatocellular"
hsa-mir-25,other,Colonic Neoplasms
hsa-mir-25,other,Colorectal Neoplasms
hsa-mir-25,other,"Carcinoma,Hepatocellular"
hsa-mir-25,other,"Leukemia,Myeloid,Acute"
hsa-mir-25,other,"Carcinoma,Non-Small-Cell Lung"
hsa-mir-25,other,Esophageal Squamous Cell Carcinoma
hsa-mir-25,other,Endomyocardial Fibrosis
hsa-mir-25,other,"Lymphoma,T-Cell"
hsa-mir-25,other,Brain Neoplasms
hsa-mir-25,other,Neuroblastoma
hsa-mir-25,other,"Carcinoma,Neuroendocrine"
hsa-mir-25,other,"Muscular Dystrophy,Facioscapulohumeral"
hsa-mir-25,other,"Meningitis,Pneumococcal"
hsa-mir-205,other,Colonic Neoplasms
hsa-mir-205,other,Colorectal Neoplasms
hsa-mir-205,other,"Carcinoma,Hepatocellular"
hsa-mir-205,other,Thyroid Neoplasms
hsa-mir-205,other,"Carcinoma,Renal Cell"
hsa-mir-205,other,Atherosclerosis
hsa-mir-205,other,"Diabetes Mellitus,Type 2"
hsa-mir-205,other,"Leukemia-Lymphoma,Adult T-Cell"
hsa-mir-205,other,Adrenocortical Carcinoma
hsa-mir-205,other,Mesothelioma
hsa-mir-205,other,"Carcinoma,Non-Small-Cell Lung"
hsa-mir-205,other,Esophageal Squamous Cell Carcinoma
hsa-mir-205,other,Urinary Bladder Diseases
hsa-mir-205,other,"Aortic Aneurysm,Abdominal"
hsa-mir-302f,other,Esophageal Neoplasms
hsa-mir-23b,other,"Leukemia,Lymphocytic,Chronic,B-Cell"
hsa-mir-23b,other,Colonic Neoplasms
hsa-mir-23b,other,Colorectal Neoplasms
hsa-mir-23b,other,"Carcinoma,Hepatocellular"
hsa-mir-23b,other,"Cardiomyopathy,Hypertrophic"
hsa-mir-23b,other,"Leukemia,Myeloid,Acute"
hsa-mir-23b,other,"Carcinoma,Renal Cell"
hsa-mir-23b,other,Atherosclerosis
hsa-mir-23b,other,"Diabetes Mellitus,Type 2"
hsa-mir-23b,other,Adrenocortical Carcinoma
hsa-mir-23b,other,"Carcinoma,Non-Small-Cell Lung"
hsa-mir-23b,other,Esophageal Squamous Cell Carcinoma
hsa-mir-23b,other,Urinary Bladder Diseases
hsa-mir-23b,other,"Diabetes Mellitus,Type 1"
hsa-mir-23b,other,Hematologic Neoplasms
hsa-mir-23b,other,Cystic Fibrosis
hsa-mir-23b,other,Skin Neoplasms
hsa-mir-23b,other,"Carcinoma,Adenoid Cystic"
hsa-mir-3144,other,"Carcinoma,Hepatocellular"
hsa-mir-541,other,"Carcinoma,Non-Small-Cell Lung"
hsa-mir-27b,other,"Leukemia,Lymphocytic,Chronic,B-Cell"
hsa-mir-27b,other,Colorectal Neoplasms
hsa-mir-27b,other,"Carcinoma,Hepatocellular"
hsa-mir-27b,other,"Cardiomyopathy,Hypertrophic"
hsa-mir-27b,other,"Leukemia,Myeloid,Acute"
hsa-mir-27b,other,Melanoma
hsa-mir-27b,other,"Diabetes Mellitus,Type 2"
hsa-mir-27b,other,"Carcinoma,Non-Small-Cell Lung"
hsa-mir-27b,other,Urinary Bladder Diseases
hsa-mir-27b,other,Endometriosis
hsa-mir-27b,other,Obesity
hsa-mir-27b,other,Metabolic Syndrome
hsa-mir-27b,other,Liver Neoplasms
hsa-mir-27b,other,Cystic Fibrosis
hsa-mir-27b,other,"Leukemia,Myeloid"
hsa-mir-27b,other,Inflammation
hsa-mir-27b,other,Chondrosarcoma
hsa-mir-634,other,Obesity
hsa-mir-151a,other,"Leukemia,Lymphocytic,Chronic,B-Cell"
hsa-mir-151a,other,"Carcinoma,Hepatocellular"
hsa-mir-151a,other,"Carcinoma,Renal Cell"
hsa-mir-151a,other,Glioblastoma
hsa-mir-151a,other,"Carcinoma,Non-Small-Cell Lung"
hsa-mir-151a,other,Anemia
hsa-mir-510,other,"Carcinoma,Renal Cell"
hsa-mir-16-1,other,"Leukemia,Lymphocytic,Chronic,B-Cell"
hsa-mir-16-1,other,Colonic Neoplasms
hsa-mir-16-1,other,Colorectal Neoplasms
hsa-mir-16-1,other,"Leukemia,Promyelocytic,Acute"
hsa-mir-16-1,other,"Carcinoma,Hepatocellular"
hsa-mir-16-1,other,"Lymphoma,B-Cell"
hsa-mir-16-1,other,"Leukemia,Myeloid,Acute"
hsa-mir-16-1,other,"Carcinoma,Renal Cell"
hsa-mir-16-1,other,"Leukemia-Lymphoma,Adult T-Cell"
hsa-mir-16-1,other,Adrenocortical Carcinoma
hsa-mir-16-1,other,"Carcinoma,Non-Small-Cell Lung"
hsa-mir-16-1,other,Urinary Bladder Diseases
hsa-mir-16-1,other,Rectal Neoplasms
hsa-mir-16-1,other,"Leukemia,B-Cell"
hsa-mir-16-1,other,"Fatty Liver,Alcoholic"
hsa-mir-16-1,other,Autoimmune Diseases
hsa-mir-16-1,other,"Lymphoma,Mantle-Cell"
hsa-mir-194,other,Colonic Neoplasms
hsa-mir-194,other,Colorectal Neoplasms
hsa-mir-194,other,"Carcinoma,Hepatocellular"
hsa-mir-194,other,"Carcinoma,Renal Cell"
hsa-mir-194,other,Lymphoma
hsa-mir-194,other,Esophageal Squamous Cell Carcinoma
hsa-mir-194,other,Spinal Cord Injuries
hsa-mir-194,other,Gastrointestinal Neoplasms
hsa-mir-194,other,Celiac Disease
hsa-mir-194,other,Aneurysm
hsa-mir-34b,other,"Leukemia,Lymphocytic,Chronic,B-Cell"
hsa-mir-34b,other,Colorectal Neoplasms
hsa-mir-34b,other,"Leukemia,Promyelocytic,Acute"
hsa-mir-34b,other,"Carcinoma,Hepatocellular"
hsa-mir-34b,other,"Cardiomyopathy,Hypertrophic"
hsa-mir-34b,other,"Leukemia,Myeloid,Acute"
hsa-mir-34b,other,"Carcinoma,Renal Cell"
hsa-mir-34b,other,"Carcinoma,Non-Small-Cell Lung"
hsa-mir-34b,other,Esophageal Squamous Cell Carcinoma
hsa-mir-34b,other,Urinary Bladder Diseases
hsa-mir-34b,other,Sarcoma
hsa-mir-34b,other,Hypoxia
hsa-mir-3151,other,"Leukemia,Myeloid,Acute"
hsa-mir-548,other,"Lymphoma,Non-Hodgkin"
hsa-mir-548,other,Subacute Sclerosing Panencephalitis
hsa-mir-1258,other,Breast Neoplasms
hsa-mir-1258,other,Colorectal Neoplasms
hsa-mir-1258,other,"Carcinoma,Non-Small-Cell Lung"
hsa-let-7d,other,Colonic Neoplasms
hsa-let-7d,other,"Leukemia,Promyelocytic,Acute"
hsa-let-7d,other,"Carcinoma,Hepatocellular"
hsa-let-7d,other,"Leukemia,Myeloid,Acute"
hsa-let-7d,other,"Carcinoma,Renal Cell"
hsa-let-7d,other,"Diabetes Mellitus,Type 2"
hsa-let-7d,other,Lymphoma
hsa-let-7d,other,Adrenocortical Carcinoma
hsa-let-7d,other,"Carcinoma,Non-Small-Cell Lung"
hsa-let-7d,other,Retinoblastoma
hsa-let-7d,other,Obesity
hsa-let-7d,other,Kidney Diseases
hsa-let-7d,other,Osteosarcoma
hsa-let-7d,other,Ependymoma
hsa-let-7d,other,"Lymphoma,Primary Effusion"
hsa-mir-379,other,"Carcinoma,Hepatocellular"
hsa-mir-379,other,"Carcinoma,Non-Small-Cell Lung"
hsa-mir-138,other,"Leukemia,Lymphocytic,Chronic,B-Cell"
hsa-mir-138,other,Colonic Neoplasms
hsa-mir-138,other,Colorectal Neoplasms
hsa-mir-138,other,"Carcinoma,Hepatocellular"
hsa-mir-138,other,"Carcinoma,Renal Cell"
hsa-mir-138,other,"Diabetes Mellitus,Type 2"
hsa-mir-138,other,"Carcinoma,Non-Small-Cell Lung"
hsa-mir-138,other,Esophageal Squamous Cell Carcinoma
hsa-mir-138,other,Cholangiocarcinoma
hsa-mir-138,other,"Lymphoma,Large B-Cell,Diffuse"
hsa-mir-138,other,Costello Syndrome
hsa-mir-139,other,Colorectal Neoplasms
hsa-mir-139,other,"Carcinoma,Hepatocellular"
hsa-mir-139,other,"Leukemia,Myeloid,Acute"
hsa-mir-139,other,"Carcinoma,Renal Cell"
hsa-mir-139,other,Neurodegenerative Diseases
hsa-mir-139,other,Adrenocortical Carcinoma
hsa-mir-139,other,"Carcinoma,Non-Small-Cell Lung"
hsa-mir-139,other,Esophageal Squamous Cell Carcinoma
hsa-mir-139,other,Urinary Bladder Diseases
hsa-mir-139,other,"Leukemia,Myeloid"
hsa-mir-139,other,"Carcinoma,Basal Cell"
hsa-mir-346,other,Lung Neoplasms
hsa-mir-346,other,"Carcinoma,Hepatocellular"
hsa-mir-425,other,Colorectal Neoplasms
hsa-mir-425,other,"Carcinoma,Hepatocellular"
hsa-mir-425,other,"Leukemia,Myeloid,Acute"
hsa-mir-425,other,"Leukemia,Lymphoid"
hsa-mir-425,other,"Carcinoma,Renal Cell"
hsa-mir-425,other,Myocardial Infarction
hsa-mir-425,other,Obesity
hsa-mir-425,other,Esophageal Neoplasms
hsa-mir-214,other,"Leukemia,Lymphocytic,Chronic,B-Cell"
hsa-mir-214,other,Colorectal Neoplasms
hsa-mir-214,other,"Carcinoma,Hepatocellular"
hsa-mir-214,other,"Cardiomyopathy,Hypertrophic"
hsa-mir-214,other,"Lymphoma,B-Cell"
hsa-mir-214,other,Sepsis
hsa-mir-214,other,"Diabetes Mellitus,Type 2"
hsa-mir-214,other,"Carcinoma,Non-Small-Cell Lung"
hsa-mir-214,other,Esophageal Squamous Cell Carcinoma
hsa-mir-214,other,Hypertension
hsa-mir-214,other,Urinary Bladder Diseases
hsa-mir-214,other,Endometriosis
hsa-mir-214,other,Multiple Sclerosis
hsa-mir-214,other,Coronary Artery Disease
hsa-mir-214,other,"Scleroderma,Localized"
hsa-mir-214,other,Liver Diseases
hsa-mir-214,other,"Lymphoma,Large B-Cell,Diffuse"
hsa-mir-214,other,Liver Neoplasms
hsa-mir-519a,other,"Carcinoma,Hepatocellular"
hsa-mir-1299,other,"Carcinoma,Hepatocellular"
hsa-mir-3960,other,"Diabetes Mellitus,Type 2"
hsa-mir-575,other,"Carcinoma,Hepatocellular"
hsa-mir-575,other,"Carcinoma,Non-Small-Cell Lung"
hsa-mir-575,other,Pregnancy Complications
hsa-mir-429,other,Colonic Neoplasms
hsa-mir-429,other,Colorectal Neoplasms
hsa-mir-429,other,"Carcinoma,Hepatocellular"
hsa-mir-429,other,"Carcinoma,Renal Cell"
hsa-mir-429,other,"Carcinoma,Non-Small-Cell Lung"
hsa-mir-429,other,Urinary Bladder Diseases
hsa-mir-429,other,Glioma
hsa-mir-429,other,Sarcoma
hsa-mir-429,other,"Carcinoma,Endometrioid"
hsa-mir-429,other,Aneurysm
hsa-mir-429,other,"Carcinoma,Ehrlich Tumor"
hsa-mir-873,other,"Pregnancy,Ectopic"
hsa-mir-188,other,"Carcinoma,Hepatocellular"
hsa-mir-188,other,Osteoarthritis
hsa-mir-188,other,Azoospermia
hsa-mir-188,other,"Leukemia,Myeloid"
hsa-mir-3614,other,Autoimmune Diseases
hsa-mir-522,other,Lung Neoplasms
hsa-mir-522,other,Colorectal Neoplasms
hsa-mir-522,other,"Carcinoma,Hepatocellular"
hsa-mir-3131,other,"Carcinoma,Hepatocellular"
hsa-mir-222,other,"Leukemia,Lymphocytic,Chronic,B-Cell"
hsa-mir-222,other,Colonic Neoplasms
hsa-mir-222,other,Colorectal Neoplasms
hsa-mir-222,other,"Carcinoma,Hepatocellular"
hsa-mir-222,other,"Cardiomyopathy,Hypertrophic"
hsa-mir-222,other,Polycythemia Vera
hsa-mir-222,other,"Leukemia,Myeloid,Acute"
hsa-mir-222,other,"Carcinoma,Renal Cell"
hsa-mir-222,other,Precursor B-Cell Lymphoblastic Leukemia-Lymphoma
hsa-mir-222,other,"Diabetes Mellitus,Type 2"
hsa-mir-222,other,Diabetes Mellitus
hsa-mir-222,other,Lymphoma
hsa-mir-222,other,Adrenocortical Carcinoma
hsa-mir-222,other,"Carcinoma,Non-Small-Cell Lung"
hsa-mir-222,other,Hypertension
hsa-mir-222,other,Urinary Bladder Diseases
hsa-mir-222,other,Retinoblastoma
hsa-mir-222,other,"Lymphoma,Large B-Cell,Diffuse"
hsa-mir-222,other,Epilepsy
hsa-mir-222,other,Cardiomegaly
hsa-mir-222,other,Intervertebral Disc Degeneration
hsa-mir-222,other,Chordoma
hsa-mir-222,other,"Leukemia,Myelogenous,Chronic,BCR-ABL Positive"
hsa-mir-222,other,"Lymphoma,Primary Effusion"
hsa-mir-222,other,"Carcinoma,Adenoid Cystic"
hsa-mir-222,other,"Shock,Septic"
hsa-mir-345,other,Colorectal Neoplasms
hsa-mir-345,other,"Carcinoma,Hepatocellular"
hsa-mir-345,other,"Leukemia,Myeloid,Acute"
hsa-mir-345,other,"Carcinoma,Non-Small-Cell Lung"
hsa-mir-345,other,Urinary Bladder Diseases
hsa-mir-298,other,"Carcinoma,Hepatocellular"
hsa-mir-20a,other,"Leukemia,Lymphocytic,Chronic,B-Cell"
hsa-mir-20a,other,Colonic Neoplasms
hsa-mir-20a,other,Colorectal Neoplasms
hsa-mir-20a,other,Pituitary Neoplasms
hsa-mir-20a,other,"Carcinoma,Hepatocellular"
hsa-mir-20a,other,"Lymphoma,B-Cell"
hsa-mir-20a,other,"Leukemia,Myeloid,Acute"
hsa-mir-20a,other,"Leukemia,Lymphoid"
hsa-mir-20a,other,"Carcinoma,Renal Cell"
hsa-mir-20a,other,"Diabetes Mellitus,Type 2"
hsa-mir-20a,other,"Lymphoma,Large-Cell,Anaplastic"
hsa-mir-20a,other,"Leukemia-Lymphoma,Adult T-Cell"
hsa-mir-20a,other,"Carcinoma,Non-Small-Cell Lung"
hsa-mir-20a,other,Alzheimer Disease
hsa-mir-20a,other,Esophageal Squamous Cell Carcinoma
hsa-mir-20a,other,Hypertension
hsa-mir-20a,other,Urinary Bladder Diseases
hsa-mir-20a,other,"Diabetes Mellitus,Type 1"
hsa-mir-20a,other,Liver Diseases
hsa-mir-20a,other,"Lymphoma,Large B-Cell,Diffuse"
hsa-mir-20a,other,Psoriasis
hsa-mir-20a,other,"Lymphoma,Non-Hodgkin"
hsa-mir-20a,other,"Lymphoma,T-Cell"
hsa-mir-20a,other,"Leukemia,B-Cell"
hsa-mir-20a,other,Brain Neoplasms
hsa-mir-20a,other,"Leukemia,Myeloid"
hsa-mir-20a,other,Sarcoma
hsa-mir-20a,other,"Leukemia,T-Cell"
hsa-mir-20a,other,Chondrosarcoma
hsa-mir-20a,other,Infertility
hsa-mir-20a,other,"Lymphoma,Mantle-Cell"
hsa-mir-20a,other,Musculoskeletal Abnormalities
hsa-mir-20a,other,Lung Injury
hsa-mir-20a,other,"Carcinoma,Adenoid Cystic"
hsa-mir-578,other,Breast Neoplasms
hsa-mir-642a,other,Urinary Bladder Diseases
hsa-mir-885,other,Colorectal Neoplasms
hsa-mir-885,other,"Carcinoma,Hepatocellular"
hsa-mir-124-3,other,Colorectal Neoplasms
hsa-mir-124-3,other,"Carcinoma,Hepatocellular"
hsa-mir-124-3,other,"Carcinoma,Renal Cell"
hsa-mir-124-3,other,Melanoma
hsa-mir-124-3,other,"Carcinoma,Non-Small-Cell Lung"
hsa-mir-3666,other,Colorectal Neoplasms
hsa-mir-3666,other,"Carcinoma,Non-Small-Cell Lung"
hsa-mir-7-2,other,Colorectal Neoplasms
hsa-mir-7-2,other,"Carcinoma,Hepatocellular"
hsa-mir-7-2,other,Adrenocortical Carcinoma
hsa-mir-7-2,other,"Carcinoma,Non-Small-Cell Lung"
hsa-mir-7-2,other,Urinary Bladder Diseases
hsa-mir-7-2,other,Neuroblastoma
hsa-mir-378g,other,"Carcinoma,Renal Cell"
hsa-mir-378g,other,Urinary Bladder Diseases
hsa-mir-378g,other,"Carcinoma,Basal Cell"
hsa-mir-1291,other,"Carcinoma,Renal Cell"
hsa-mir-1291,other,Esophageal Squamous Cell Carcinoma
hsa-mir-1291,other,"Lymphoma,T-Cell"
hsa-mir-143,other,"Leukemia,Lymphocytic,Chronic,B-Cell"
hsa-mir-143,other,Colonic Neoplasms
hsa-mir-143,other,Colorectal Neoplasms
hsa-mir-143,other,"Carcinoma,Hepatocellular"
hsa-mir-143,other,"Cardiomyopathy,Hypertrophic"
hsa-mir-143,other,"Lymphoma,B-Cell"
hsa-mir-143,other,"Leukemia,Myeloid,Acute"
hsa-mir-143,other,"Carcinoma,Renal Cell"
hsa-mir-143,other,Myelodysplastic Syndromes
hsa-mir-143,other,"Diabetes Mellitus,Type 2"
hsa-mir-143,other,Diabetes Mellitus
hsa-mir-143,other,Precursor T-Cell Lymphoblastic Leukemia-Lymphoma
hsa-mir-143,other,Adrenocortical Carcinoma
hsa-mir-143,other,Mesothelioma
hsa-mir-143,other,"Carcinoma,Non-Small-Cell Lung"
hsa-mir-143,other,Esophageal Squamous Cell Carcinoma
hsa-mir-143,other,Urinary Bladder Diseases
hsa-mir-143,other,"Muscular Dystrophy,Duchenne"
hsa-mir-143,other,Gastrointestinal Neoplasms
hsa-mir-143,other,Rectal Neoplasms
hsa-mir-143,other,Liver Neoplasms
hsa-mir-143,other,"Colitis,Ulcerative"
hsa-mir-143,other,Glaucoma
hsa-mir-143,other,Liposarcoma
hsa-mir-125b-1,other,"Leukemia,Lymphocytic,Chronic,B-Cell"
hsa-mir-125b-1,other,Colonic Neoplasms
hsa-mir-125b-1,other,Colorectal Neoplasms
hsa-mir-125b-1,other,"Leukemia,Promyelocytic,Acute"
hsa-mir-125b-1,other,"Carcinoma,Hepatocellular"
hsa-mir-125b-1,other,"Cardiomyopathy,Hypertrophic"
hsa-mir-125b-1,other,"Leukemia,Myeloid,Acute"
hsa-mir-125b-1,other,Precursor B-Cell Lymphoblastic Leukemia-Lymphoma
hsa-mir-125b-1,other,Precursor T-Cell Lymphoblastic Leukemia-Lymphoma
hsa-mir-125b-1,other,Adrenocortical Carcinoma
hsa-mir-125b-1,other,"Carcinoma,Non-Small-Cell Lung"
hsa-mir-125b-1,other,Urinary Bladder Diseases
hsa-mir-125b-1,other,Multiple Myeloma
hsa-mir-125b-1,other,"Lymphoma,T-Cell"
hsa-mir-125b-1,other,"Leukemia,B-Cell"
hsa-mir-125b-1,other,"Leukemia,Myeloid"
hsa-mir-125b-1,other,Neuroblastoma
hsa-mir-125b-1,other,"Leukemia,Biphenotypic,Acute"
hsa-mir-125b-1,other,Alopecia
hsa-mir-1285,other,"Carcinoma,Hepatocellular"
hsa-mir-1285,other,"Carcinoma,Non-Small-Cell Lung"
hsa-mir-486,other,Colonic Neoplasms
hsa-mir-486,other,Colorectal Neoplasms
hsa-mir-486,other,"Carcinoma,Hepatocellular"
hsa-mir-486,other,Melanoma
hsa-mir-486,other,"Diabetes Mellitus,Type 2"
hsa-mir-486,other,"Carcinoma,Non-Small-Cell Lung"
hsa-mir-486,other,Coronary Artery Disease
hsa-mir-486,other,"Tuberculosis,Pulmonary"
hsa-mir-486,other,Gastrointestinal Neoplasms
hsa-mir-486,other,Osteosarcoma
hsa-mir-486,other,"Neuralgia,Postherpetic"
hsa-mir-486,other,"Leukemia,Myeloid"
hsa-mir-651,other,"Carcinoma,Hepatocellular"
hsa-mir-512,other,"Carcinoma,Hepatocellular"
hsa-mir-512,other,"Carcinoma,Non-Small-Cell Lung"
hsa-mir-551b,other,Thyroid Neoplasms
hsa-mir-551b,other,"Leukemia,Myeloid,Acute"
hsa-mir-551b,other,Celiac Disease
hsa-mir-339,other,Colonic Neoplasms
hsa-mir-339,other,Colorectal Neoplasms
hsa-mir-339,other,Polycythemia Vera
hsa-mir-339,other,"Carcinoma,Renal Cell"
hsa-mir-339,other,Precursor B-Cell Lymphoblastic Leukemia-Lymphoma
hsa-mir-339,other,Glioblastoma
hsa-mir-339,other,"Lymphoma,Large B-Cell,Diffuse"
hsa-mir-1294,other,Esophageal Squamous Cell Carcinoma
hsa-mir-455,other,Colonic Neoplasms
hsa-mir-455,other,Colorectal Neoplasms
hsa-mir-455,other,"Carcinoma,Hepatocellular"
hsa-mir-455,other,"Carcinoma,Renal Cell"
hsa-mir-455,other,Melanoma
hsa-mir-455,other,"Diabetes Mellitus,Type 2"
hsa-mir-455,other,Esophageal Neoplasms
hsa-mir-455,other,"Lymphoma,Large B-Cell,Diffuse"
hsa-mir-455,other,"Aortic Aneurysm,Abdominal"
hsa-mir-455,other,"Carcinoma,Basal Cell"
hsa-mir-455,other,"Carcinoma,Adenoid Cystic"
hsa-mir-1290,other,Colonic Neoplasms
hsa-mir-1290,other,Colorectal Neoplasms
hsa-mir-1290,other,"Carcinoma,Hepatocellular"
hsa-mir-1290,other,"Carcinoma,Renal Cell"
hsa-mir-1290,other,"Carcinoma,Non-Small-Cell Lung"
hsa-mir-1290,other,Esophageal Squamous Cell Carcinoma
hsa-mir-1290,other,Celiac Disease
hsa-mir-452,other,Colorectal Neoplasms
hsa-mir-452,other,"Carcinoma,Hepatocellular"
hsa-mir-452,other,"Carcinoma,Renal Cell"
hsa-mir-452,other,"Carcinoma,Non-Small-Cell Lung"
hsa-mir-452,other,Urinary Bladder Diseases
hsa-mir-1264,other,Atherosclerosis
hsa-mir-636,other,Colonic Neoplasms
hsa-mir-636,other,"Carcinoma,Hepatocellular"
hsa-mir-636,other,Myelodysplastic Syndromes
hsa-mir-636,other,Multiple Myeloma
hsa-mir-636,other,"Cardiomyopathy,Dilated"
hsa-mir-148a,other,"Leukemia,Lymphocytic,Chronic,B-Cell"
hsa-mir-148a,other,Colonic Neoplasms
hsa-mir-148a,other,Colorectal Neoplasms
hsa-mir-148a,other,"Carcinoma,Hepatocellular"
hsa-mir-148a,other,"Leukemia,Myeloid,Acute"
hsa-mir-148a,other,"Carcinoma,Renal Cell"
hsa-mir-148a,other,Adrenocortical Carcinoma
hsa-mir-148a,other,"Carcinoma,Non-Small-Cell Lung"
hsa-mir-148a,other,Esophageal Squamous Cell Carcinoma
hsa-mir-148a,other,"Diabetes Mellitus,Type 1"
hsa-mir-148a,other,Esophageal Neoplasms
hsa-mir-148a,other,Huntington Disease
hsa-mir-148a,other,Osteoarthritis
hsa-mir-148a,other,Chordoma
hsa-mir-148a,other,"Carcinoma,Pancreatic Ductal"
hsa-mir-628,other,Colorectal Neoplasms
hsa-mir-628,other,"Leukemia,Myeloid,Acute"
hsa-mir-628,other,"Carcinoma,Non-Small-Cell Lung"
hsa-mir-628,other,Glioma
hsa-mir-628,other,Neuroblastoma
hsa-mir-378b,other,"Carcinoma,Renal Cell"
hsa-mir-378b,other,Urinary Bladder Diseases
hsa-mir-378b,other,"Carcinoma,Basal Cell"
hsa-mir-106a,other,Colonic Neoplasms
hsa-mir-106a,other,Colorectal Neoplasms
hsa-mir-106a,other,"Carcinoma,Hepatocellular"
hsa-mir-106a,other,"Cardiomyopathy,Hypertrophic"
hsa-mir-106a,other,"Carcinoma,Renal Cell"
hsa-mir-106a,other,"Carcinoma,Non-Small-Cell Lung"
hsa-mir-106a,other,Esophageal Squamous Cell Carcinoma
hsa-mir-106a,other,Parkinson Disease
hsa-mir-106a,other,"Cardiomyopathy,Dilated"
hsa-mir-597,other,Colorectal Neoplasms
hsa-mir-671,other,"Carcinoma,Hepatocellular"
hsa-mir-744,other,"Carcinoma,Hepatocellular"
hsa-mir-744,other,Asthma
hsa-mir-744,other,Heart Diseases
hsa-mir-151b,other,"Carcinoma,Renal Cell"
hsa-mir-151b,other,"Carcinoma,Non-Small-Cell Lung"
hsa-mir-587,other,Colorectal Neoplasms
hsa-mir-301a,other,Colorectal Neoplasms
hsa-mir-301a,other,"Carcinoma,Hepatocellular"
hsa-mir-301a,other,Diabetes Mellitus
hsa-mir-301a,other,Adrenocortical Carcinoma
hsa-mir-301a,other,Epilepsy
hsa-mir-301a,other,Autoimmune Diseases
hsa-mir-376a,other,Colorectal Neoplasms
hsa-mir-376a,other,"Carcinoma,Hepatocellular"
hsa-mir-376a,other,"Diabetes Mellitus,Type 2"
hsa-mir-376a,other,"Carcinoma,Non-Small-Cell Lung"
hsa-mir-376a,other,Esophageal Squamous Cell Carcinoma
hsa-mir-376a,other,Parkinson Disease
hsa-mir-378f,other,"Carcinoma,Renal Cell"
hsa-mir-378f,other,Urinary Bladder Diseases
hsa-mir-378f,other,"Carcinoma,Basal Cell"
hsa-mir-181a,other,"Leukemia,Lymphocytic,Chronic,B-Cell"
hsa-mir-181a,other,Colonic Neoplasms
hsa-mir-181a,other,Colorectal Neoplasms
hsa-mir-181a,other,"Leukemia,Promyelocytic,Acute"
hsa-mir-181a,other,"Carcinoma,Hepatocellular"
hsa-mir-181a,other,Asthma
hsa-mir-181a,other,"Lymphoma,B-Cell"
hsa-mir-181a,other,"Leukemia,Myeloid,Acute"
hsa-mir-181a,other,"Carcinoma,Renal Cell"
hsa-mir-181a,other,Neurodegenerative Diseases
hsa-mir-181a,other,Melanoma
hsa-mir-181a,other,Lymphoma
hsa-mir-181a,other,"Carcinoma,Non-Small-Cell Lung"
hsa-mir-181a,other,"Diabetes Mellitus,Type 1"
hsa-mir-181a,other,Machado-Joseph Disease
hsa-mir-181a,other,Hematologic Neoplasms
hsa-mir-181a,other,Autoimmune Diseases
hsa-mir-181a,other,Neuroblastoma
hsa-mir-181a,other,"Leukemia,Myelogenous,Chronic,BCR-ABL Positive"
hsa-mir-181a,other,"Carcinoma,Adenoid Cystic"
hsa-mir-551a,other,Colorectal Neoplasms
hsa-mir-551a,other,Celiac Disease
hsa-mir-584,other,Colonic Neoplasms
hsa-mir-584,other,Breast Neoplasms
hsa-mir-584,other,Colorectal Neoplasms
hsa-mir-584,other,"Leukemia,Biphenotypic,Acute"
hsa-mir-33b,other,Colorectal Neoplasms
hsa-mir-33b,other,"Carcinoma,Hepatocellular"
hsa-mir-33b,other,Asthma
hsa-mir-33b,other,"Diabetes Mellitus,Type 2"
hsa-mir-33b,other,"Carcinoma,Non-Small-Cell Lung"
hsa-mir-33b,other,Esophageal Squamous Cell Carcinoma
hsa-mir-33b,other,Endometriosis
hsa-mir-33b,other,Metabolic Syndrome
hsa-mir-33b,other,Inflammation
hsa-mir-617,other,Esophageal Neoplasms
hsa-mir-518a,other,Colorectal Neoplasms
hsa-mir-518a,other,"Carcinoma,Hepatocellular"
hsa-mir-567,other,Colorectal Neoplasms
hsa-mir-514a-3,other,"Carcinoma,Renal Cell"
hsa-mir-4687,other,"Diabetes Mellitus,Type 2"
hsa-mir-369,other,Colorectal Neoplasms
hsa-mir-369,other,"Carcinoma,Hepatocellular"
hsa-mir-1238,other,Glioblastoma
hsa-mir-384,other,"Carcinoma,Hepatocellular"
hsa-mir-384,other,"Diabetes Mellitus,Type 2"
hsa-mir-1180,other,"Carcinoma,Hepatocellular"
hsa-mir-647,other,"Carcinoma,Non-Small-Cell Lung"
hsa-mir-216b,other,Breast Neoplasms
hsa-mir-216b,other,Colorectal Neoplasms
hsa-mir-216b,other,"Carcinoma,Hepatocellular"
hsa-mir-216b,other,"Carcinoma,Renal Cell"
hsa-mir-216b,other,"Carcinoma,Non-Small-Cell Lung"
hsa-mir-216b,other,Fatty Liver
hsa-mir-514b,other,Colorectal Neoplasms
hsa-mir-378c,other,"Carcinoma,Renal Cell"
hsa-mir-378c,other,Urinary Bladder Diseases
hsa-mir-378c,other,"Carcinoma,Basal Cell"
hsa-mir-323a,other,"Leukemia,Myeloid,Acute"
hsa-mir-323a,other,Glioblastoma
hsa-mir-323a,other,"Pregnancy,Ectopic"
hsa-mir-93,other,Colonic Neoplasms
hsa-mir-93,other,Colorectal Neoplasms
hsa-mir-93,other,"Carcinoma,Hepatocellular"
hsa-mir-93,other,"Carcinoma,Renal Cell"
hsa-mir-93,other,"Diabetes Mellitus,Type 2"
hsa-mir-93,other,"Carcinoma,Non-Small-Cell Lung"
hsa-mir-93,other,Esophageal Squamous Cell Carcinoma
hsa-mir-93,other,Urinary Bladder Diseases
hsa-mir-93,other,"Lymphoma,T-Cell"
hsa-mir-93,other,Hematologic Neoplasms
hsa-mir-93,other,Brain Neoplasms
hsa-mir-93,other,Inflammation
hsa-mir-93,other,"Carcinoma,Basal Cell"
hsa-mir-1269a,other,Colorectal Neoplasms
hsa-mir-1269a,other,"Carcinoma,Hepatocellular"
hsa-mir-625,other,Colorectal Neoplasms
hsa-mir-625,other,"Carcinoma,Hepatocellular"
hsa-mir-625,other,"Leukemia,Myeloid,Acute"
hsa-mir-625,other,"Carcinoma,Renal Cell"
hsa-mir-625,other,"Carcinoma,Non-Small-Cell Lung"
hsa-mir-625,other,"Muscular Dystrophy,Facioscapulohumeral"
hsa-mir-19b-2,other,Colonic Neoplasms
hsa-mir-19b-2,other,Colorectal Neoplasms
hsa-mir-19b-2,other,"Carcinoma,Hepatocellular"
hsa-mir-19b-2,other,"Lymphoma,B-Cell"
hsa-mir-19b-2,other,"Leukemia,Myeloid,Acute"
hsa-mir-19b-2,other,"Lymphoma,Large-Cell,Anaplastic"
hsa-mir-19b-2,other,"Leukemia-Lymphoma,Adult T-Cell"
hsa-mir-19b-2,other,Urinary Bladder Diseases
hsa-mir-19b-2,other,"Tuberculosis,Pulmonary"
hsa-mir-19b-2,other,Osteosarcoma
hsa-mir-19b-2,other,"Lymphoma,T-Cell"
hsa-mir-19b-2,other,"Leukemia,Myeloid"
hsa-mir-19b-2,other,"Carcinoma,Basal Cell"
hsa-mir-19b-1,other,"Leukemia,Lymphocytic,Chronic,B-Cell"
hsa-mir-19b-1,other,Colonic Neoplasms
hsa-mir-19b-1,other,Colorectal Neoplasms
hsa-mir-19b-1,other,"Carcinoma,Hepatocellular"
hsa-mir-19b-1,other,"Lymphoma,B-Cell"
hsa-mir-19b-1,other,"Leukemia,Myeloid,Acute"
hsa-mir-19b-1,other,"Leukemia,Lymphoid"
hsa-mir-19b-1,other,"Carcinoma,Renal Cell"
hsa-mir-19b-1,other,Atherosclerosis
hsa-mir-19b-1,other,"Lymphoma,Large-Cell,Anaplastic"
hsa-mir-19b-1,other,"Leukemia-Lymphoma,Adult T-Cell"
hsa-mir-19b-1,other,Urinary Bladder Diseases
hsa-mir-19b-1,other,Multiple Sclerosis
hsa-mir-19b-1,other,"Lymphoma,Large B-Cell,Diffuse"
hsa-mir-19b-1,other,Psoriasis
hsa-mir-19b-1,other,"Lymphoma,Non-Hodgkin"
hsa-mir-19b-1,other,"Lymphoma,T-Cell"
hsa-mir-19b-1,other,"Leukemia,B-Cell"
hsa-mir-19b-1,other,Brain Neoplasms
hsa-mir-19b-1,other,"Leukemia,Myeloid"
hsa-mir-19b-1,other,Infertility
hsa-mir-19b-1,other,"Lymphoma,Mantle-Cell"
hsa-mir-19b-1,other,Musculoskeletal Abnormalities
hsa-mir-19b-1,other,"Carcinoma,Basal Cell"
hsa-mir-19b-1,other,Antiphospholipid Syndrome
hsa-mir-19b-1,other,Aneurysm
hsa-mir-1297,other,Colonic Neoplasms
hsa-mir-1297,other,Colorectal Neoplasms
hsa-mir-1297,other,"Carcinoma,Hepatocellular"
hsa-mir-1297,other,Esophageal Squamous Cell Carcinoma
hsa-mir-372,other,Colorectal Neoplasms
hsa-mir-372,other,"Carcinoma,Hepatocellular"
hsa-mir-372,other,"Carcinoma,Renal Cell"
hsa-mir-372,other,"Carcinoma,Non-Small-Cell Lung"
hsa-mir-372,other,Urinary Bladder Diseases
hsa-mir-372,other,"Carcinoma,Embryonal"
hsa-mir-592,other,Breast Neoplasms
hsa-mir-592,other,Lung Neoplasms
hsa-mir-592,other,Colorectal Neoplasms
hsa-mir-592,other,"Carcinoma,Hepatocellular"
hsa-mir-592,other,"Carcinoma,Non-Small-Cell Lung"
hsa-mir-592,other,Ischemia
hsa-mir-29a,other,"Leukemia,Lymphocytic,Chronic,B-Cell"
hsa-mir-29a,other,Colonic Neoplasms
hsa-mir-29a,other,Leukemia
hsa-mir-29a,other,Colorectal Neoplasms
hsa-mir-29a,other,"Carcinoma,Hepatocellular"
hsa-mir-29a,other,"Cardiomyopathy,Hypertrophic"
hsa-mir-29a,other,"Lymphoma,B-Cell"
hsa-mir-29a,other,"Leukemia,Myeloid,Acute"
hsa-mir-29a,other,"Leukemia,Lymphoid"
hsa-mir-29a,other,"Leukemia,Myeloid,Chronic"
hsa-mir-29a,other,"Diabetes Mellitus,Type 2"
hsa-mir-29a,other,Precursor T-Cell Lymphoblastic Leukemia-Lymphoma
hsa-mir-29a,other,Mesothelioma
hsa-mir-29a,other,"Leukemia,Myeloid,Chronic-Phase"
hsa-mir-29a,other,"Carcinoma,Non-Small-Cell Lung"
hsa-mir-29a,other,"Scleroderma,Localized"
hsa-mir-29a,other,"Scleroderma,Systemic"
hsa-mir-29a,other,"Muscular Dystrophy,Duchenne"
hsa-mir-29a,other,"Tuberculosis,Pulmonary"
hsa-mir-29a,other,Liver Diseases
hsa-mir-29a,other,Kidney Diseases
hsa-mir-29a,other,"Lymphoma,Non-Hodgkin"
hsa-mir-29a,other,"Colitis,Ulcerative"
hsa-mir-29a,other,Fatty Liver
hsa-mir-29a,other,Autoimmune Diseases
hsa-mir-29a,other,Cardiomegaly
hsa-mir-29a,other,Intervertebral Disc Degeneration
hsa-mir-29a,other,Biliary Atresia
hsa-mir-29a,other,"Aortic Aneurysm,Thoracic"
hsa-mir-29a,other,"Shock,Hemorrhagic"
hsa-mir-576,other,Colorectal Neoplasms
hsa-mir-576,other,"Carcinoma,Hepatocellular"
hsa-mir-576,other,Melanoma
hsa-mir-561,other,Colonic Neoplasms
hsa-mir-561,other,Rectal Neoplasms
hsa-mir-340,other,Colorectal Neoplasms
hsa-mir-340,other,"Carcinoma,Hepatocellular"
hsa-mir-340,other,Glioblastoma
hsa-mir-340,other,"Carcinoma,Non-Small-Cell Lung"
hsa-mir-340,other,Multiple Sclerosis
hsa-mir-340,other,Liver Diseases
hsa-mir-380,other,Neuroblastoma
hsa-mir-380,other,"Muscular Dystrophy,Facioscapulohumeral"
hsa-mir-30b,other,Colonic Neoplasms
hsa-mir-30b,other,Colorectal Neoplasms
hsa-mir-30b,other,"Carcinoma,Hepatocellular"
hsa-mir-30b,other,"Carcinoma,Renal Cell"
hsa-mir-30b,other,"Diabetes Mellitus,Type 2"
hsa-mir-30b,other,"Carcinoma,Non-Small-Cell Lung"
hsa-mir-30b,other,Multiple Myeloma
hsa-mir-30b,other,"Scleroderma,Systemic"
hsa-mir-30b,other,"Tuberculosis,Pulmonary"
hsa-mir-30b,other,Epilepsy
hsa-mir-30b,other,Cystic Fibrosis
hsa-mir-30b,other,Cardiomegaly
hsa-mir-30b,other,"Aortic Aneurysm,Thoracic"
hsa-mir-338,other,Colorectal Neoplasms
hsa-mir-338,other,"Carcinoma,Hepatocellular"
hsa-mir-338,other,Neurodegenerative Diseases
hsa-mir-338,other,"Carcinoma,Non-Small-Cell Lung"
hsa-mir-338,other,Esophageal Squamous Cell Carcinoma
hsa-mir-338,other,Urinary Bladder Diseases
hsa-mir-338,other,Multiple Sclerosis
hsa-mir-21,other,"Leukemia,Lymphocytic,Chronic,B-Cell"
hsa-mir-21,other,Colonic Neoplasms
hsa-mir-21,other,Colorectal Neoplasms
hsa-mir-21,other,"Carcinoma,Hepatocellular"
hsa-mir-21,other,"Cardiomyopathy,Hypertrophic"
hsa-mir-21,other,"Lymphoma,B-Cell"
hsa-mir-21,other,"Leukemia,Myeloid,Acute"
hsa-mir-21,other,"Carcinoma,Renal Cell"
hsa-mir-21,other,Sepsis
hsa-mir-21,other,"Diabetes Mellitus,Type 2"
hsa-mir-21,other,Adrenocortical Carcinoma
hsa-mir-21,other,"Carcinoma,Non-Small-Cell Lung"
hsa-mir-21,other,Esophageal Squamous Cell Carcinoma
hsa-mir-21,other,Urinary Bladder Diseases
hsa-mir-21,other,Myasthenia Gravis
hsa-mir-21,other,Retinoblastoma
hsa-mir-21,other,"Diabetes Mellitus,Type 1"
hsa-mir-21,other,Crohn Disease
hsa-mir-21,other,Heart Diseases
hsa-mir-21,other,"Scleroderma,Systemic"
hsa-mir-21,other,"Muscular Dystrophy,Duchenne"
hsa-mir-21,other,"Tuberculosis,Pulmonary"
hsa-mir-21,other,Gastrointestinal Neoplasms
hsa-mir-21,other,Liver Diseases
hsa-mir-21,other,Osteoporosis
hsa-mir-21,other,"Lymphoma,Large B-Cell,Diffuse"
hsa-mir-21,other,Kidney Diseases
hsa-mir-21,other,"Lymphoma,Non-Hodgkin"
hsa-mir-21,other,"Lymphoma,T-Cell"
hsa-mir-21,other,"Cardiomyopathy,Dilated"
hsa-mir-21,other,"Colitis,Ulcerative"
hsa-mir-21,other,Glaucoma
hsa-mir-21,other,"Aortic Aneurysm,Abdominal"
hsa-mir-21,other,Cystic Fibrosis
hsa-mir-21,other,"Leukemia,Myeloid"
hsa-mir-21,other,Autoimmune Diseases
hsa-mir-21,other,"Carcinoma,Endometrioid"
hsa-mir-21,other,"Lymphoma,T-Cell,Cutaneous"
hsa-mir-21,other,Neutropenia
hsa-mir-21,other,Granulosa Cell Tumor
hsa-mir-21,other,"Carcinoma,Basal Cell"
hsa-mir-21,other,Periodontal Diseases
hsa-mir-21,other,"Carcinoma,Neuroendocrine"
hsa-mir-21,other,"Leukemia,Myelogenous,Chronic,BCR-ABL Positive"
hsa-mir-21,other,Growth Disorders
hsa-mir-21,other,Aneurysm
hsa-mir-21,other,"Aortic Aneurysm,Thoracic"
hsa-mir-21,other,"Carcinoma,Adenoid Cystic"
hsa-mir-21,other,"Fibromatosis,Aggressive"
hsa-mir-509-3,other,"Carcinoma,Renal Cell"
hsa-mir-499a,other,Lung Neoplasms
hsa-mir-499a,other,Colorectal Neoplasms
hsa-mir-499a,other,"Carcinoma,Hepatocellular"
hsa-mir-499a,other,"Carcinoma,Non-Small-Cell Lung"
hsa-mir-499a,other,Multiple Sclerosis
hsa-mir-499a,other,"Tuberculosis,Pulmonary"
hsa-mir-499a,other,"Cardiomyopathy,Dilated"
hsa-mir-499a,other,Hepatitis
hsa-mir-487a,other,"Diabetes Mellitus,Type 1"
hsa-mir-96,other,Colonic Neoplasms
hsa-mir-96,other,Colorectal Neoplasms
hsa-mir-96,other,"Carcinoma,Hepatocellular"
hsa-mir-96,other,"Cardiomyopathy,Hypertrophic"
hsa-mir-96,other,"Leukemia,Myeloid,Acute"
hsa-mir-96,other,"Carcinoma,Renal Cell"
hsa-mir-96,other,Neurodegenerative Diseases
hsa-mir-96,other,"Diabetes Mellitus,Type 2"
hsa-mir-96,other,"Carcinoma,Non-Small-Cell Lung"
hsa-mir-96,other,Urinary Bladder Diseases
hsa-mir-96,other,Multiple Sclerosis
hsa-mir-96,other,"Lymphoma,Large B-Cell,Diffuse"
hsa-mir-96,other,Amyotrophic Lateral Sclerosis
hsa-mir-96,other,Pheochromocytoma
hsa-mir-96,other,Keratitis
hsa-mir-96,other,"Carcinoma,Ehrlich Tumor"
hsa-mir-146b,other,"Leukemia,Lymphocytic,Chronic,B-Cell"
hsa-mir-146b,other,Colorectal Neoplasms
hsa-mir-146b,other,"Carcinoma,Hepatocellular"
hsa-mir-146b,other,"Leukemia,Myeloid,Acute"
hsa-mir-146b,other,"Leukemia,Lymphoid"
hsa-mir-146b,other,"Carcinoma,Renal Cell"
hsa-mir-146b,other,"Carcinoma,Non-Small-Cell Lung"
hsa-mir-146b,other,Esophageal Squamous Cell Carcinoma
hsa-mir-146b,other,"Scleroderma,Systemic"
hsa-mir-146b,other,Liver Diseases
hsa-mir-146b,other,"Lymphoma,Large B-Cell,Diffuse"
hsa-mir-146b,other,"Lymphoma,T-Cell"
hsa-mir-146b,other,"Colitis,Ulcerative"
hsa-mir-146b,other,Inflammatory Bowel Diseases
hsa-mir-146b,other,Diabetic Retinopathy
hsa-mir-146b,other,Colitis
hsa-mir-1908,other,Glioblastoma
hsa-mir-1908,other,Autoimmune Diseases
hsa-mir-367,other,Colorectal Neoplasms
hsa-mir-367,other,"Carcinoma,Hepatocellular"
hsa-mir-367,other,"Cardiomyopathy,Hypertrophic"
hsa-mir-367,other,"Carcinoma,Renal Cell"
hsa-mir-367,other,Neurodegenerative Diseases
hsa-mir-367,other,"Carcinoma,Non-Small-Cell Lung"
hsa-mir-367,other,Esophageal Squamous Cell Carcinoma
hsa-mir-367,other,Urinary Bladder Diseases
hsa-mir-367,other,Kidney Neoplasms
hsa-mir-367,other,Medulloblastoma
hsa-mir-367,other,Ependymoma
hsa-mir-367,other,"Muscular Dystrophy,Facioscapulohumeral"
hsa-mir-135b,other,Colonic Neoplasms
hsa-mir-135b,other,Colorectal Neoplasms
hsa-mir-135b,other,"Carcinoma,Hepatocellular"
hsa-mir-135b,other,"Carcinoma,Non-Small-Cell Lung"
hsa-mir-135b,other,Urinary Bladder Diseases
hsa-mir-135b,other,Multiple Myeloma
hsa-mir-135b,other,"Carcinoma,Endometrioid"
hsa-mir-922,other,"Carcinoma,Hepatocellular"
hsa-mir-297,other,Colorectal Neoplasms
hsa-mir-1296,other,Colorectal Neoplasms
hsa-mir-1296,other,"Carcinoma,Hepatocellular"
hsa-mir-670,other,"Carcinoma,Renal Cell"
hsa-mir-515,other,Breast Neoplasms
hsa-mir-515,other,"Carcinoma,Hepatocellular"
hsa-mir-520d,other,"Carcinoma,Hepatocellular"
hsa-mir-520d,other,"Carcinoma,Non-Small-Cell Lung"
hsa-mir-520d,other,"Tuberculosis,Pulmonary"
hsa-mir-520d,other,"Lymphoma,Large B-Cell,Diffuse"
hsa-mir-1,other,Colonic Neoplasms
hsa-mir-1,other,Colorectal Neoplasms
hsa-mir-1,other,"Carcinoma,Hepatocellular"
hsa-mir-1,other,"Cardiomyopathy,Hypertrophic"
hsa-mir-1,other,"Leukemia,Myeloid,Acute"
hsa-mir-1,other,"Carcinoma,Renal Cell"
hsa-mir-1,other,Sepsis
hsa-mir-1,other,"Diabetes Mellitus,Type 2"
hsa-mir-1,other,Glioblastoma
hsa-mir-1,other,Mesothelioma
hsa-mir-1,other,"Carcinoma,Non-Small-Cell Lung"
hsa-mir-1,other,Esophageal Squamous Cell Carcinoma
hsa-mir-1,other,Heart Diseases
hsa-mir-1,other,"Muscular Dystrophy,Duchenne"
hsa-mir-1,other,Inflammation
hsa-mir-1,other,Neuroblastoma
hsa-mir-1,other,"Muscular Dystrophy,Facioscapulohumeral"
hsa-mir-602,other,"Carcinoma,Hepatocellular"
hsa-mir-517a,other,"Carcinoma,Hepatocellular"
hsa-mir-517a,other,Ovarian Neoplasms
hsa-mir-517a,other,Urinary Bladder Diseases
hsa-mir-517a,other,"Pregnancy,Ectopic"
hsa-mir-202,other,Colorectal Neoplasms
hsa-mir-202,other,"Carcinoma,Hepatocellular"
hsa-mir-202,other,"Diabetes Mellitus,Type 2"
hsa-mir-202,other,Esophageal Squamous Cell Carcinoma
hsa-mir-202,other,Retinoblastoma
hsa-mir-202,other,"Scleroderma,Systemic"
hsa-mir-4446,other,Epilepsy
hsa-mir-211,other,Colorectal Neoplasms
hsa-mir-211,other,"Carcinoma,Hepatocellular"
hsa-mir-211,other,Cone Dystrophy
hsa-mir-211,other,"Shock,Septic"
hsa-mir-187,other,"Leukemia,Lymphocytic,Chronic,B-Cell"
hsa-mir-187,other,Breast Neoplasms
hsa-mir-187,other,Colorectal Neoplasms
hsa-mir-187,other,"Carcinoma,Hepatocellular"
hsa-mir-187,other,"Diabetes Mellitus,Type 2"
hsa-mir-187,other,"Carcinoma,Non-Small-Cell Lung"
hsa-mir-466,other,Colorectal Neoplasms
hsa-mir-550a,other,"Carcinoma,Non-Small-Cell Lung"
hsa-mir-1914,other,Colorectal Neoplasms
hsa-mir-302d,other,"Carcinoma,Hepatocellular"
hsa-mir-302d,other,Skin Neoplasms
hsa-mir-942,other,"Carcinoma,Hepatocellular"
hsa-mir-942,other,Esophageal Squamous Cell Carcinoma
hsa-mir-942,other,Liver Diseases
hsa-mir-101,other,Colonic Neoplasms
hsa-mir-101,other,Colorectal Neoplasms
hsa-mir-101,other,"Carcinoma,Hepatocellular"
hsa-mir-101,other,"Diabetes Mellitus,Type 2"
hsa-mir-101,other,"Carcinoma,Non-Small-Cell Lung"
hsa-mir-101,other,Esophageal Squamous Cell Carcinoma
hsa-mir-101,other,Graves Disease
hsa-mir-101,other,Heart Diseases
hsa-mir-101,other,Gastrointestinal Neoplasms
hsa-mir-101,other,Inflammation
hsa-mir-101,other,Pheochromocytoma
hsa-mir-4295,other,Thyroid Neoplasms
hsa-mir-34a,other,"Leukemia,Lymphocytic,Chronic,B-Cell"
hsa-mir-34a,other,Colonic Neoplasms
hsa-mir-34a,other,Colorectal Neoplasms
hsa-mir-34a,other,"Leukemia,Promyelocytic,Acute"
hsa-mir-34a,other,"Carcinoma,Hepatocellular"
hsa-mir-34a,other,"Cardiomyopathy,Hypertrophic"
hsa-mir-34a,other,"Lymphoma,B-Cell"
hsa-mir-34a,other,"Leukemia,Myeloid,Acute"
hsa-mir-34a,other,"Carcinoma,Renal Cell"
hsa-mir-34a,other,"Diabetes Mellitus,Type 2"
hsa-mir-34a,other,Precursor T-Cell Lymphoblastic Leukemia-Lymphoma
hsa-mir-34a,other,Adrenocortical Carcinoma
hsa-mir-34a,other,"Carcinoma,Non-Small-Cell Lung"
hsa-mir-34a,other,Esophageal Squamous Cell Carcinoma
hsa-mir-34a,other,Urinary Bladder Diseases
hsa-mir-34a,other,"Diabetes Mellitus,Type 1"
hsa-mir-34a,other,Stroke
hsa-mir-34a,other,Anemia
hsa-mir-34a,other,Heart Diseases
hsa-mir-34a,other,Liver Diseases
hsa-mir-34a,other,"Lymphoma,Large B-Cell,Diffuse"
hsa-mir-34a,other,Epilepsy
hsa-mir-34a,other,Dementia
hsa-mir-34a,other,Diabetic Retinopathy
hsa-mir-34a,other,"Carcinoma,Embryonal"
hsa-mir-34a,other,"Fatty Liver,Alcoholic"
hsa-mir-34a,other,Fatty Liver
hsa-mir-34a,other,Autoimmune Diseases
hsa-mir-34a,other,Cardiomegaly
hsa-mir-34a,other,Hearing Loss
hsa-mir-34a,other,Sarcoma
hsa-mir-34a,other,Hypoxia
hsa-mir-34a,other,Pain
hsa-mir-34a,other,"Leukemia,Myelogenous,Chronic,BCR-ABL Positive"
hsa-mir-34a,other,"Carcinoma,Merkel Cell"
hsa-mir-34a,other,"Muscular Dystrophy,Facioscapulohumeral"
hsa-mir-1181,other,Ovarian Neoplasms
hsa-mir-1181,other,Pancreatic Neoplasms
hsa-mir-622,other,Colonic Neoplasms
hsa-mir-622,other,Colorectal Neoplasms
hsa-mir-622,other,"Carcinoma,Hepatocellular"
hsa-mir-622,other,Esophageal Squamous Cell Carcinoma
hsa-mir-140,other,Colonic Neoplasms
hsa-mir-140,other,Colorectal Neoplasms
hsa-mir-140,other,"Carcinoma,Hepatocellular"
hsa-mir-140,other,"Carcinoma,Non-Small-Cell Lung"
hsa-mir-140,other,Arthritis
hsa-mir-140,other,Heart Diseases
hsa-mir-140,other,Arteriosclerosis Obliterans
hsa-mir-140,other,"Carcinoma,Embryonal"
hsa-mir-140,other,Fatty Liver
hsa-mir-140,other,Chordoma
hsa-mir-140,other,"Carcinoma,Basal Cell"
hsa-mir-223,other,"Leukemia,Lymphocytic,Chronic,B-Cell"
hsa-mir-223,other,Colonic Neoplasms
hsa-mir-223,other,Colorectal Neoplasms
hsa-mir-223,other,"Leukemia,Promyelocytic,Acute"
hsa-mir-223,other,"Carcinoma,Hepatocellular"
hsa-mir-223,other,Asthma
hsa-mir-223,other,"Leukemia,Myeloid,Acute"
hsa-mir-223,other,"Leukemia,Lymphoid"
hsa-mir-223,other,"Diabetes Mellitus,Type 2"
hsa-mir-223,other,Precursor T-Cell Lymphoblastic Leukemia-Lymphoma
hsa-mir-223,other,"Leukemia-Lymphoma,Adult T-Cell"
hsa-mir-223,other,"Carcinoma,Non-Small-Cell Lung"
hsa-mir-223,other,Esophageal Squamous Cell Carcinoma
hsa-mir-223,other,"Pregnancy,Ectopic"
hsa-mir-223,other,Spinal Cord Injuries
hsa-mir-223,other,"Tuberculosis,Pulmonary"
hsa-mir-223,other,Giant Cell Tumor of Bone
hsa-mir-223,other,Liver Diseases
hsa-mir-223,other,"Lymphoma,Large B-Cell,Diffuse"
hsa-mir-223,other,"Lymphoma,Non-Hodgkin"
hsa-mir-223,other,"Lymphoma,T-Cell"
hsa-mir-223,other,"Aortic Aneurysm,Abdominal"
hsa-mir-223,other,Hepatitis
hsa-mir-223,other,Autoimmune Diseases
hsa-mir-223,other,"Lymphoma,Mantle-Cell"
hsa-mir-223,other,Liver Failure
hsa-mir-223,other,Lung Injury
hsa-mir-449a,other,Colonic Neoplasms
hsa-mir-449a,other,"Carcinoma,Hepatocellular"
hsa-mir-449a,other,Adrenocortical Carcinoma
hsa-mir-449a,other,"Carcinoma,Non-Small-Cell Lung"
hsa-mir-449a,other,Esophageal Squamous Cell Carcinoma
hsa-mir-449a,other,Urinary Bladder Diseases
hsa-mir-449a,other,Osteoarthritis
hsa-mir-449a,other,Infertility
hsa-mir-4270,other,"Carcinoma,Hepatocellular"
hsa-mir-30c-1,other,Colonic Neoplasms
hsa-mir-30c-1,other,"Carcinoma,Hepatocellular"
hsa-mir-30c-1,other,"Leukemia,Myeloid,Acute"
hsa-mir-30c-1,other,"Carcinoma,Renal Cell"
hsa-mir-30c-1,other,Melanoma
hsa-mir-30c-1,other,Glioblastoma
hsa-mir-30c-1,other,Endometrial Neoplasms
hsa-mir-30c-1,other,Atrial Fibrillation
hsa-mir-30c-1,other,"Aortic Aneurysm,Thoracic"
hsa-mir-128,other,Colorectal Neoplasms
hsa-mir-128,other,"Carcinoma,Hepatocellular"
hsa-mir-128,other,Asthma
hsa-mir-128,other,"Leukemia,Myeloid,Acute"
hsa-mir-128,other,"Leukemia,Lymphoid"
hsa-mir-128,other,"Diabetes Mellitus,Type 2"
hsa-mir-128,other,Lymphoma
hsa-mir-128,other,"Carcinoma,Non-Small-Cell Lung"
hsa-mir-128,other,Inflammation
hsa-mir-128,other,Neuroblastoma
hsa-mir-2110,other,Colorectal Neoplasms
hsa-mir-2110,other,"Carcinoma,Hepatocellular"
hsa-mir-300,other,"Carcinoma,Hepatocellular"
hsa-mir-300,other,Urinary Bladder Diseases
hsa-mir-300,other,Glioma
hsa-mir-603,other,Colorectal Neoplasms
hsa-mir-603,other,Glioblastoma
hsa-mir-603,other,Glioma
hsa-mir-552,other,Colonic Neoplasms
hsa-mir-552,other,Colorectal Neoplasms
hsa-mir-874,other,Colorectal Neoplasms
hsa-mir-874,other,"Carcinoma,Non-Small-Cell Lung"
hsa-mir-941,other,"Carcinoma,Hepatocellular"
hsa-mir-136,other,"Carcinoma,Hepatocellular"
hsa-mir-136,other,"Carcinoma,Non-Small-Cell Lung"
hsa-mir-574,other,Colorectal Neoplasms
hsa-mir-574,other,"Carcinoma,Hepatocellular"
hsa-mir-574,other,Asthma
hsa-mir-574,other,"Carcinoma,Non-Small-Cell Lung"
hsa-mir-574,other,Esophageal Squamous Cell Carcinoma
hsa-mir-574,other,Urinary Bladder Diseases
hsa-let-7c,other,Colonic Neoplasms
hsa-let-7c,other,Colorectal Neoplasms
hsa-let-7c,other,"Leukemia,Promyelocytic,Acute"
hsa-let-7c,other,"Carcinoma,Hepatocellular"
hsa-let-7c,other,Asthma
hsa-let-7c,other,"Leukemia,Myeloid,Acute"
hsa-let-7c,other,"Carcinoma,Renal Cell"
hsa-let-7c,other,Adrenocortical Carcinoma
hsa-let-7c,other,"Carcinoma,Non-Small-Cell Lung"
hsa-let-7c,other,"Lymphoma,Primary Effusion"
hsa-mir-494,other,"Carcinoma,Hepatocellular"
hsa-mir-494,other,"Leukemia,Myeloid,Acute"
hsa-mir-494,other,Atherosclerosis
hsa-mir-494,other,"Carcinoma,Non-Small-Cell Lung"
hsa-mir-494,other,Esophageal Squamous Cell Carcinoma
hsa-mir-494,other,Urinary Bladder Diseases
hsa-mir-494,other,Retinoblastoma
hsa-mir-494,other,Machado-Joseph Disease
hsa-mir-374b,other,Colorectal Neoplasms
hsa-mir-374b,other,Stroke
hsa-mir-374b,other,"Lymphoma,Non-Hodgkin"
hsa-mir-144,other,Colorectal Neoplasms
hsa-mir-144,other,"Carcinoma,Hepatocellular"
hsa-mir-144,other,"Carcinoma,Renal Cell"
hsa-mir-144,other,Neurodegenerative Diseases
hsa-mir-144,other,Melanoma
hsa-mir-144,other,"Diabetes Mellitus,Type 2"
hsa-mir-144,other,"Carcinoma,Non-Small-Cell Lung"
hsa-mir-144,other,Anemia
hsa-mir-144,other,"Tuberculosis,Pulmonary"
hsa-let-7a-2,other,Colonic Neoplasms
hsa-let-7a-2,other,Colorectal Neoplasms
hsa-let-7a-2,other,Pituitary Neoplasms
hsa-let-7a-2,other,"Carcinoma,Hepatocellular"
hsa-let-7a-2,other,Asthma
hsa-let-7a-2,other,"Leukemia,Myeloid,Acute"
hsa-let-7a-2,other,"Carcinoma,Renal Cell"
hsa-let-7a-2,other,Adrenocortical Carcinoma
hsa-let-7a-2,other,"Carcinoma,Non-Small-Cell Lung"
hsa-let-7a-2,other,Retinoblastoma
hsa-let-7a-2,other,"Lymphoma,Primary Effusion"
hsa-mir-9-3,other,Colonic Neoplasms
hsa-mir-9-3,other,Leukemia
hsa-mir-9-3,other,Colorectal Neoplasms
hsa-mir-9-3,other,"Cardiomyopathy,Hypertrophic"
hsa-mir-9-3,other,"Lymphoma,B-Cell"
hsa-mir-9-3,other,"Carcinoma,Renal Cell"
hsa-mir-9-3,other,Melanoma
hsa-mir-9-3,other,"Carcinoma,Non-Small-Cell Lung"
hsa-mir-9-3,other,Urinary Bladder Diseases
hsa-mir-9-3,other,Medulloblastoma
hsa-mir-197,other,Colonic Neoplasms
hsa-mir-197,other,Colorectal Neoplasms
hsa-mir-197,other,"Carcinoma,Hepatocellular"
hsa-mir-197,other,Thyroid Neoplasms
hsa-mir-197,other,"Diabetes Mellitus,Type 2"
hsa-mir-197,other,"Carcinoma,Non-Small-Cell Lung"
hsa-mir-197,other,"Lymphoma,Large B-Cell,Diffuse"
hsa-mir-197,other,"Fibromatosis,Aggressive"
hsa-mir-218,other,Colonic Neoplasms
hsa-mir-218,other,Colorectal Neoplasms
hsa-mir-218,other,"Carcinoma,Hepatocellular"
hsa-mir-218,other,"Cardiomyopathy,Hypertrophic"
hsa-mir-218,other,"Leukemia,Myeloid,Acute"
hsa-mir-218,other,"Carcinoma,Renal Cell"
hsa-mir-218,other,"Carcinoma,Non-Small-Cell Lung"
hsa-mir-218,other,Esophageal Squamous Cell Carcinoma
hsa-mir-218,other,Amyotrophic Lateral Sclerosis
hsa-mir-484,other,"Leukemia,Lymphocytic,Chronic,B-Cell"
hsa-mir-484,other,Breast Neoplasms
hsa-mir-484,other,Colorectal Neoplasms
hsa-mir-484,other,"Carcinoma,Hepatocellular"
hsa-mir-484,other,"Carcinoma,Renal Cell"
hsa-mir-484,other,Adrenocortical Carcinoma
hsa-mir-185,other,Colorectal Neoplasms
hsa-mir-185,other,"Carcinoma,Hepatocellular"
hsa-mir-185,other,"Carcinoma,Renal Cell"
hsa-mir-185,other,Atherosclerosis
hsa-mir-185,other,"Carcinoma,Non-Small-Cell Lung"
hsa-mir-185,other,Esophageal Squamous Cell Carcinoma
hsa-mir-185,other,Stroke
hsa-mir-185,other,Liver Cirrhosis
hsa-mir-185,other,Liver Diseases
hsa-mir-185,other,Fatty Liver
hsa-mir-663b,other,"Leukemia,Lymphocytic,Chronic,B-Cell"
hsa-mir-95,other,Colorectal Neoplasms
hsa-mir-95,other,"Carcinoma,Hepatocellular"
hsa-mir-95,other,"Diabetes Mellitus,Type 2"
hsa-mir-95,other,"Carcinoma,Non-Small-Cell Lung"
hsa-let-7g,other,Colonic Neoplasms
hsa-let-7g,other,Colorectal Neoplasms
hsa-let-7g,other,"Carcinoma,Hepatocellular"
hsa-let-7g,other,Asthma
hsa-let-7g,other,"Leukemia,Myeloid,Acute"
hsa-let-7g,other,"Carcinoma,Renal Cell"
hsa-let-7g,other,Pancreatic Neoplasms
hsa-let-7g,other,"Carcinoma,Non-Small-Cell Lung"
hsa-let-7g,other,Retinoblastoma
hsa-let-7g,other,"Diabetes Mellitus,Type 1"
hsa-let-7g,other,Obesity
hsa-let-7g,other,"Tuberculosis,Pulmonary"
hsa-let-7g,other,Liposarcoma
hsa-let-7g,other,"Lymphoma,Primary Effusion"
hsa-mir-302b,other,Colonic Neoplasms
hsa-mir-302b,other,"Carcinoma,Hepatocellular"
hsa-mir-302b,other,"Carcinoma,Renal Cell"
hsa-mir-302b,other,"Carcinoma,Non-Small-Cell Lung"
hsa-mir-302b,other,Esophageal Squamous Cell Carcinoma
hsa-mir-302b,other,Osteosarcoma
hsa-mir-302b,other,"Carcinoma,Embryonal"
hsa-mir-302b,other,Skin Neoplasms
hsa-mir-495,other,"Carcinoma,Renal Cell"
hsa-mir-495,other,"Carcinoma,Non-Small-Cell Lung"
hsa-mir-495,other,Parkinson Disease
hsa-mir-495,other,Sarcoma
hsa-mir-495,other,Thrombosis
hsa-mir-527,other,"Carcinoma,Hepatocellular"
hsa-mir-519c,other,Colorectal Neoplasms
hsa-mir-519c,other,Esophageal Neoplasms
hsa-mir-519c,other,Rectal Neoplasms
hsa-mir-17,other,"Leukemia,Lymphocytic,Chronic,B-Cell"
hsa-mir-17,other,Colonic Neoplasms
hsa-mir-17,other,Colorectal Neoplasms
hsa-mir-17,other,Pituitary Neoplasms
hsa-mir-17,other,"Carcinoma,Hepatocellular"
hsa-mir-17,other,"Lymphoma,B-Cell"
hsa-mir-17,other,"Leukemia,Myeloid,Acute"
hsa-mir-17,other,"Leukemia,Lymphoid"
hsa-mir-17,other,"Carcinoma,Renal Cell"
hsa-mir-17,other,"Diabetes Mellitus,Type 2"
hsa-mir-17,other,"Lymphoma,Large-Cell,Anaplastic"
hsa-mir-17,other,Precursor T-Cell Lymphoblastic Leukemia-Lymphoma
hsa-mir-17,other,"Leukemia-Lymphoma,Adult T-Cell"
hsa-mir-17,other,Adrenocortical Carcinoma
hsa-mir-17,other,"Carcinoma,Non-Small-Cell Lung"
hsa-mir-17,other,Alzheimer Disease
hsa-mir-17,other,Esophageal Squamous Cell Carcinoma
hsa-mir-17,other,Urinary Bladder Diseases
hsa-mir-17,other,Liver Diseases
hsa-mir-17,other,"Lymphoma,Large B-Cell,Diffuse"
hsa-mir-17,other,Kidney Diseases
hsa-mir-17,other,Psoriasis
hsa-mir-17,other,"Lymphoma,Non-Hodgkin"
hsa-mir-17,other,"Lymphoma,T-Cell"
hsa-mir-17,other,Celiac Disease
hsa-mir-17,other,"Leukemia,B-Cell"
hsa-mir-17,other,Brain Neoplasms
hsa-mir-17,other,"Leukemia,Myeloid"
hsa-mir-17,other,Cardiomegaly
hsa-mir-17,other,Sarcoma
hsa-mir-17,other,"Lymphoma,Follicular"
hsa-mir-17,other,Infertility
hsa-mir-17,other,"Lymphoma,Mantle-Cell"
hsa-mir-17,other,Musculoskeletal Abnormalities
hsa-mir-17,other,Intervertebral Disc Degeneration
hsa-mir-17,other,"Carcinoma,Basal Cell"
hsa-mir-17,other,Lesch-Nyhan Syndrome
hsa-mir-582,other,Colorectal Neoplasms
hsa-mir-582,other,"Carcinoma,Hepatocellular"
hsa-mir-582,other,"Muscular Dystrophy,Facioscapulohumeral"
hsa-mir-30e,other,Breast Neoplasms
hsa-mir-30e,other,"Carcinoma,Hepatocellular"
hsa-mir-30e,other,"Lymphoma,B-Cell"
hsa-mir-30e,other,Sepsis
hsa-mir-30e,other,"Diabetes Mellitus,Type 2"
hsa-mir-30e,other,Mesothelioma
hsa-mir-30e,other,"Carcinoma,Non-Small-Cell Lung"
hsa-mir-30e,other,Cholangiocarcinoma
hsa-mir-30e,other,Gastrointestinal Neoplasms
hsa-mir-30e,other,"Aortic Aneurysm,Thoracic"
hsa-mir-371a,other,Thyroid Neoplasms
hsa-mir-92a-1,other,"Leukemia,Lymphocytic,Chronic,B-Cell"
hsa-mir-92a-1,other,Colonic Neoplasms
hsa-mir-92a-1,other,Colorectal Neoplasms
hsa-mir-92a-1,other,"Carcinoma,Hepatocellular"
hsa-mir-92a-1,other,"Lymphoma,B-Cell"
hsa-mir-92a-1,other,"Leukemia,Myeloid,Acute"
hsa-mir-92a-1,other,"Carcinoma,Renal Cell"
hsa-mir-92a-1,other,"Lymphoma,Large-Cell,Anaplastic"
hsa-mir-92a-1,other,"Leukemia-Lymphoma,Adult T-Cell"
hsa-mir-92a-1,other,Urinary Bladder Diseases
hsa-mir-92a-1,other,Retinoblastoma
hsa-mir-92a-1,other,Coronary Artery Disease
hsa-mir-92a-1,other,"Scleroderma,Systemic"
hsa-mir-92a-1,other,Esophageal Neoplasms
hsa-mir-92a-1,other,"Lymphoma,T-Cell"
hsa-mir-92a-1,other,"Leukemia,B-Cell"
hsa-mir-92a-1,other,"Leukemia,Myeloid"
hsa-mir-92a-1,other,"Lymphoma,Mantle-Cell"
hsa-mir-92a-1,other,Musculoskeletal Abnormalities
hsa-mir-92a-1,other,"Muscular Dystrophy,Facioscapulohumeral"
hsa-mir-199b,other,Colorectal Neoplasms
hsa-mir-199b,other,"Carcinoma,Hepatocellular"
hsa-mir-199b,other,"Cardiomyopathy,Hypertrophic"
hsa-mir-199b,other,"Leukemia,Myeloid,Acute"
hsa-mir-199b,other,"Carcinoma,Renal Cell"
hsa-mir-199b,other,"Carcinoma,Non-Small-Cell Lung"
hsa-mir-199b,other,Urinary Bladder Diseases
hsa-mir-373,other,Colorectal Neoplasms
hsa-mir-373,other,"Carcinoma,Hepatocellular"
hsa-mir-373,other,Precursor B-Cell Lymphoblastic Leukemia-Lymphoma
hsa-mir-373,other,"Carcinoma,Non-Small-Cell Lung"
hsa-mir-373,other,Esophageal Squamous Cell Carcinoma
hsa-mir-373,other,"Lymphoma,T-Cell"
hsa-mir-373,other,"Carcinoma,Embryonal"
hsa-mir-373,other,Laryngeal Neoplasms
hsa-mir-618,other,Breast Neoplasms
hsa-mir-618,other,Thyroid Neoplasms
hsa-mir-618,other,"Tuberculosis,Pulmonary"
hsa-mir-618,other,"Lymphoma,Follicular"
hsa-mir-361,other,Lung Neoplasms
hsa-mir-361,other,Colorectal Neoplasms
hsa-mir-361,other,"Carcinoma,Hepatocellular"
hsa-mir-361,other,"Leukemia,Myeloid,Acute"
hsa-mir-361,other,"Carcinoma,Non-Small-Cell Lung"
hsa-mir-577,other,Glioblastoma
hsa-mir-577,other,"Carcinoma,Non-Small-Cell Lung"
hsa-mir-577,other,Esophageal Squamous Cell Carcinoma
hsa-mir-198,other,Colorectal Neoplasms
hsa-mir-198,other,"Carcinoma,Hepatocellular"
hsa-mir-198,other,"Carcinoma,Non-Small-Cell Lung"
hsa-mir-198,other,Coronary Artery Disease
hsa-mir-198,other,"Lymphoma,Large B-Cell,Diffuse"
hsa-mir-198,other,Acquired Immunodeficiency Syndrome
hsa-mir-599,other,"Carcinoma,Non-Small-Cell Lung"
hsa-mir-599,other,Multiple Sclerosis
hsa-mir-152,other,Colonic Neoplasms
hsa-mir-152,other,Colorectal Neoplasms
hsa-mir-152,other,"Carcinoma,Hepatocellular"
hsa-mir-152,other,"Carcinoma,Non-Small-Cell Lung"
hsa-mir-152,other,Esophageal Squamous Cell Carcinoma
hsa-mir-152,other,Liver Diseases
hsa-mir-152,other,Leiomyosarcoma
hsa-mir-152,other,"Carcinoma,Adenoid Cystic"
hsa-mir-503,other,Colorectal Neoplasms
hsa-mir-503,other,"Carcinoma,Hepatocellular"
hsa-mir-503,other,"Diabetes Mellitus,Type 2"
hsa-mir-503,other,"Carcinoma,Non-Small-Cell Lung"
hsa-mir-503,other,Urinary Bladder Diseases
hsa-mir-503,other,"Scleroderma,Systemic"
hsa-mir-503,other,"Carcinoma,Endometrioid"
hsa-mir-503,other,Growth Disorders
hsa-mir-4534,other,"Diabetes Mellitus,Type 2"
hsa-mir-133b,other,Colonic Neoplasms
hsa-mir-133b,other,Colorectal Neoplasms
hsa-mir-133b,other,"Carcinoma,Hepatocellular"
hsa-mir-133b,other,"Carcinoma,Renal Cell"
hsa-mir-133b,other,"Diabetes Mellitus,Type 2"
hsa-mir-133b,other,"Carcinoma,Non-Small-Cell Lung"
hsa-mir-133b,other,Esophageal Squamous Cell Carcinoma
hsa-mir-133b,other,Urinary Bladder Diseases
hsa-mir-133b,other,"Muscular Dystrophy,Duchenne"
hsa-mir-133b,other,Gastrointestinal Neoplasms
hsa-mir-133b,other,Diabetic Retinopathy
hsa-mir-129-1,other,Colorectal Neoplasms
hsa-mir-129-1,other,"Carcinoma,Hepatocellular"
hsa-mir-129-1,other,"Scleroderma,Systemic"
hsa-mir-129-1,other,"Lymphoma,Large B-Cell,Diffuse"
hsa-let-7b,other,Colonic Neoplasms
hsa-let-7b,other,Colorectal Neoplasms
hsa-let-7b,other,"Carcinoma,Hepatocellular"
hsa-let-7b,other,Asthma
hsa-let-7b,other,"Leukemia,Myeloid,Acute"
hsa-let-7b,other,"Carcinoma,Renal Cell"
hsa-let-7b,other,Neurodegenerative Diseases
hsa-let-7b,other,Precursor T-Cell Lymphoblastic Leukemia-Lymphoma
hsa-let-7b,other,Glioblastoma
hsa-let-7b,other,Adrenocortical Carcinoma
hsa-let-7b,other,"Carcinoma,Non-Small-Cell Lung"
hsa-let-7b,other,Alzheimer Disease
hsa-let-7b,other,Liposarcoma
hsa-let-7b,other,Neuroblastoma
hsa-let-7b,other,"Lymphoma,Primary Effusion"
hsa-mir-145,other,Colonic Neoplasms
hsa-mir-145,other,Leukemia
hsa-mir-145,other,Colorectal Neoplasms
hsa-mir-145,other,"Carcinoma,Hepatocellular"
hsa-mir-145,other,"Cardiomyopathy,Hypertrophic"
hsa-mir-145,other,"Lymphoma,B-Cell"
hsa-mir-145,other,"Leukemia,Myeloid,Acute"
hsa-mir-145,other,"Carcinoma,Renal Cell"
hsa-mir-145,other,"Diabetes Mellitus,Type 2"
hsa-mir-145,other,Diabetes Mellitus
hsa-mir-145,other,Adrenocortical Carcinoma
hsa-mir-145,other,"Carcinoma,Non-Small-Cell Lung"
hsa-mir-145,other,Esophageal Squamous Cell Carcinoma
hsa-mir-145,other,Urinary Bladder Diseases
hsa-mir-145,other,Myocardial Infarction
hsa-mir-145,other,Spinal Cord Injuries
hsa-mir-145,other,"Scleroderma,Systemic"
hsa-mir-145,other,Gastrointestinal Neoplasms
hsa-mir-145,other,Psoriasis
hsa-mir-145,other,"Cardiomyopathy,Dilated"
hsa-mir-145,other,Rectal Neoplasms
hsa-mir-145,other,"Colitis,Ulcerative"
hsa-mir-145,other,Glaucoma
hsa-mir-145,other,"Aortic Aneurysm,Abdominal"
hsa-mir-145,other,Bicuspid Aortic Valve Disease
hsa-mir-145,other,Diabetic Retinopathy
hsa-mir-145,other,"Carcinoma,Endometrioid"
hsa-mir-145,other,"Carcinoma,Basal Cell"
hsa-mir-145,other,Thrombocytosis
hsa-mir-145,other,Osteogenesis Imperfecta
hsa-mir-145,other,"Osteoporosis,Postmenopausal"
hsa-mir-3142,other,Colorectal Neoplasms
hsa-mir-448,other,"Carcinoma,Hepatocellular"
hsa-mir-302c,other,Colorectal Neoplasms
hsa-mir-302c,other,"Carcinoma,Hepatocellular"
hsa-mir-302c,other,"Carcinoma,Renal Cell"
hsa-mir-183,other,Colorectal Neoplasms
hsa-mir-183,other,"Carcinoma,Hepatocellular"
hsa-mir-183,other,"Carcinoma,Renal Cell"
hsa-mir-183,other,Glioblastoma
hsa-mir-183,other,"Carcinoma,Non-Small-Cell Lung"
hsa-mir-183,other,Esophageal Squamous Cell Carcinoma
hsa-mir-183,other,Urinary Bladder Diseases
hsa-mir-183,other,Parkinson Disease
hsa-mir-183,other,Liver Diseases
hsa-mir-183,other,Atrial Fibrillation
hsa-mir-183,other,Inflammation
hsa-mir-183,other,Fatty Liver
hsa-mir-183,other,"Carcinoma,Basal Cell"
hsa-mir-183,other,Keratitis
hsa-mir-183,other,"Carcinoma,Ehrlich Tumor"
hsa-mir-764,other,"Carcinoma,Hepatocellular"
hsa-mir-106b,other,"Leukemia,Lymphocytic,Chronic,B-Cell"
hsa-mir-106b,other,Colonic Neoplasms
hsa-mir-106b,other,Colorectal Neoplasms
hsa-mir-106b,other,"Carcinoma,Hepatocellular"
hsa-mir-106b,other,"Carcinoma,Renal Cell"
hsa-mir-106b,other,Adrenocortical Carcinoma
hsa-mir-106b,other,Esophageal Squamous Cell Carcinoma
hsa-mir-106b,other,Myocardial Infarction
hsa-mir-106b,other,Multiple Myeloma
hsa-mir-106b,other,Multiple Sclerosis
hsa-mir-106b,other,Coronary Artery Disease
hsa-mir-106b,other,Liver Cirrhosis
hsa-mir-106b,other,Brain Neoplasms
hsa-mir-106b,other,Alopecia
hsa-mir-106b,other,"Carcinoma,Basal Cell"
hsa-mir-642b,other,Urinary Bladder Diseases
hsa-mir-363,other,"Leukemia,Lymphocytic,Chronic,B-Cell"
hsa-mir-363,other,Colonic Neoplasms
hsa-mir-363,other,Colorectal Neoplasms
hsa-mir-363,other,"Carcinoma,Hepatocellular"
hsa-mir-363,other,"Carcinoma,Renal Cell"
hsa-mir-363,other,Multiple Sclerosis
hsa-mir-363,other,Neuroblastoma
hsa-mir-363,other,"Muscular Dystrophy,Facioscapulohumeral"
hsa-mir-4317,other,"Carcinoma,Non-Small-Cell Lung"
hsa-mir-320a,other,Colorectal Neoplasms
hsa-mir-320a,other,"Carcinoma,Hepatocellular"
hsa-mir-320a,other,"Carcinoma,Renal Cell"
hsa-mir-320a,other,"Diabetes Mellitus,Type 2"
hsa-mir-320a,other,"Carcinoma,Non-Small-Cell Lung"
hsa-mir-320a,other,Heart Diseases
hsa-mir-320a,other,Chronic Pain
hsa-mir-24-1,other,"Leukemia,Lymphocytic,Chronic,B-Cell"
hsa-mir-24-1,other,Colonic Neoplasms
hsa-mir-24-1,other,"Carcinoma,Hepatocellular"
hsa-mir-24-1,other,"Cardiomyopathy,Hypertrophic"
hsa-mir-24-1,other,"Leukemia,Myeloid,Acute"
hsa-mir-24-1,other,"Diabetes Mellitus,Type 2"
hsa-mir-24-1,other,Urinary Bladder Diseases
hsa-mir-24-1,other,Myocardial Infarction
hsa-mir-24-1,other,Inflammation
hsa-mir-23a,other,Colonic Neoplasms
hsa-mir-23a,other,Colorectal Neoplasms
hsa-mir-23a,other,"Carcinoma,Hepatocellular"
hsa-mir-23a,other,"Cardiomyopathy,Hypertrophic"
hsa-mir-23a,other,"Leukemia,Myeloid,Acute"
hsa-mir-23a,other,"Diabetes Mellitus,Type 2"
hsa-mir-23a,other,Heart Failure
hsa-mir-23a,other,Hypertrophy
hsa-mir-23a,other,"Carcinoma,Non-Small-Cell Lung"
hsa-mir-23a,other,Esophageal Squamous Cell Carcinoma
hsa-mir-23a,other,Myocardial Infarction
hsa-mir-23a,other,"Diabetes Mellitus,Type 1"
hsa-mir-23a,other,Spinal Cord Injuries
hsa-mir-23a,other,Heart Diseases
hsa-mir-23a,other,"Lymphoma,Large B-Cell,Diffuse"
hsa-mir-23a,other,Liver Neoplasms
hsa-mir-23a,other,"Leukemia,Myeloid"
hsa-mir-23a,other,"Carcinoma,Endometrioid"
hsa-mir-23a,other,Hypoxia
hsa-mir-23a,other,Granulosa Cell Tumor
hsa-mir-590,other,Colorectal Neoplasms
hsa-mir-590,other,"Carcinoma,Hepatocellular"
hsa-mir-590,other,"Leukemia,Myeloid,Acute"
hsa-mir-590,other,"Diabetes Mellitus,Type 2"
hsa-mir-590,other,Diabetes Mellitus
hsa-mir-590,other,"Carcinoma,Non-Small-Cell Lung"
hsa-mir-590,other,Rectal Neoplasms
hsa-mir-27a,other,Colonic Neoplasms
hsa-mir-27a,other,Colorectal Neoplasms
hsa-mir-27a,other,"Carcinoma,Hepatocellular"
hsa-mir-27a,other,"Leukemia,Myeloid,Acute"
hsa-mir-27a,other,"Carcinoma,Renal Cell"
hsa-mir-27a,other,"Diabetes Mellitus,Type 2"
hsa-mir-27a,other,Glioblastoma
hsa-mir-27a,other,"Carcinoma,Non-Small-Cell Lung"
hsa-mir-27a,other,Alzheimer Disease
hsa-mir-27a,other,Esophageal Squamous Cell Carcinoma
hsa-mir-27a,other,Urinary Bladder Diseases
hsa-mir-27a,other,Heart Diseases
hsa-mir-27a,other,Liver Diseases
hsa-mir-27a,other,"Lymphoma,T-Cell"
hsa-mir-27a,other,Granulosa Cell Tumor
hsa-mir-27a,other,Bronchopneumonia
hsa-mir-27a,other,"Lymphoma,Extranodal NK-T-Cell"
hsa-mir-483,other,Colonic Neoplasms
hsa-mir-483,other,Colorectal Neoplasms
hsa-mir-483,other,"Carcinoma,Hepatocellular"
hsa-mir-483,other,Asthma
hsa-mir-483,other,"Diabetes Mellitus,Type 2"
hsa-mir-483,other,Adrenocortical Carcinoma
hsa-mir-483,other,"Carcinoma,Non-Small-Cell Lung"
hsa-mir-483,other,Esophageal Squamous Cell Carcinoma
hsa-mir-483,other,Obesity
hsa-mir-483,other,Osteoarthritis
hsa-mir-496,other,Breast Neoplasms
hsa-mir-604,other,"Carcinoma,Hepatocellular"
hsa-mir-489,other,Colorectal Neoplasms
hsa-mir-489,other,"Carcinoma,Hepatocellular"
hsa-mir-489,other,"Carcinoma,Renal Cell"
hsa-mir-489,other,"Carcinoma,Non-Small-Cell Lung"
hsa-mir-489,other,"Aortic Aneurysm,Abdominal"
hsa-mir-29b-2,other,"Leukemia,Lymphocytic,Chronic,B-Cell"
hsa-mir-29b-2,other,"Carcinoma,Hepatocellular"
hsa-mir-29b-2,other,"Lymphoma,B-Cell"
hsa-mir-29b-2,other,"Leukemia,Myeloid,Acute"
hsa-mir-29b-2,other,"Leukemia,Myeloid,Chronic"
hsa-mir-29b-2,other,Diabetes Mellitus
hsa-mir-29b-2,other,Precursor T-Cell Lymphoblastic Leukemia-Lymphoma
hsa-mir-29b-2,other,"Leukemia,Myeloid,Chronic-Phase"
hsa-mir-29b-2,other,"Carcinoma,Non-Small-Cell Lung"
hsa-mir-29b-2,other,"Scleroderma,Systemic"
hsa-mir-29b-2,other,"Muscular Dystrophy,Duchenne"
hsa-mir-29b-2,other,Liver Diseases
hsa-mir-29b-2,other,Kidney Diseases
hsa-mir-29b-2,other,"Aortic Aneurysm,Thoracic"
hsa-mir-767,other,"Carcinoma,Hepatocellular"
hsa-mir-2116,other,"Carcinoma,Hepatocellular"
hsa-mir-1260b,other,Colorectal Neoplasms
hsa-mir-1260b,other,"Carcinoma,Hepatocellular"
hsa-mir-708,other,"Leukemia,Lymphocytic,Chronic,B-Cell"
hsa-mir-708,other,Colorectal Neoplasms
hsa-mir-708,other,"Carcinoma,Hepatocellular"
hsa-mir-708,other,"Cardiomyopathy,Hypertrophic"
hsa-mir-708,other,"Carcinoma,Renal Cell"
hsa-mir-708,other,Precursor T-Cell Lymphoblastic Leukemia-Lymphoma
hsa-mir-708,other,Glioblastoma
hsa-mir-708,other,"Carcinoma,Non-Small-Cell Lung"
hsa-mir-708,other,Urinary Bladder Diseases
hsa-mir-708,other,Cystic Fibrosis
hsa-mir-708,other,"Osteoporosis,Postmenopausal"
hsa-mir-299,other,"Carcinoma,Hepatocellular"
hsa-mir-299,other,"Leukemia,Myeloid,Acute"
hsa-mir-299,other,"Diabetes Mellitus,Type 2"
hsa-mir-652,other,Colorectal Neoplasms
hsa-mir-652,other,"Diabetes Mellitus,Type 2"
hsa-mir-492,other,Colorectal Neoplasms
hsa-mir-492,other,"Carcinoma,Hepatocellular"
hsa-mir-601,other,Colorectal Neoplasms
hsa-mir-601,other,"Carcinoma,Embryonal"
hsa-mir-3189,other,Glioblastoma
hsa-mir-208b,other,"Carcinoma,Hepatocellular"
hsa-mir-208b,other,"Cardiomyopathy,Hypertrophic"
hsa-mir-208b,other,Glioblastoma
hsa-mir-208b,other,Acute Coronary Syndrome
hsa-mir-208b,other,"Cardiomyopathy,Dilated"
hsa-mir-208b,other,Atrial Fibrillation
hsa-mir-208b,other,Hepatitis
hsa-mir-208b,other,Cardiomegaly
hsa-mir-92a,other,"Leukemia,Lymphocytic,Chronic,B-Cell"
hsa-mir-92a,other,Colonic Neoplasms
hsa-mir-92a,other,Colorectal Neoplasms
hsa-mir-92a,other,"Leukemia,Promyelocytic,Acute"
hsa-mir-92a,other,"Carcinoma,Hepatocellular"
hsa-mir-92a,other,"Leukemia,Myeloid,Acute"
hsa-mir-92a,other,Melanoma
hsa-mir-92a,other,"Diabetes Mellitus,Type 2"
hsa-mir-92a,other,Pancreatic Neoplasms
hsa-mir-92a,other,"Carcinoma,Non-Small-Cell Lung"
hsa-mir-92a,other,Multiple Myeloma
hsa-mir-92a,other,Acute Lung Injury
hsa-mir-92a,other,"Scleroderma,Systemic"
hsa-mir-92a,other,Liver Cirrhosis
hsa-mir-92a,other,"Lymphoma,Large B-Cell,Diffuse"
hsa-mir-92a,other,"Lymphoma,Non-Hodgkin"
hsa-mir-92a,other,"Lymphoma,T-Cell"
hsa-mir-92a,other,Arteriosclerosis Obliterans
hsa-mir-92a,other,"Leukemia,B-Cell"
hsa-mir-92a,other,"Leukemia,Myeloid"
hsa-mir-92a,other,Hypoxia
hsa-mir-92a,other,Lung Injury
hsa-mir-504,other,"Carcinoma,Hepatocellular"
hsa-mir-504,other,Neuroblastoma
hsa-mir-138-1,other,Leukemia
hsa-mir-138-1,other,"Carcinoma,Hepatocellular"
hsa-mir-138-1,other,"Carcinoma,Renal Cell"
hsa-mir-138-1,other,"Carcinoma,Non-Small-Cell Lung"
hsa-mir-138-1,other,Urinary Bladder Diseases
hsa-mir-138-1,other,Glioma
hsa-mir-138-1,other,"Leukemia,Myeloid"
hsa-mir-4301,other,Colorectal Neoplasms
hsa-mir-635,other,"Carcinoma,Non-Small-Cell Lung"
hsa-mir-200a,other,Colonic Neoplasms
hsa-mir-200a,other,Colorectal Neoplasms
hsa-mir-200a,other,"Carcinoma,Hepatocellular"
hsa-mir-200a,other,"Carcinoma,Renal Cell"
hsa-mir-200a,other,"Diabetes Mellitus,Type 2"
hsa-mir-200a,other,Hypertrophy
hsa-mir-200a,other,"Carcinoma,Non-Small-Cell Lung"
hsa-mir-200a,other,Esophageal Squamous Cell Carcinoma
hsa-mir-200a,other,Urinary Bladder Diseases
hsa-mir-200a,other,Multiple Sclerosis
hsa-mir-200a,other,Retinoblastoma
hsa-mir-200a,other,"Diabetes Mellitus,Type 1"
hsa-mir-200a,other,Liver Diseases
hsa-mir-200a,other,Sarcoma
hsa-mir-200a,other,"Carcinoma,Endometrioid"
hsa-mir-200a,other,Meningioma
hsa-mir-200a,other,Aneurysm
hsa-mir-200a,other,"Carcinoma,Ehrlich Tumor"
hsa-mir-940,other,"Carcinoma,Hepatocellular"
hsa-mir-940,other,Ovarian Neoplasms
hsa-mir-3065,other,"Carcinoma,Renal Cell"
hsa-mir-135a,other,Breast Neoplasms
hsa-mir-135a,other,Colorectal Neoplasms
hsa-mir-135a,other,"Carcinoma,Hepatocellular"
hsa-mir-135a,other,"Leukemia,Myeloid,Acute"
hsa-mir-135a,other,"Carcinoma,Renal Cell"
hsa-mir-135a,other,Sepsis
hsa-mir-135a,other,Heart Failure
hsa-mir-135a,other,"Carcinoma,Non-Small-Cell Lung"
hsa-mir-135a,other,Pain
hsa-mir-135a,other,Lung Injury
hsa-mir-208a,other,Colorectal Neoplasms
hsa-mir-208a,other,"Carcinoma,Hepatocellular"
hsa-mir-208a,other,"Cardiomyopathy,Hypertrophic"
hsa-mir-208a,other,Hypertrophy
hsa-mir-208a,other,Glioblastoma
hsa-mir-208a,other,Esophageal Squamous Cell Carcinoma
hsa-mir-208a,other,Hypertension
hsa-mir-208a,other,Endomyocardial Fibrosis
hsa-mir-506,other,Colonic Neoplasms
hsa-mir-506,other,Colorectal Neoplasms
hsa-mir-506,other,"Carcinoma,Hepatocellular"
hsa-mir-612,other,Colorectal Neoplasms
hsa-mir-612,other,"Carcinoma,Hepatocellular"
hsa-mir-612,other,Liver Neoplasms
hsa-mir-125a,other,"Leukemia,Lymphocytic,Chronic,B-Cell"
hsa-mir-125a,other,Colonic Neoplasms
hsa-mir-125a,other,Colorectal Neoplasms
hsa-mir-125a,other,"Carcinoma,Hepatocellular"
hsa-mir-125a,other,"Leukemia,Myeloid,Acute"
hsa-mir-125a,other,"Diabetes Mellitus,Type 2"
hsa-mir-125a,other,Glioblastoma
hsa-mir-125a,other,"Carcinoma,Non-Small-Cell Lung"
hsa-mir-125a,other,Esophageal Squamous Cell Carcinoma
hsa-mir-125a,other,Liver Diseases
hsa-mir-125a,other,"Lymphoma,Large B-Cell,Diffuse"
hsa-mir-125a,other,Cystic Fibrosis
hsa-mir-125a,other,Medulloblastoma
hsa-mir-125a,other,Autoimmune Diseases
hsa-mir-125a,other,"Carcinoma,Basal Cell"
hsa-mir-98,other,"Carcinoma,Hepatocellular"
hsa-mir-98,other,"Leukemia,Myeloid,Acute"
hsa-mir-98,other,"Diabetes Mellitus,Type 2"
hsa-mir-98,other,"Carcinoma,Non-Small-Cell Lung"
hsa-mir-98,other,Esophageal Squamous Cell Carcinoma
hsa-mir-98,other,Retinoblastoma
hsa-mir-98,other,"Aortic Aneurysm,Abdominal"
hsa-mir-98,other,Inflammation
hsa-mir-98,other,"Lymphoma,Primary Effusion"
hsa-mir-192,other,Colonic Neoplasms
hsa-mir-192,other,Colorectal Neoplasms
hsa-mir-192,other,"Carcinoma,Hepatocellular"
hsa-mir-192,other,"Cardiomyopathy,Hypertrophic"
hsa-mir-192,other,"Carcinoma,Renal Cell"
hsa-mir-192,other,"Diabetes Mellitus,Type 2"
hsa-mir-192,other,Adrenocortical Carcinoma
hsa-mir-192,other,"Carcinoma,Non-Small-Cell Lung"
hsa-mir-192,other,Esophageal Squamous Cell Carcinoma
hsa-mir-192,other,Urinary Bladder Diseases
hsa-mir-192,other,Retinoblastoma
hsa-mir-192,other,"Diabetes Mellitus,Type 1"
hsa-mir-192,other,Glioma
hsa-mir-192,other,"Tuberculosis,Pulmonary"
hsa-mir-192,other,Gastrointestinal Neoplasms
hsa-mir-192,other,Liver Diseases
hsa-mir-192,other,Kidney Diseases
hsa-mir-192,other,Atrial Fibrillation
hsa-mir-192,other,Celiac Disease
hsa-mir-192,other,Chondrosarcoma
hsa-mir-3178,other,"Carcinoma,Hepatocellular"
hsa-mir-943,other,"Carcinoma,Hepatocellular"
hsa-mir-30c-2,other,Colonic Neoplasms
hsa-mir-30c-2,other,"Carcinoma,Hepatocellular"
hsa-mir-30c-2,other,"Leukemia,Myeloid,Acute"
hsa-mir-30c-2,other,"Carcinoma,Renal Cell"
hsa-mir-30c-2,other,Glioblastoma
hsa-mir-30c-2,other,Endometrial Neoplasms
hsa-mir-30c-2,other,Atrial Fibrillation
hsa-mir-30c-2,other,"Aortic Aneurysm,Thoracic"
hsa-mir-4732,other,"Colitis,Ulcerative"
hsa-mir-1275,other,Colorectal Neoplasms
hsa-mir-1275,other,"Carcinoma,Hepatocellular"
hsa-mir-1275,other,"Diabetes Mellitus,Type 1"
hsa-mir-524,other,Colonic Neoplasms
hsa-mir-342,other,"Leukemia,Lymphocytic,Chronic,B-Cell"
hsa-mir-342,other,Colorectal Neoplasms
hsa-mir-342,other,"Leukemia,Promyelocytic,Acute"
hsa-mir-342,other,"Carcinoma,Hepatocellular"
hsa-mir-342,other,"Leukemia,Myeloid,Acute"
hsa-mir-342,other,Neurodegenerative Diseases
hsa-mir-342,other,Atherosclerosis
hsa-mir-342,other,Pancreatic Neoplasms
hsa-mir-342,other,"Carcinoma,Non-Small-Cell Lung"
hsa-mir-342,other,"Diabetes Mellitus,Type 1"
hsa-mir-342,other,Glioma
hsa-mir-342,other,Heart Diseases
hsa-mir-342,other,"Tuberculosis,Pulmonary"
hsa-mir-342,other,Esophageal Neoplasms
hsa-mir-342,other,"Lymphoma,Large B-Cell,Diffuse"
hsa-mir-342,other,"Lymphoma,T-Cell"
hsa-mir-342,other,Epilepsy
hsa-mir-342,other,"Colitis,Ulcerative"
hsa-mir-342,other,Costello Syndrome
hsa-mir-203a,other,"Carcinoma,Hepatocellular"
hsa-mir-203a,other,"Carcinoma,Renal Cell"
hsa-let-7a-3,other,Colonic Neoplasms
hsa-let-7a-3,other,Colorectal Neoplasms
hsa-let-7a-3,other,"Leukemia,Promyelocytic,Acute"
hsa-let-7a-3,other,Pituitary Neoplasms
hsa-let-7a-3,other,"Carcinoma,Hepatocellular"
hsa-let-7a-3,other,Asthma
hsa-let-7a-3,other,"Leukemia,Myeloid,Acute"
hsa-let-7a-3,other,"Carcinoma,Renal Cell"
hsa-let-7a-3,other,Adrenocortical Carcinoma
hsa-let-7a-3,other,"Carcinoma,Non-Small-Cell Lung"
hsa-let-7a-3,other,Retinoblastoma
hsa-let-7a-3,other,"Lymphoma,Primary Effusion"
hsa-mir-615,other,Colonic Neoplasms
hsa-mir-615,other,"Carcinoma,Hepatocellular"
hsa-mir-661,other,"Carcinoma,Non-Small-Cell Lung"
hsa-mir-190b,other,"Carcinoma,Hepatocellular"
hsa-mir-190b,other,Neuroblastoma
hsa-mir-331,other,"Leukemia,Lymphocytic,Chronic,B-Cell"
hsa-mir-331,other,Colorectal Neoplasms
hsa-mir-331,other,"Carcinoma,Hepatocellular"
hsa-mir-331,other,"Leukemia,Myeloid,Acute"
hsa-mir-331,other,"Muscular Dystrophy,Facioscapulohumeral"
hsa-mir-1234,other,"Carcinoma,Hepatocellular"
hsa-mir-1234,other,"Lymphoma,Large B-Cell,Diffuse"
hsa-mir-34c,other,"Leukemia,Lymphocytic,Chronic,B-Cell"
hsa-mir-34c,other,Colorectal Neoplasms
hsa-mir-34c,other,"Leukemia,Promyelocytic,Acute"
hsa-mir-34c,other,"Carcinoma,Hepatocellular"
hsa-mir-34c,other,"Leukemia,Myeloid,Acute"
hsa-mir-34c,other,"Carcinoma,Renal Cell"
hsa-mir-34c,other,"Diabetes Mellitus,Type 2"
hsa-mir-34c,other,"Carcinoma,Non-Small-Cell Lung"
hsa-mir-34c,other,Esophageal Squamous Cell Carcinoma
hsa-mir-34c,other,Urinary Bladder Diseases
hsa-mir-34c,other,"Neuralgia,Postherpetic"
hsa-mir-34c,other,"Leukemia,Myeloid"
hsa-mir-34c,other,Rhabdomyosarcoma
hsa-mir-34c,other,Sarcoma
hsa-mir-572,other,"Diabetes Mellitus,Type 2"
hsa-mir-572,other,"Lymphoma,T-Cell"
hsa-mir-572,other,Neuroblastoma
hsa-mir-572,other,"Carcinoma,Basal Cell"
hsa-mir-32,other,Colonic Neoplasms
hsa-mir-32,other,Colorectal Neoplasms
hsa-mir-32,other,"Carcinoma,Hepatocellular"
hsa-mir-32,other,"Carcinoma,Non-Small-Cell Lung"
hsa-mir-32,other,Glioma
hsa-mir-32,other,"Leukemia,Myeloid"
hsa-mir-32,other,"Muscular Dystrophy,Facioscapulohumeral"
hsa-mir-376b,other,Adrenocortical Carcinoma
hsa-mir-663a,other,"Carcinoma,Hepatocellular"
hsa-mir-663a,other,"Leukemia,Myeloid,Acute"
hsa-mir-663a,other,"Carcinoma,Renal Cell"
hsa-mir-663a,other,"Leukemia-Lymphoma,Adult T-Cell"
hsa-mir-663a,other,Neuroblastoma
hsa-mir-548b,other,"Tuberculosis,Pulmonary"
hsa-mir-103a,other,Breast Neoplasms
hsa-mir-103a,other,"Carcinoma,Hepatocellular"
hsa-mir-103a,other,"Diabetes Mellitus,Type 2"
hsa-mir-103a,other,"Diabetes Mellitus,Type 1"
hsa-mir-103a,other,"Aortic Aneurysm,Abdominal"
hsa-mir-200c,other,Colonic Neoplasms
hsa-mir-200c,other,Colorectal Neoplasms
hsa-mir-200c,other,"Carcinoma,Hepatocellular"
hsa-mir-200c,other,Asthma
hsa-mir-200c,other,"Carcinoma,Renal Cell"
hsa-mir-200c,other,Diabetes Mellitus
hsa-mir-200c,other,Adrenocortical Carcinoma
hsa-mir-200c,other,"Carcinoma,Non-Small-Cell Lung"
hsa-mir-200c,other,Alzheimer Disease
hsa-mir-200c,other,Urinary Bladder Diseases
hsa-mir-200c,other,"Tuberculosis,Pulmonary"
hsa-mir-200c,other,Liver Diseases
hsa-mir-200c,other,Esophageal Neoplasms
hsa-mir-200c,other,"Lymphoma,Large B-Cell,Diffuse"
hsa-mir-200c,other,Osteosarcoma
hsa-mir-200c,other,"Colitis,Ulcerative"
hsa-mir-200c,other,Inflammatory Bowel Diseases
hsa-mir-200c,other,Autoimmune Diseases
hsa-mir-200c,other,Sarcoma
hsa-mir-200c,other,"Carcinoma,Endometrioid"
hsa-mir-200c,other,Aneurysm
hsa-mir-200c,other,"Adenocarcinoma,Sebaceous"
hsa-mir-19a,other,"Leukemia,Lymphocytic,Chronic,B-Cell"
hsa-mir-19a,other,Colonic Neoplasms
hsa-mir-19a,other,Colorectal Neoplasms
hsa-mir-19a,other,"Carcinoma,Hepatocellular"
hsa-mir-19a,other,Asthma
hsa-mir-19a,other,"Lymphoma,B-Cell"
hsa-mir-19a,other,"Leukemia,Myeloid,Acute"
hsa-mir-19a,other,"Leukemia,Lymphoid"
hsa-mir-19a,other,"Carcinoma,Renal Cell"
hsa-mir-19a,other,"Lymphoma,Large-Cell,Anaplastic"
hsa-mir-19a,other,"Leukemia-Lymphoma,Adult T-Cell"
hsa-mir-19a,other,Esophageal Squamous Cell Carcinoma
hsa-mir-19a,other,Urinary Bladder Diseases
hsa-mir-19a,other,Giant Cell Tumor of Bone
hsa-mir-19a,other,"Lymphoma,Large B-Cell,Diffuse"
hsa-mir-19a,other,"Lymphoma,Non-Hodgkin"
hsa-mir-19a,other,"Lymphoma,T-Cell"
hsa-mir-19a,other,"Leukemia,B-Cell"
hsa-mir-19a,other,Brain Neoplasms
hsa-mir-19a,other,"Leukemia,Myeloid"
hsa-mir-19a,other,Infertility
hsa-mir-19a,other,"Lymphoma,Mantle-Cell"
hsa-mir-19a,other,Musculoskeletal Abnormalities
hsa-mir-570,epigenetics,Osteosarcoma
hsa-mir-218-1,epigenetics,Breast Neoplasms
hsa-mir-497,epigenetics,Hematologic Neoplasms
hsa-mir-130b,epigenetics,Ovarian Neoplasms
hsa-mir-370,epigenetics,Cholangiocarcinoma
hsa-mir-431,epigenetics,Osteosarcoma
hsa-mir-411,epigenetics,Osteosarcoma
hsa-mir-206,epigenetics,Waldenstrom Macroglobulinemia
hsa-mir-199a,epigenetics,Testicular Neoplasms
hsa-mir-148b,epigenetics,Breast Neoplasms
hsa-mir-149,epigenetics,Breast Neoplasms
hsa-mir-149,epigenetics,Glioblastoma
hsa-mir-149,epigenetics,Hematologic Neoplasms
hsa-mir-491,epigenetics,Liver Neoplasms
hsa-mir-127,epigenetics,Lung Neoplasms
hsa-mir-127,epigenetics,Osteosarcoma
hsa-mir-181c,epigenetics,Glioblastoma
hsa-mir-22,epigenetics,Cholangiocarcinoma
hsa-mir-30d,epigenetics,Ovarian Neoplasms
hsa-mir-29b-1,epigenetics,Lung Neoplasms
hsa-mir-29b-1,epigenetics,Ovarian Neoplasms
hsa-mir-29b-1,epigenetics,Atherosclerosis
hsa-mir-29b-1,epigenetics,Multiple Myeloma
hsa-mir-328,epigenetics,Breast Neoplasms
hsa-mir-328,epigenetics,Osteosarcoma
hsa-mir-125b,epigenetics,Melanoma
hsa-mir-125b,epigenetics,Chondrosarcoma
hsa-mir-29b,epigenetics,Lung Neoplasms
hsa-mir-218-2,epigenetics,Breast Neoplasms
hsa-mir-378a,epigenetics,Liver Cirrhosis
hsa-mir-432,epigenetics,Osteosarcoma
hsa-mir-200b,epigenetics,Breast Neoplasms
hsa-mir-141,epigenetics,Esophageal Neoplasms
hsa-mir-31,epigenetics,Breast Neoplasms
hsa-mir-31,epigenetics,Melanoma
hsa-let-7e,epigenetics,Breast Neoplasms
hsa-mir-212,epigenetics,Gastrointestinal Neoplasms
hsa-mir-182,epigenetics,Lung Neoplasms
hsa-mir-520c,epigenetics,Hematologic Neoplasms
hsa-mir-10a,epigenetics,Atherosclerosis
hsa-mir-221,epigenetics,Breast Neoplasms
hsa-mir-129-2,epigenetics,Breast Neoplasms
hsa-mir-129-2,epigenetics,Lung Neoplasms
hsa-mir-129-2,epigenetics,Thyroid Neoplasms
hsa-mir-129-2,epigenetics,Ovarian Neoplasms
hsa-mir-129-2,epigenetics,Glioma
hsa-mir-129-2,epigenetics,Esophageal Neoplasms
hsa-mir-132,epigenetics,Pancreatic Neoplasms
hsa-mir-7-1,epigenetics,Breast Neoplasms
hsa-mir-9,epigenetics,Medulloblastoma
hsa-mir-296,epigenetics,Glioblastoma
hsa-mir-10b,epigenetics,Atherosclerosis
hsa-mir-137,epigenetics,Lung Neoplasms
hsa-mir-137,epigenetics,Glioblastoma
hsa-mir-137,epigenetics,Endometrial Neoplasms
hsa-mir-137,epigenetics,Neuroblastoma
hsa-mir-675,epigenetics,Eosinophilic Esophagitis
hsa-mir-133a,epigenetics,Cardiomegaly
hsa-mir-153,epigenetics,Glioblastoma
hsa-mir-335,epigenetics,Breast Neoplasms
hsa-mir-155,epigenetics,Lymphoma
hsa-mir-155,epigenetics,Multiple Myeloma
hsa-mir-155,epigenetics,Glioma
hsa-mir-29c,epigenetics,Breast Neoplasms
hsa-mir-29c,epigenetics,Lung Neoplasms
hsa-mir-107,epigenetics,Ovarian Neoplasms
hsa-mir-107,epigenetics,Pancreatic Neoplasms
hsa-mir-18b,epigenetics,Gastrointestinal Neoplasms
hsa-mir-18b,epigenetics,Endometrial Neoplasms
hsa-mir-375,epigenetics,Breast Neoplasms
hsa-mir-375,epigenetics,Lung Neoplasms
hsa-mir-375,epigenetics,Esophageal Neoplasms
hsa-mir-433,epigenetics,Cholangiocarcinoma
hsa-mir-205,epigenetics,Hepatoblastoma
hsa-mir-27b,epigenetics,Breast Neoplasms
hsa-mir-151a,epigenetics,Breast Neoplasms
hsa-mir-34b,epigenetics,Breast Neoplasms
hsa-mir-34b,epigenetics,Leukemia
hsa-mir-34b,epigenetics,Ovarian Neoplasms
hsa-mir-34b,epigenetics,Pancreatic Neoplasms
hsa-mir-34b,epigenetics,Mesothelioma
hsa-mir-34b,epigenetics,Esophageal Neoplasms
hsa-mir-34b,epigenetics,Wilms Tumor
hsa-mir-1258,epigenetics,Lung Neoplasms
hsa-mir-1258,epigenetics,Ovarian Neoplasms
hsa-mir-214,epigenetics,Rhabdomyosarcoma
hsa-mir-429,epigenetics,Cholangiocarcinoma
hsa-mir-873,epigenetics,Liver Cirrhosis
hsa-mir-20a,epigenetics,Glioma
hsa-mir-20a,epigenetics,Bronchopulmonary Dysplasia
hsa-mir-124-3,epigenetics,Myelodysplastic Syndromes
hsa-mir-124-3,epigenetics,Pancreatic Neoplasms
hsa-mir-124-3,epigenetics,Gastrointestinal Neoplasms
hsa-mir-124-3,epigenetics,Endometrial Neoplasms
hsa-mir-7-2,epigenetics,Breast Neoplasms
hsa-mir-143,epigenetics,Breast Neoplasms
hsa-mir-125b-1,epigenetics,Breast Neoplasms
hsa-mir-148a,epigenetics,Breast Neoplasms
hsa-mir-148a,epigenetics,Lung Neoplasms
hsa-mir-148a,epigenetics,Gastrointestinal Neoplasms
hsa-mir-148a,epigenetics,Osteoporosis
hsa-mir-148a,epigenetics,Endometrial Neoplasms
hsa-mir-148a,epigenetics,Skin Neoplasms
hsa-mir-19b-1,epigenetics,Bronchopulmonary Dysplasia
hsa-mir-29a,epigenetics,Lung Neoplasms
hsa-mir-340,epigenetics,Neuroblastoma
hsa-mir-21,epigenetics,Breast Neoplasms
hsa-mir-21,epigenetics,Pancreatic Neoplasms
hsa-mir-21,epigenetics,Multiple Sclerosis
hsa-mir-21,epigenetics,Inflammation
hsa-mir-1,epigenetics,Cardiomegaly
hsa-mir-211,epigenetics,Melanoma
hsa-mir-211,epigenetics,Glioma
hsa-mir-101,epigenetics,Lung Neoplasms
hsa-mir-101,epigenetics,Glioblastoma
hsa-mir-101,epigenetics,Glioma
hsa-mir-34a,epigenetics,Breast Neoplasms
hsa-mir-34a,epigenetics,Ovarian Neoplasms
hsa-mir-34a,epigenetics,Pancreatic Neoplasms
hsa-mir-34a,epigenetics,Cholangiocarcinoma
hsa-mir-34a,epigenetics,Esophageal Neoplasms
hsa-mir-140,epigenetics,Osteoarthritis
hsa-mir-9-3,epigenetics,Multiple Myeloma
hsa-mir-185,epigenetics,Glioma
hsa-mir-17,epigenetics,Bronchopulmonary Dysplasia
hsa-mir-199b,epigenetics,Breast Neoplasms
hsa-mir-199b,epigenetics,Ovarian Neoplasms
hsa-mir-199b,epigenetics,Medulloblastoma
hsa-mir-373,epigenetics,Cholangiocarcinoma
hsa-mir-373,epigenetics,Liver Neoplasms
hsa-mir-152,epigenetics,Atherosclerosis
hsa-mir-152,epigenetics,Gastrointestinal Neoplasms
hsa-mir-152,epigenetics,Endometrial Neoplasms
hsa-mir-152,epigenetics,Hematologic Neoplasms
hsa-mir-129-1,epigenetics,Thyroid Neoplasms
hsa-let-7b,epigenetics,Liver Neoplasms
hsa-mir-145,epigenetics,Ovarian Neoplasms
hsa-mir-145,epigenetics,Chondrosarcoma
hsa-mir-302c,epigenetics,Chondrosarcoma
hsa-mir-320a,epigenetics,Breast Neoplasms
hsa-mir-24-1,epigenetics,Lymphoma
hsa-mir-24-1,epigenetics,Multiple Myeloma
hsa-mir-27a,epigenetics,Pancreatic Neoplasms
hsa-mir-29b-2,epigenetics,Ovarian Neoplasms
hsa-mir-29b-2,epigenetics,Atherosclerosis
hsa-mir-29b-2,epigenetics,Multiple Myeloma
hsa-mir-200a,epigenetics,Breast Neoplasms
hsa-mir-200a,epigenetics,Gastrointestinal Neoplasms
hsa-mir-200a,epigenetics,Endometrial Neoplasms
hsa-mir-208a,epigenetics,Gastrointestinal Neoplasms
hsa-mir-208a,epigenetics,Endometrial Neoplasms
hsa-mir-342,epigenetics,Multiple Myeloma
hsa-mir-203a,epigenetics,Ovarian Neoplasms
hsa-mir-34c,epigenetics,Breast Neoplasms
hsa-mir-34c,epigenetics,Ovarian Neoplasms
hsa-mir-34c,epigenetics,Pancreatic Neoplasms
hsa-mir-34c,epigenetics,Mesothelioma
hsa-mir-34c,epigenetics,Gastrointestinal Neoplasms
hsa-mir-34c,epigenetics,Esophageal Neoplasms
hsa-mir-200c,epigenetics,Breast Neoplasms
hsa-mir-19a,epigenetics,Breast Neoplasms
hsa-mir-19a,epigenetics,Bronchopulmonary Dysplasia
hsa-let-7f-1,genetics,Lung Neoplasms
hsa-let-7f-1,genetics,Hypertrophy
hsa-let-7f-1,genetics,Endometriosis
hsa-let-7f-1,genetics,Crohn Disease
hsa-mir-129,genetics,Medulloblastoma
hsa-mir-26b,genetics,Obesity
hsa-mir-1207,genetics,Ovarian Neoplasms
hsa-mir-1207,genetics,Glomerulonephritis
hsa-mir-519e,genetics,Breast Neoplasms
hsa-mir-519e,genetics,Gout
hsa-mir-423,genetics,Breast Neoplasms
hsa-mir-423,genetics,Lung Neoplasms
hsa-mir-423,genetics,Coronary Artery Disease
hsa-mir-423,genetics,Glioma
hsa-mir-610,genetics,Glioma
hsa-mir-218-1,genetics,Ovarian Neoplasms
hsa-mir-218-1,genetics,Melanoma
hsa-mir-520e,genetics,Endometriosis
hsa-mir-520e,genetics,Gout
hsa-mir-210,genetics,Myocardial Infarction
hsa-mir-210,genetics,Kidney Neoplasms
hsa-mir-210,genetics,Epilepsy
hsa-mir-210,genetics,Osteoarthritis
hsa-mir-210,genetics,Intervertebral Disc Degeneration
hsa-mir-210,genetics,Hypoxia
hsa-mir-497,genetics,Breast Neoplasms
hsa-mir-497,genetics,Osteosarcoma
hsa-mir-16-2,genetics,Multiple Myeloma
hsa-mir-196b,genetics,Lung Neoplasms
hsa-mir-196b,genetics,Myelodysplastic Syndromes
hsa-mir-196b,genetics,Crohn Disease
hsa-mir-130b,genetics,Lupus Nephritis
hsa-mir-370,genetics,Glioma
hsa-mir-411,genetics,Breast Neoplasms
hsa-mir-411,genetics,Multiple Sclerosis
hsa-mir-2278,genetics,Multiple Sclerosis
hsa-mir-589,genetics,Cataract
hsa-mir-608,genetics,Breast Neoplasms
hsa-mir-608,genetics,Lung Neoplasms
hsa-mir-608,genetics,Rectal Neoplasms
hsa-mir-6886,genetics,Lymphedema
hsa-mir-206,genetics,Ovarian Neoplasms
hsa-mir-206,genetics,Alzheimer Disease
hsa-mir-206,genetics,Amyotrophic Lateral Sclerosis
hsa-mir-206,genetics,Rhabdomyosarcoma
hsa-mir-206,genetics,Medulloblastoma
hsa-mir-206,genetics,Cardiomegaly
hsa-mir-215,genetics,Breast Neoplasms
hsa-mir-215,genetics,Ovarian Neoplasms
hsa-mir-215,genetics,Melanoma
hsa-mir-215,genetics,Glioma
hsa-mir-508,genetics,Glioma
hsa-mir-383,genetics,Breast Neoplasms
hsa-mir-383,genetics,Ovarian Neoplasms
hsa-mir-383,genetics,Melanoma
hsa-mir-125b-2,genetics,Glioblastoma
hsa-mir-605,genetics,Breast Neoplasms
hsa-mir-605,genetics,Li-Fraumeni Syndrome
hsa-mir-26a-1,genetics,Lung Neoplasms
hsa-mir-18a,genetics,Breast Neoplasms
hsa-mir-18a,genetics,Lung Neoplasms
hsa-mir-18a,genetics,Ovarian Neoplasms
hsa-mir-18a,genetics,Melanoma
hsa-mir-18a,genetics,Hematologic Neoplasms
hsa-mir-30a,genetics,Nasopharyngeal Neoplasms
hsa-mir-15a,genetics,Breast Neoplasms
hsa-mir-15a,genetics,Leukemia
hsa-mir-15a,genetics,Pituitary Neoplasms
hsa-mir-15a,genetics,Melanoma
hsa-mir-15a,genetics,Diabetes Mellitus
hsa-mir-15a,genetics,Lymphoma
hsa-mir-15a,genetics,Multiple Myeloma
hsa-mir-15a,genetics,Hematologic Neoplasms
hsa-mir-15a,genetics,Diabetic Retinopathy
hsa-mir-142,genetics,Leukemia
hsa-mir-142,genetics,Lung Neoplasms
hsa-mir-302a,genetics,Breast Neoplasms
hsa-mir-302a,genetics,Ovarian Neoplasms
hsa-mir-302a,genetics,Melanoma
hsa-mir-199a,genetics,Breast Neoplasms
hsa-mir-199a,genetics,Pancreatic Neoplasms
hsa-mir-148b,genetics,Melanoma
hsa-mir-148b,genetics,Endometrial Neoplasms
hsa-mir-149,genetics,Lung Neoplasms
hsa-mir-149,genetics,Thyroid Neoplasms
hsa-mir-149,genetics,Myocardial Infarction
hsa-mir-149,genetics,Coronary Artery Disease
hsa-mir-149,genetics,Ossification of Posterior Longitudinal Ligament
hsa-mir-127,genetics,Obesity
hsa-mir-126,genetics,Thyroid Neoplasms
hsa-mir-126,genetics,Asthma
hsa-mir-126,genetics,Atherosclerosis
hsa-mir-126,genetics,Pancreatic Neoplasms
hsa-mir-126,genetics,Heart Failure
hsa-mir-126,genetics,Myocardial Infarction
hsa-mir-126,genetics,Endometriosis
hsa-mir-126,genetics,Spinal Cord Injuries
hsa-mir-204,genetics,Glioma
hsa-mir-22,genetics,Ovarian Neoplasms
hsa-mir-22,genetics,Heart Failure
hsa-mir-520f,genetics,Endometriosis
hsa-mir-520f,genetics,Gout
hsa-mir-301b,genetics,Lung Neoplasms
hsa-mir-154,genetics,Glioblastoma
hsa-mir-30d,genetics,Breast Neoplasms
hsa-mir-30d,genetics,Melanoma
hsa-mir-520g,genetics,Endometriosis
hsa-mir-520g,genetics,Gout
hsa-mir-29b-1,genetics,Alzheimer Disease
hsa-mir-328,genetics,Myopia
hsa-mir-125b,genetics,Breast Neoplasms
hsa-mir-125b,genetics,Leukemia
hsa-mir-125b,genetics,Ovarian Neoplasms
hsa-mir-125b,genetics,Endometriosis
hsa-mir-125b,genetics,Retinoblastoma
hsa-mir-125b,genetics,Cholangiocarcinoma
hsa-mir-125b,genetics,Amyotrophic Lateral Sclerosis
hsa-mir-125b,genetics,Osteosarcoma
hsa-mir-125b,genetics,Cataract
hsa-mir-29b,genetics,Liver Cirrhosis
hsa-mir-29b,genetics,Hearing Loss
hsa-let-7i,genetics,Lung Neoplasms
hsa-let-7i,genetics,Hypertrophy
hsa-let-7i,genetics,Endometriosis
hsa-mir-629,genetics,Lung Neoplasms
hsa-mir-769,genetics,Melanoma
hsa-mir-7,genetics,Breast Neoplasms
hsa-mir-7,genetics,Lung Neoplasms
hsa-mir-7,genetics,Parkinson Disease
hsa-mir-7,genetics,Adrenal Cortex Neoplasms
hsa-mir-7,genetics,Liver Neoplasms
hsa-mir-548an,genetics,Pancreatic Neoplasms
hsa-mir-630,genetics,Ovarian Neoplasms
hsa-mir-542,genetics,Melanoma
hsa-mir-16,genetics,Breast Neoplasms
hsa-mir-16,genetics,Glioblastoma
hsa-mir-16,genetics,Alzheimer Disease
hsa-mir-16,genetics,Glioma
hsa-mir-16,genetics,Acute Lung Injury
hsa-mir-200b,genetics,Ovarian Neoplasms
hsa-mir-200b,genetics,Melanoma
hsa-mir-200b,genetics,Endometriosis
hsa-mir-200b,genetics,Endometrial Neoplasms
hsa-mir-134,genetics,Glioma
hsa-mir-141,genetics,Breast Neoplasms
hsa-mir-141,genetics,Neuroblastoma
hsa-mir-31,genetics,Ovarian Neoplasms
hsa-mir-31,genetics,Mesothelioma
hsa-mir-31,genetics,Hypertension
hsa-mir-31,genetics,Myocardial Infarction
hsa-mir-31,genetics,Leiomyosarcoma
hsa-mir-421,genetics,Osteosarcoma
hsa-mir-191,genetics,Ovarian Neoplasms
hsa-mir-520a,genetics,Lymphoma
hsa-mir-520a,genetics,Endometriosis
hsa-mir-520a,genetics,Gout
hsa-mir-224,genetics,Coronary Artery Disease
hsa-mir-224,genetics,Osteosarcoma
hsa-let-7a,genetics,Breast Neoplasms
hsa-let-7a,genetics,Osteosarcoma
hsa-let-7a,genetics,Macular Degeneration
hsa-mir-325,genetics,Dyspepsia
hsa-let-7e,genetics,Lung Neoplasms
hsa-let-7e,genetics,Ovarian Neoplasms
hsa-let-7e,genetics,Hypertrophy
hsa-let-7e,genetics,Endometriosis
hsa-let-7e,genetics,Crohn Disease
hsa-mir-520h,genetics,Endometriosis
hsa-mir-520h,genetics,Gout
hsa-mir-519d,genetics,Gout
hsa-mir-184,genetics,Cataract
hsa-mir-184,genetics,Retinal Neovascularization
hsa-mir-212,genetics,Heart Failure
hsa-mir-196a,genetics,Breast Neoplasms
hsa-mir-196a,genetics,Lung Neoplasms
hsa-mir-196a,genetics,Crohn Disease
hsa-mir-196a,genetics,Osteosarcoma
hsa-mir-196a,genetics,Digestive System Neoplasms
hsa-mir-499b,genetics,Lung Neoplasms
hsa-mir-26a,genetics,Ovarian Neoplasms
hsa-mir-26a,genetics,Glioblastoma
hsa-mir-26a,genetics,Osteosarcoma
hsa-mir-182,genetics,Ovarian Neoplasms
hsa-mir-182,genetics,Melanoma
hsa-mir-182,genetics,Glioma
hsa-mir-182,genetics,Osteosarcoma
hsa-mir-182,genetics,Glaucoma
hsa-mir-381,genetics,Ovarian Neoplasms
hsa-mir-146a,genetics,Breast Neoplasms
hsa-mir-146a,genetics,Lung Neoplasms
hsa-mir-146a,genetics,Thyroid Neoplasms
hsa-mir-146a,genetics,Asthma
hsa-mir-146a,genetics,Ovarian Neoplasms
hsa-mir-146a,genetics,Nasopharyngeal Neoplasms
hsa-mir-146a,genetics,Atherosclerosis
hsa-mir-146a,genetics,Sepsis
hsa-mir-146a,genetics,Melanoma
hsa-mir-146a,genetics,Glioblastoma
hsa-mir-146a,genetics,Alzheimer Disease
hsa-mir-146a,genetics,Hypertension
hsa-mir-146a,genetics,Myocardial Infarction
hsa-mir-146a,genetics,Multiple Myeloma
hsa-mir-146a,genetics,Multiple Sclerosis
hsa-mir-146a,genetics,Coronary Artery Disease
hsa-mir-146a,genetics,Arthritis
hsa-mir-146a,genetics,Metabolic Syndrome
hsa-mir-146a,genetics,Gastrointestinal Neoplasms
hsa-mir-146a,genetics,Liver Cirrhosis
hsa-mir-146a,genetics,Esophageal Neoplasms
hsa-mir-146a,genetics,Endometrial Neoplasms
hsa-mir-146a,genetics,Psoriasis
hsa-mir-146a,genetics,Acute Coronary Syndrome
hsa-mir-146a,genetics,Epilepsy
hsa-mir-146a,genetics,Digestive System Neoplasms
hsa-mir-146a,genetics,Hirschsprung Disease
hsa-mir-146a,genetics,Diabetic Retinopathy
hsa-mir-146a,genetics,Moyamoya Disease
hsa-mir-146a,genetics,Skin Neoplasms
hsa-mir-146a,genetics,Gout
hsa-mir-146a,genetics,Intracranial Aneurysm
hsa-mir-146a,genetics,Uveitis
hsa-mir-146a,genetics,Dermatomyositis
hsa-mir-146a,genetics,Coronary Restenosis
hsa-mir-146a,genetics,Leprosy
hsa-mir-146a,genetics,Ossification of Posterior Longitudinal Ligament
hsa-mir-146a,genetics,Macular Degeneration
hsa-mir-146a,genetics,Listeriosis
hsa-mir-520c,genetics,Endometriosis
hsa-mir-424,genetics,Myelodysplastic Syndromes
hsa-mir-424,genetics,Hepatoblastoma
hsa-mir-30c,genetics,Heart Failure
hsa-mir-150,genetics,Leukemia
hsa-mir-150,genetics,Atherosclerosis
hsa-mir-150,genetics,Sepsis
hsa-mir-150,genetics,Heart Failure
hsa-mir-150,genetics,Myocardial Infarction
hsa-mir-150,genetics,Obesity
hsa-mir-150,genetics,Glioma
hsa-mir-150,genetics,Osteosarcoma
hsa-mir-150,genetics,Hematologic Neoplasms
hsa-mir-150,genetics,Diabetic Retinopathy
hsa-mir-181b,genetics,Atherosclerosis
hsa-mir-502,genetics,Breast Neoplasms
hsa-mir-502,genetics,Ovarian Neoplasms
hsa-mir-637,genetics,Hypertension
hsa-mir-1303,genetics,Neuroblastoma
hsa-mir-221,genetics,Thyroid Neoplasms
hsa-mir-221,genetics,Ovarian Neoplasms
hsa-mir-221,genetics,Melanoma
hsa-mir-221,genetics,Carotid Artery Diseases
hsa-mir-221,genetics,Hematologic Neoplasms
hsa-mir-221,genetics,Inflammation
hsa-mir-221,genetics,Astrocytoma
hsa-mir-124,genetics,Glioblastoma
hsa-mir-124,genetics,Retinoblastoma
hsa-mir-124,genetics,Osteosarcoma
hsa-mir-124,genetics,Medulloblastoma
hsa-let-7f-2,genetics,Lung Neoplasms
hsa-let-7f-2,genetics,Hypertrophy
hsa-let-7f-2,genetics,Endometriosis
hsa-let-7f-2,genetics,Crohn Disease
hsa-mir-520b,genetics,Endometriosis
hsa-mir-520b,genetics,Gout
hsa-mir-132,genetics,Heart Failure
hsa-mir-132,genetics,Osteosarcoma
hsa-mir-132,genetics,Inflammation
hsa-mir-132,genetics,Chronic Pain
hsa-mir-320b,genetics,Coronary Artery Disease
hsa-mir-7-1,genetics,Glioblastoma
hsa-mir-9,genetics,Leukemia
hsa-mir-9,genetics,Glioblastoma
hsa-mir-9,genetics,Spinal Cord Injuries
hsa-mir-9,genetics,Osteosarcoma
hsa-mir-9,genetics,Inflammation
hsa-mir-937,genetics,Lung Neoplasms
hsa-mir-377,genetics,Lymphoma
hsa-mir-24,genetics,Breast Neoplasms
hsa-mir-24,genetics,Heart Failure
hsa-mir-410,genetics,Breast Neoplasms
hsa-mir-410,genetics,Stroke
hsa-mir-296,genetics,Breast Neoplasms
hsa-mir-296,genetics,Ovarian Neoplasms
hsa-mir-296,genetics,Melanoma
hsa-mir-659,genetics,Dementia
hsa-mir-613,genetics,Breast Neoplasms
hsa-mir-10b,genetics,Pancreatic Neoplasms
hsa-mir-10b,genetics,Myocardial Infarction
hsa-mir-10b,genetics,Endometrial Neoplasms
hsa-mir-137,genetics,Melanoma
hsa-mir-103a-2,genetics,Breast Neoplasms
hsa-mir-103a-2,genetics,Ovarian Neoplasms
hsa-mir-103a-2,genetics,Melanoma
hsa-let-7f,genetics,Endometriosis
hsa-let-7f,genetics,Glioma
hsa-mir-195,genetics,Breast Neoplasms
hsa-mir-195,genetics,Thyroid Neoplasms
hsa-mir-195,genetics,Heart Failure
hsa-mir-195,genetics,Spinal Cord Injuries
hsa-mir-195,genetics,Diabetic Cardiomyopathies
hsa-mir-519b,genetics,Gout
hsa-mir-138-2,genetics,Neuroblastoma
hsa-mir-130a,genetics,Ovarian Neoplasms
hsa-mir-130a,genetics,Heart Failure
hsa-mir-133a,genetics,Heart Failure
hsa-mir-133a,genetics,Hypertrophy
hsa-mir-133a,genetics,Hypertension
hsa-mir-133a,genetics,Myocardial Infarction
hsa-mir-133a,genetics,Glioma
hsa-mir-153,genetics,Glioma
hsa-mir-100,genetics,Ovarian Neoplasms
hsa-mir-100,genetics,Osteosarcoma
hsa-mir-155,genetics,Ovarian Neoplasms
hsa-mir-155,genetics,Melanoma
hsa-mir-155,genetics,Hypertrophy
hsa-mir-155,genetics,Glioblastoma
hsa-mir-155,genetics,Hypertension
hsa-mir-155,genetics,Stroke
hsa-mir-155,genetics,Spinal Cord Injuries
hsa-mir-155,genetics,Acute Lung Injury
hsa-mir-155,genetics,Arthritis
hsa-mir-155,genetics,Epilepsy
hsa-mir-155,genetics,Hematologic Neoplasms
hsa-mir-155,genetics,Macular Degeneration
hsa-mir-155,genetics,Encephalomyelitis
hsa-mir-488,genetics,Breast Neoplasms
hsa-mir-488,genetics,Ovarian Neoplasms
hsa-mir-488,genetics,Melanoma
hsa-mir-488,genetics,Osteosarcoma
hsa-mir-422a,genetics,Osteosarcoma
hsa-mir-15b,genetics,Glioma
hsa-mir-15b,genetics,Liver Neoplasms
hsa-mir-485,genetics,Breast Neoplasms
hsa-mir-485,genetics,Hyperglycemia
hsa-mir-107,genetics,Breast Neoplasms
hsa-mir-186,genetics,Medulloblastoma
hsa-mir-186,genetics,Idiopathic Pulmonary Fibrosis
hsa-mir-122,genetics,Hypertension
hsa-mir-122,genetics,Stroke
hsa-mir-122,genetics,Cholangiocarcinoma
hsa-mir-122,genetics,Liver Neoplasms
hsa-mir-122,genetics,Pterygium
hsa-mir-18b,genetics,Melanoma
hsa-mir-375,genetics,Diabetes Mellitus
hsa-mir-375,genetics,Liver Failure
hsa-mir-433,genetics,Ovarian Neoplasms
hsa-mir-25,genetics,Breast Neoplasms
hsa-mir-25,genetics,Lung Neoplasms
hsa-mir-25,genetics,Ovarian Neoplasms
hsa-mir-25,genetics,Choriocarcinoma
hsa-mir-25,genetics,Melanoma
hsa-mir-6826,genetics,Breast Neoplasms
hsa-mir-205,genetics,Myelodysplastic Syndromes
hsa-mir-205,genetics,Melanoma
hsa-mir-205,genetics,Endometrial Neoplasms
hsa-mir-23b,genetics,Breast Neoplasms
hsa-mir-23b,genetics,Asthma
hsa-mir-27b,genetics,Atrial Fibrillation
hsa-mir-151a,genetics,Ovarian Neoplasms
hsa-mir-151a,genetics,Nasopharyngeal Neoplasms
hsa-mir-151a,genetics,Melanoma
hsa-mir-329,genetics,Osteosarcoma
hsa-mir-510,genetics,Irritable Bowel Syndrome
hsa-mir-16-1,genetics,Leukemia
hsa-mir-16-1,genetics,Pituitary Neoplasms
hsa-mir-16-1,genetics,Ovarian Neoplasms
hsa-mir-16-1,genetics,Lymphoma
hsa-mir-16-1,genetics,Multiple Myeloma
hsa-mir-16-1,genetics,Hematologic Neoplasms
hsa-mir-194,genetics,Liver Neoplasms
hsa-mir-34b,genetics,Nasopharyngeal Neoplasms
hsa-mir-34b,genetics,Retinoblastoma
hsa-mir-34b,genetics,Osteoporosis
hsa-mir-34b,genetics,Osteosarcoma
hsa-mir-34b,genetics,Digestive System Neoplasms
hsa-mir-34b,genetics,Neuroblastoma
hsa-mir-34b,genetics,Intracranial Aneurysm
hsa-let-7d,genetics,Lung Neoplasms
hsa-let-7d,genetics,Hypertrophy
hsa-let-7d,genetics,Endometriosis
hsa-let-7d,genetics,Macular Degeneration
hsa-mir-138,genetics,Glioblastoma
hsa-mir-138,genetics,Coronary Artery Disease
hsa-mir-138,genetics,Obesity
hsa-mir-138,genetics,Osteosarcoma
hsa-mir-138,genetics,Intervertebral Disc Degeneration
hsa-mir-138,genetics,Laryngeal Neoplasms
hsa-mir-214,genetics,Breast Neoplasms
hsa-mir-214,genetics,Ovarian Neoplasms
hsa-mir-214,genetics,Melanoma
hsa-mir-214,genetics,Diabetes Mellitus
hsa-mir-214,genetics,Parkinson Disease
hsa-mir-214,genetics,Kidney Neoplasms
hsa-mir-214,genetics,Osteosarcoma
hsa-mir-214,genetics,Cardiomegaly
hsa-mir-429,genetics,Breast Neoplasms
hsa-mir-429,genetics,Ovarian Neoplasms
hsa-mir-429,genetics,Melanoma
hsa-mir-429,genetics,Diabetes Mellitus
hsa-mir-429,genetics,Endometrial Neoplasms
hsa-mir-222,genetics,Breast Neoplasms
hsa-mir-222,genetics,Thyroid Neoplasms
hsa-mir-222,genetics,Pancreatic Neoplasms
hsa-mir-222,genetics,Obesity
hsa-mir-222,genetics,Carotid Artery Diseases
hsa-mir-222,genetics,Hematologic Neoplasms
hsa-mir-222,genetics,Osteoarthritis
hsa-mir-20a,genetics,Breast Neoplasms
hsa-mir-20a,genetics,Lung Neoplasms
hsa-mir-20a,genetics,Ovarian Neoplasms
hsa-mir-20a,genetics,Melanoma
hsa-mir-20a,genetics,Osteosarcoma
hsa-mir-20a,genetics,Hematologic Neoplasms
hsa-mir-20a,genetics,Atrial Fibrillation
hsa-mir-124-3,genetics,Breast Neoplasms
hsa-mir-124-3,genetics,Glioma
hsa-mir-124-3,genetics,Neuroblastoma
hsa-mir-143,genetics,Leukemia
hsa-mir-143,genetics,Osteosarcoma
hsa-mir-125b-1,genetics,Lung Neoplasms
hsa-mir-125b-1,genetics,Ovarian Neoplasms
hsa-mir-486,genetics,Breast Neoplasms
hsa-mir-339,genetics,Breast Neoplasms
hsa-mir-339,genetics,Ovarian Neoplasms
hsa-mir-339,genetics,Melanoma
hsa-mir-106a,genetics,Osteosarcoma
hsa-mir-151b,genetics,Nasopharyngeal Neoplasms
hsa-mir-301a,genetics,Lung Neoplasms
hsa-mir-181a,genetics,Leukemia
hsa-mir-181a,genetics,Atherosclerosis
hsa-mir-181a,genetics,Cardiomegaly
hsa-mir-584,genetics,Hypertension
hsa-mir-584,genetics,Pemphigus
hsa-mir-33b,genetics,Medulloblastoma
hsa-mir-33b,genetics,Hyperglycemia
hsa-mir-4513,genetics,Coronary Artery Disease
hsa-mir-548ac,genetics,Multiple Sclerosis
hsa-mir-93,genetics,Breast Neoplasms
hsa-mir-93,genetics,Ovarian Neoplasms
hsa-mir-93,genetics,Melanoma
hsa-mir-93,genetics,Glaucoma
hsa-mir-19b-1,genetics,Breast Neoplasms
hsa-mir-19b-1,genetics,Lung Neoplasms
hsa-mir-19b-1,genetics,Ovarian Neoplasms
hsa-mir-19b-1,genetics,Melanoma
hsa-mir-19b-1,genetics,Osteosarcoma
hsa-mir-19b-1,genetics,Hematologic Neoplasms
hsa-mir-19b-1,genetics,Atrial Fibrillation
hsa-mir-372,genetics,Hematologic Neoplasms
hsa-mir-29a,genetics,Ovarian Neoplasms
hsa-mir-29a,genetics,Diabetes Mellitus
hsa-mir-29a,genetics,Glioblastoma
hsa-mir-29a,genetics,Alzheimer Disease
hsa-mir-29a,genetics,Hypertension
hsa-mir-29a,genetics,Multiple Myeloma
hsa-mir-29a,genetics,Endomyocardial Fibrosis
hsa-mir-29a,genetics,Atrial Fibrillation
hsa-mir-29a,genetics,Idiopathic Pulmonary Fibrosis
hsa-mir-340,genetics,Breast Neoplasms
hsa-mir-30b,genetics,Breast Neoplasms
hsa-mir-30b,genetics,Ovarian Neoplasms
hsa-mir-30b,genetics,Melanoma
hsa-mir-338,genetics,Breast Neoplasms
hsa-mir-338,genetics,Lung Neoplasms
hsa-mir-338,genetics,Ovarian Neoplasms
hsa-mir-338,genetics,Melanoma
hsa-mir-21,genetics,Lung Neoplasms
hsa-mir-21,genetics,Asthma
hsa-mir-21,genetics,Atherosclerosis
hsa-mir-21,genetics,Choriocarcinoma
hsa-mir-21,genetics,Melanoma
hsa-mir-21,genetics,Heart Failure
hsa-mir-21,genetics,Glioblastoma
hsa-mir-21,genetics,Hypertension
hsa-mir-21,genetics,Myocardial Infarction
hsa-mir-21,genetics,Spinal Cord Injuries
hsa-mir-21,genetics,Obesity
hsa-mir-21,genetics,Glioma
hsa-mir-21,genetics,Cholangiocarcinoma
hsa-mir-21,genetics,Liver Cirrhosis
hsa-mir-21,genetics,Esophageal Neoplasms
hsa-mir-21,genetics,Osteosarcoma
hsa-mir-21,genetics,Hematologic Neoplasms
hsa-mir-21,genetics,Cholesteatoma
hsa-mir-21,genetics,Ischemia
hsa-mir-21,genetics,Neuroblastoma
hsa-mir-21,genetics,Colitis
hsa-mir-499a,genetics,Breast Neoplasms
hsa-mir-499a,genetics,Heart Failure
hsa-mir-499a,genetics,Coronary Artery Disease
hsa-mir-499a,genetics,Esophageal Neoplasms
hsa-mir-96,genetics,Glioma
hsa-mir-146b,genetics,Breast Neoplasms
hsa-mir-146b,genetics,Lung Neoplasms
hsa-mir-146b,genetics,Thyroid Neoplasms
hsa-mir-146b,genetics,Ovarian Neoplasms
hsa-mir-146b,genetics,Inflammation
hsa-mir-367,genetics,Breast Neoplasms
hsa-mir-367,genetics,Ovarian Neoplasms
hsa-mir-367,genetics,Melanoma
hsa-mir-135b,genetics,Breast Neoplasms
hsa-mir-135b,genetics,Ovarian Neoplasms
hsa-mir-135b,genetics,Melanoma
hsa-mir-135b,genetics,Medulloblastoma
hsa-mir-520d,genetics,Endometriosis
hsa-mir-520d,genetics,Gout
hsa-mir-1,genetics,Heart Failure
hsa-mir-1,genetics,Myocardial Infarction
hsa-mir-1,genetics,Coronary Artery Disease
hsa-mir-6720,genetics,Lymphedema
hsa-mir-202,genetics,Multiple Myeloma
hsa-mir-211,genetics,Thyroid Neoplasms
hsa-mir-550a,genetics,Diabetes Mellitus
hsa-mir-302d,genetics,Breast Neoplasms
hsa-mir-302d,genetics,Ovarian Neoplasms
hsa-mir-302d,genetics,Melanoma
hsa-mir-101,genetics,Osteosarcoma
hsa-mir-34a,genetics,Leukemia
hsa-mir-34a,genetics,Lung Neoplasms
hsa-mir-34a,genetics,Melanoma
hsa-mir-34a,genetics,Diabetes Mellitus
hsa-mir-34a,genetics,Alzheimer Disease
hsa-mir-34a,genetics,Myocardial Infarction
hsa-mir-34a,genetics,Parkinson Disease
hsa-mir-34a,genetics,Obesity
hsa-mir-34a,genetics,Glioma
hsa-mir-34a,genetics,Osteoarthritis
hsa-mir-34a,genetics,Neuroblastoma
hsa-mir-140,genetics,Glioma
hsa-mir-140,genetics,Biliary Tract Neoplasms
hsa-mir-140,genetics,Osteosarcoma
hsa-mir-140,genetics,Intervertebral Disc Degeneration
hsa-mir-223,genetics,Breast Neoplasms
hsa-mir-223,genetics,Sepsis
hsa-mir-223,genetics,Glioblastoma
hsa-mir-223,genetics,Multiple Sclerosis
hsa-mir-223,genetics,Inflammation
hsa-mir-223,genetics,Encephalomyelitis
hsa-mir-449a,genetics,Breast Neoplasms
hsa-mir-449a,genetics,Retinoblastoma
hsa-mir-449a,genetics,Liver Neoplasms
hsa-mir-30c-1,genetics,Breast Neoplasms
hsa-mir-30c-1,genetics,Lung Neoplasms
hsa-mir-128,genetics,Glioblastoma
hsa-mir-300,genetics,Lung Neoplasms
hsa-mir-603,genetics,Breast Neoplasms
hsa-let-7c,genetics,Lung Neoplasms
hsa-let-7c,genetics,Ovarian Neoplasms
hsa-let-7c,genetics,Heart Failure
hsa-let-7c,genetics,Hypertrophy
hsa-let-7c,genetics,Endometriosis
hsa-let-7c,genetics,Essential Hypertension
hsa-mir-494,genetics,Ovarian Neoplasms
hsa-mir-144,genetics,Thyroid Neoplasms
hsa-mir-144,genetics,Diabetic Cardiomyopathies
hsa-let-7a-2,genetics,Lung Neoplasms
hsa-let-7a-2,genetics,Ovarian Neoplasms
hsa-let-7a-2,genetics,Hypertrophy
hsa-let-7a-2,genetics,Endometriosis
hsa-let-7a-2,genetics,Esophageal Neoplasms
hsa-mir-218,genetics,Myocardial Infarction
hsa-mir-218,genetics,Neuroblastoma
hsa-mir-185,genetics,Idiopathic Pulmonary Fibrosis
hsa-let-7g,genetics,Lung Neoplasms
hsa-let-7g,genetics,Melanoma
hsa-let-7g,genetics,Hypertrophy
hsa-let-7g,genetics,Endometriosis
hsa-let-7g,genetics,Osteosarcoma
hsa-mir-302b,genetics,Breast Neoplasms
hsa-mir-302b,genetics,Ovarian Neoplasms
hsa-mir-302b,genetics,Melanoma
hsa-mir-495,genetics,Glioma
hsa-mir-519c,genetics,Gout
hsa-mir-17,genetics,Breast Neoplasms
hsa-mir-17,genetics,Leukemia
hsa-mir-17,genetics,Lung Neoplasms
hsa-mir-17,genetics,Ovarian Neoplasms
hsa-mir-17,genetics,Melanoma
hsa-mir-17,genetics,Lymphoma
hsa-mir-17,genetics,Mesothelioma
hsa-mir-17,genetics,Multiple Sclerosis
hsa-mir-17,genetics,Osteosarcoma
hsa-mir-17,genetics,Hematologic Neoplasms
hsa-mir-17,genetics,Atrial Fibrillation
hsa-mir-17,genetics,Medulloblastoma
hsa-mir-17,genetics,Macular Degeneration
hsa-mir-92a-1,genetics,Lung Neoplasms
hsa-mir-92a-1,genetics,Ovarian Neoplasms
hsa-mir-92a-1,genetics,Hematologic Neoplasms
hsa-mir-199b,genetics,Thyroid Neoplasms
hsa-mir-373,genetics,Glioma
hsa-mir-373,genetics,Hematologic Neoplasms
hsa-mir-152,genetics,Asthma
hsa-mir-503,genetics,Osteosarcoma
hsa-mir-503,genetics,Essential Hypertension
hsa-let-7b,genetics,Lung Neoplasms
hsa-let-7b,genetics,Hypertrophy
hsa-let-7b,genetics,Endometriosis
hsa-let-7b,genetics,Glioma
hsa-let-7b,genetics,Macular Degeneration
hsa-mir-145,genetics,Breast Neoplasms
hsa-mir-145,genetics,Lung Neoplasms
hsa-mir-145,genetics,Myelodysplastic Syndromes
hsa-mir-145,genetics,Atherosclerosis
hsa-mir-145,genetics,Melanoma
hsa-mir-145,genetics,Glioblastoma
hsa-mir-302c,genetics,Breast Neoplasms
hsa-mir-302c,genetics,Ovarian Neoplasms
hsa-mir-302c,genetics,Melanoma
hsa-mir-183,genetics,Glioma
hsa-mir-106b,genetics,Breast Neoplasms
hsa-mir-106b,genetics,Pituitary Neoplasms
hsa-mir-106b,genetics,Ovarian Neoplasms
hsa-mir-106b,genetics,Atherosclerosis
hsa-mir-106b,genetics,Melanoma
hsa-mir-363,genetics,Glioma
hsa-mir-320a,genetics,Ovarian Neoplasms
hsa-mir-320a,genetics,Melanoma
hsa-mir-24-1,genetics,Tourette Syndrome
hsa-mir-23a,genetics,Osteoarthritis
hsa-mir-23a,genetics,Macular Degeneration
hsa-mir-27a,genetics,Breast Neoplasms
hsa-mir-27a,genetics,Lung Neoplasms
hsa-mir-27a,genetics,Hypertension
hsa-mir-27a,genetics,Obesity
hsa-mir-27a,genetics,Endometrial Neoplasms
hsa-mir-708,genetics,Hematologic Neoplasms
hsa-mir-492,genetics,Psoriasis
hsa-mir-208b,genetics,Myocardial Infarction
hsa-mir-92a,genetics,Breast Neoplasms
hsa-mir-92a,genetics,Osteosarcoma
hsa-mir-138-1,genetics,Neuroblastoma
hsa-mir-200a,genetics,Ovarian Neoplasms
hsa-mir-200a,genetics,Melanoma
hsa-mir-135a,genetics,Medulloblastoma
hsa-mir-208a,genetics,Myocardial Infarction
hsa-mir-506,genetics,Breast Neoplasms
hsa-mir-506,genetics,Pancreatic Neoplasms
hsa-mir-125a,genetics,Breast Neoplasms
hsa-mir-125a,genetics,Ovarian Neoplasms
hsa-mir-125a,genetics,Myelodysplastic Syndromes
hsa-mir-125a,genetics,Retinoblastoma
hsa-mir-98,genetics,Hypertrophy
hsa-mir-98,genetics,Osteoporosis
hsa-mir-98,genetics,Essential Hypertension
hsa-mir-30c-2,genetics,Lung Neoplasms
hsa-let-7a-3,genetics,Lung Neoplasms
hsa-let-7a-3,genetics,Ovarian Neoplasms
hsa-let-7a-3,genetics,Hypertrophy
hsa-let-7a-3,genetics,Endometriosis
hsa-let-7a-3,genetics,Esophageal Neoplasms
hsa-mir-34c,genetics,Lung Neoplasms
hsa-mir-34c,genetics,Nasopharyngeal Neoplasms
hsa-mir-34c,genetics,Melanoma
hsa-mir-34c,genetics,Retinoblastoma
hsa-mir-34c,genetics,Osteoporosis
hsa-mir-34c,genetics,Neuroblastoma
hsa-mir-34c,genetics,Intracranial Aneurysm
hsa-mir-32,genetics,Lung Neoplasms
hsa-mir-200c,genetics,Lung Neoplasms
hsa-mir-200c,genetics,Melanoma
hsa-mir-200c,genetics,Endometrial Neoplasms
hsa-mir-19a,genetics,Lung Neoplasms
hsa-mir-19a,genetics,Ovarian Neoplasms
hsa-mir-19a,genetics,Melanoma
hsa-mir-19a,genetics,Multiple Myeloma
hsa-mir-19a,genetics,Glioma
hsa-mir-19a,genetics,Osteosarcoma
hsa-mir-19a,genetics,Hematologic Neoplasms
hsa-mir-19a,genetics,Atrial Fibrillation
hsa-mir-19a,genetics,Medulloblastoma
hsa-mir-19a,genetics,Hypoxia
hsa-let-7f-1,circulation,Myelodysplastic Syndromes
hsa-mir-129,circulation,Heart Failure
hsa-mir-3662,circulation,Lung Neoplasms
hsa-mir-147a,circulation,Parkinson Disease
hsa-mir-26b,circulation,Polycythemia Vera
hsa-mir-26b,circulation,Atherosclerosis
hsa-mir-26b,circulation,Pancreatic Neoplasms
hsa-mir-26b,circulation,Heart Failure
hsa-mir-26b,circulation,Alzheimer Disease
hsa-mir-26b,circulation,Stroke
hsa-mir-26b,circulation,Essential Hypertension
hsa-mir-662,circulation,Lupus Vulgaris
hsa-mir-193a,circulation,Breast Neoplasms
hsa-mir-193a,circulation,Sepsis
hsa-mir-193a,circulation,Eosinophilic Esophagitis
hsa-mir-193a,circulation,Medulloblastoma
hsa-mir-217,circulation,Melanoma
hsa-mir-758,circulation,HELLP Syndrome
hsa-mir-765,circulation,Coronary Artery Disease
hsa-mir-324,circulation,Breast Neoplasms
hsa-mir-324,circulation,Lupus Vulgaris
hsa-mir-324,circulation,Myasthenia Gravis
hsa-mir-324,circulation,Obesity
hsa-mir-1207,circulation,Metabolic Syndrome
hsa-mir-216a,circulation,Melanoma
hsa-mir-92a-2,circulation,Breast Neoplasms
hsa-mir-92a-2,circulation,Leukemia
hsa-mir-92a-2,circulation,Heart Failure
hsa-mir-92a-2,circulation,Lymphoma
hsa-mir-92a-2,circulation,Myocardial Infarction
hsa-mir-423,circulation,Lupus Vulgaris
hsa-mir-423,circulation,Heart Failure
hsa-mir-423,circulation,Myocardial Infarction
hsa-mir-423,circulation,Obesity
hsa-mir-423,circulation,Lupus Nephritis
hsa-mir-423,circulation,Metabolic Syndrome
hsa-mir-218-1,circulation,Lymphoma
hsa-mir-374a,circulation,Parkinson Disease
hsa-mir-374a,circulation,Osteosarcoma
hsa-mir-210,circulation,Breast Neoplasms
hsa-mir-210,circulation,Lung Neoplasms
hsa-mir-210,circulation,Lupus Vulgaris
hsa-mir-210,circulation,Atherosclerosis
hsa-mir-210,circulation,Melanoma
hsa-mir-210,circulation,Pancreatic Neoplasms
hsa-mir-210,circulation,Lymphoma
hsa-mir-210,circulation,Eosinophilic Esophagitis
hsa-mir-210,circulation,Myasthenia Gravis
hsa-mir-210,circulation,Glioma
hsa-mir-210,circulation,Adrenal Cortex Neoplasms
hsa-mir-210,circulation,Nephrotic Syndrome
hsa-mir-513c,circulation,Liver Cirrhosis
hsa-mir-497,circulation,Nasopharyngeal Neoplasms
hsa-mir-16-2,circulation,Breast Neoplasms
hsa-mir-16-2,circulation,Pituitary Neoplasms
hsa-mir-16-2,circulation,Polycythemia Vera
hsa-mir-16-2,circulation,Myelodysplastic Syndromes
hsa-mir-16-2,circulation,Sepsis
hsa-mir-16-2,circulation,Parkinson Disease
hsa-mir-16-2,circulation,Crohn Disease
hsa-mir-196b,circulation,Leukemia
hsa-mir-196b,circulation,Acute Lung Injury
hsa-mir-944,circulation,Lung Neoplasms
hsa-mir-451a,circulation,Breast Neoplasms
hsa-mir-451a,circulation,Polycythemia Vera
hsa-mir-451a,circulation,Pancreatic Neoplasms
hsa-mir-451a,circulation,Familial Mediterranean Fever
hsa-mir-451a,circulation,Glaucoma
hsa-mir-451a,circulation,Hearing Loss
hsa-mir-130b,circulation,Lupus Vulgaris
hsa-mir-130b,circulation,Heart Failure
hsa-mir-130b,circulation,Obesity
hsa-mir-130b,circulation,Metabolic Syndrome
hsa-mir-130b,circulation,Friedreich Ataxia
hsa-mir-370,circulation,Coronary Artery Disease
hsa-mir-370,circulation,Obesity
hsa-mir-431,circulation,Graves Disease
hsa-mir-411,circulation,Lung Neoplasms
hsa-mir-92b,circulation,Heart Failure
hsa-mir-449b,circulation,Parkinson Disease
hsa-mir-449b,circulation,Stroke
hsa-mir-33a,circulation,Atherosclerosis
hsa-mir-33a,circulation,Melanoma
hsa-mir-33a,circulation,Metabolic Syndrome
hsa-mir-33a,circulation,Hyperlipoproteinemia Type III
hsa-mir-608,circulation,Lupus Vulgaris
hsa-mir-105,circulation,Breast Neoplasms
hsa-mir-105,circulation,Pelvic Inflammatory Disease
hsa-mir-28,circulation,Parkinson Disease
hsa-mir-28,circulation,Diabetic Retinopathy
hsa-mir-4306,circulation,Breast Neoplasms
hsa-mir-657,circulation,Lupus Vulgaris
hsa-mir-1323,circulation,Breast Neoplasms
hsa-mir-206,circulation,Lung Neoplasms
hsa-mir-206,circulation,Asthma
hsa-mir-206,circulation,Melanoma
hsa-mir-206,circulation,Myocardial Infarction
hsa-mir-206,circulation,Coronary Artery Disease
hsa-mir-206,circulation,Osteosarcoma
hsa-mir-454,circulation,Leukemia
hsa-mir-454,circulation,Heart Failure
hsa-mir-454,circulation,Glioma
hsa-mir-215,circulation,Lung Neoplasms
hsa-mir-215,circulation,Osteosarcoma
hsa-mir-1266,circulation,Psoriasis
hsa-mir-1266,circulation,Atrial Fibrillation
hsa-mir-5010,circulation,Alzheimer Disease
hsa-mir-4772,circulation,Sepsis
hsa-mir-557,circulation,Lupus Vulgaris
hsa-mir-383,circulation,Vasculitis
hsa-mir-545,circulation,Alzheimer Disease
hsa-mir-125b-2,circulation,Breast Neoplasms
hsa-mir-125b-2,circulation,Ovarian Neoplasms
hsa-mir-125b-2,circulation,Rectal Neoplasms
hsa-mir-26a-1,circulation,Parkinson Disease
hsa-mir-18a,circulation,Pancreatic Neoplasms
hsa-mir-18a,circulation,Lymphoma
hsa-mir-18a,circulation,Multiple Myeloma
hsa-mir-18a,circulation,Retinoblastoma
hsa-mir-18a,circulation,Cystic Fibrosis
hsa-mir-30a,circulation,Breast Neoplasms
hsa-mir-30a,circulation,Lupus Vulgaris
hsa-mir-30a,circulation,Melanoma
hsa-mir-30a,circulation,Heart Failure
hsa-mir-30a,circulation,Eosinophilic Esophagitis
hsa-mir-30a,circulation,Myocardial Infarction
hsa-mir-30a,circulation,Parkinson Disease
hsa-mir-30a,circulation,Obesity
hsa-mir-30a,circulation,Epilepsy
hsa-mir-30a,circulation,Nephrotic Syndrome
hsa-mir-30a,circulation,Glaucoma
hsa-mir-15a,circulation,Sepsis
hsa-mir-15a,circulation,Glioma
hsa-mir-15a,circulation,Kidney Neoplasms
hsa-mir-15a,circulation,Metabolic Syndrome
hsa-mir-15a,circulation,Epilepsy
hsa-mir-15a,circulation,Ischemia
hsa-mir-142,circulation,Retinal Degeneration
hsa-mir-142,circulation,Lupus Vulgaris
hsa-mir-142,circulation,Melanoma
hsa-mir-142,circulation,Heart Failure
hsa-mir-142,circulation,Alzheimer Disease
hsa-mir-142,circulation,Eosinophilic Esophagitis
hsa-mir-142,circulation,Coronary Artery Disease
hsa-mir-142,circulation,Acute Lung Injury
hsa-mir-142,circulation,Metabolic Syndrome
hsa-mir-142,circulation,Vasculitis
hsa-mir-142,circulation,Hirschsprung Disease
hsa-mir-142,circulation,Friedreich Ataxia
hsa-mir-142,circulation,Pelvic Inflammatory Disease
hsa-mir-199a,circulation,Lung Neoplasms
hsa-mir-199a,circulation,Ovarian Neoplasms
hsa-mir-199a,circulation,Melanoma
hsa-mir-199a,circulation,Diabetes Mellitus
hsa-mir-199a,circulation,Multiple Sclerosis
hsa-mir-199a,circulation,Parkinson Disease
hsa-mir-199a,circulation,Glioma
hsa-mir-199a,circulation,Osteosarcoma
hsa-mir-376c,circulation,Breast Neoplasms
hsa-mir-376c,circulation,Multiple Sclerosis
hsa-mir-148b,circulation,Lung Neoplasms
hsa-mir-148b,circulation,Asthma
hsa-mir-148b,circulation,Familial Mediterranean Fever
hsa-mir-718,circulation,Breast Neoplasms
hsa-mir-1288,circulation,Metabolic Syndrome
hsa-mir-127,circulation,Breast Neoplasms
hsa-mir-127,circulation,Thyroid Neoplasms
hsa-mir-127,circulation,Atherosclerosis
hsa-mir-181c,circulation,Myelodysplastic Syndromes
hsa-mir-181c,circulation,Alzheimer Disease
hsa-mir-181c,circulation,Myasthenia Gravis
hsa-mir-181c,circulation,Cholangiocarcinoma
hsa-mir-181c,circulation,Epilepsy
hsa-mir-638,circulation,Leukemia
hsa-mir-638,circulation,Lupus Vulgaris
hsa-mir-638,circulation,Atherosclerosis
hsa-mir-638,circulation,Lupus Nephritis
hsa-mir-638,circulation,Amyotrophic Lateral Sclerosis
hsa-mir-638,circulation,Hirschsprung Disease
hsa-mir-126,circulation,Leukemia
hsa-mir-126,circulation,Lung Neoplasms
hsa-mir-126,circulation,Diabetes Mellitus
hsa-mir-126,circulation,Mesothelioma
hsa-mir-126,circulation,Hypertension
hsa-mir-126,circulation,Multiple Sclerosis
hsa-mir-126,circulation,Parkinson Disease
hsa-mir-126,circulation,Crohn Disease
hsa-mir-126,circulation,Coronary Artery Disease
hsa-mir-126,circulation,Obesity
hsa-mir-126,circulation,Glioma
hsa-mir-126,circulation,Kidney Neoplasms
hsa-mir-126,circulation,Arteriosclerosis Obliterans
hsa-mir-126,circulation,Osteoarthritis
hsa-mir-126,circulation,Intermittent Claudication
hsa-mir-126,circulation,Diabetic Foot
hsa-mir-892a,circulation,Atrial Fibrillation
hsa-mir-204,circulation,Spinal Cord Injuries
hsa-mir-204,circulation,Aortic Valve Disease
hsa-mir-204,circulation,Frontotemporal Dementia
hsa-mir-22,circulation,Thyroid Neoplasms
hsa-mir-22,circulation,Atherosclerosis
hsa-mir-22,circulation,Melanoma
hsa-mir-22,circulation,Graves Disease
hsa-mir-22,circulation,Myocardial Infarction
hsa-mir-22,circulation,Endometriosis
hsa-mir-22,circulation,Multiple Sclerosis
hsa-mir-22,circulation,Parkinson Disease
hsa-mir-22,circulation,Stroke
hsa-mir-22,circulation,Glaucoma
hsa-mir-501,circulation,Melanoma
hsa-mir-301b,circulation,Acute Lung Injury
hsa-mir-154,circulation,Graves Disease
hsa-mir-30d,circulation,Lupus Vulgaris
hsa-mir-30d,circulation,Heart Failure
hsa-mir-30d,circulation,Multiple Myeloma
hsa-mir-30d,circulation,Glaucoma
hsa-mir-520g,circulation,Stroke
hsa-mir-1224,circulation,Lupus Nephritis
hsa-mir-29b-1,circulation,Eosinophilic Esophagitis
hsa-mir-29b-1,circulation,Parkinson Disease
hsa-mir-29b-1,circulation,Liver Cirrhosis
hsa-mir-328,circulation,Melanoma
hsa-mir-328,circulation,Heart Failure
hsa-mir-328,circulation,Myocardial Infarction
hsa-mir-328,circulation,Spinal Cord Injuries
hsa-mir-328,circulation,Atrial Fibrillation
hsa-mir-125b,circulation,Atherosclerosis
hsa-mir-125b,circulation,Alzheimer Disease
hsa-mir-125b,circulation,Myocardial Infarction
hsa-mir-125b,circulation,Multiple Myeloma
hsa-mir-125b,circulation,Spinal Cord Injuries
hsa-mir-125b,circulation,Anemia
hsa-mir-125b,circulation,Machado-Joseph Disease
hsa-mir-600,circulation,Lupus Vulgaris
hsa-mir-29b,circulation,Atherosclerosis
hsa-mir-29b,circulation,Diabetes Mellitus
hsa-mir-29b,circulation,Alzheimer Disease
hsa-mir-29b,circulation,Myocardial Infarction
hsa-mir-29b,circulation,Stroke
hsa-mir-29b,circulation,Glioma
hsa-mir-29b,circulation,Endometrial Neoplasms
hsa-mir-29b,circulation,Encephalitis
hsa-let-7i,circulation,Myelodysplastic Syndromes
hsa-let-7i,circulation,Melanoma
hsa-let-7i,circulation,Heart Failure
hsa-mir-629,circulation,Lupus Vulgaris
hsa-mir-218-2,circulation,Lymphoma
hsa-mir-769,circulation,Lupus Vulgaris
hsa-mir-378a,circulation,Leukemia
hsa-mir-378a,circulation,Melanoma
hsa-mir-4257,circulation,Breast Neoplasms
hsa-mir-518c,circulation,Lupus Vulgaris
hsa-mir-3074,circulation,Glaucoma
hsa-mir-181a-2,circulation,Breast Neoplasms
hsa-mir-181a-2,circulation,Leukemia
hsa-mir-181a-2,circulation,Myelodysplastic Syndromes
hsa-mir-181a-2,circulation,Melanoma
hsa-mir-181a-2,circulation,Lymphoma
hsa-mir-181a-2,circulation,Multiple Myeloma
hsa-mir-654,circulation,Lupus Vulgaris
hsa-mir-654,circulation,Lupus Nephritis
hsa-mir-7,circulation,Pancreatic Neoplasms
hsa-mir-7,circulation,Glioma
hsa-mir-20b,circulation,Breast Neoplasms
hsa-mir-20b,circulation,Melanoma
hsa-mir-20b,circulation,Heart Failure
hsa-mir-20b,circulation,Myasthenia Gravis
hsa-mir-20b,circulation,Spinal Cord Injuries
hsa-mir-4634,circulation,Breast Neoplasms
hsa-mir-1246,circulation,Breast Neoplasms
hsa-mir-1246,circulation,Melanoma
hsa-mir-1246,circulation,Pancreatic Neoplasms
hsa-mir-1246,circulation,Heart Failure
hsa-mir-1246,circulation,Esophageal Neoplasms
hsa-mir-320d,circulation,Breast Neoplasms
hsa-mir-542,circulation,Waldenstrom Macroglobulinemia
hsa-mir-330,circulation,Melanoma
hsa-mir-330,circulation,Friedreich Ataxia
hsa-mir-493,circulation,Lung Neoplasms
hsa-mir-16,circulation,Leukemia
hsa-mir-16,circulation,Melanoma
hsa-mir-16,circulation,Heart Failure
hsa-mir-16,circulation,Lymphoma
hsa-mir-16,circulation,Multiple Myeloma
hsa-mir-16,circulation,Spondylarthritis
hsa-mir-16,circulation,Gastrointestinal Neoplasms
hsa-mir-16,circulation,Liver Neoplasms
hsa-mir-16,circulation,Glaucoma
hsa-mir-16,circulation,Inflammatory Bowel Diseases
hsa-mir-16,circulation,Hearing Loss
hsa-mir-409,circulation,Breast Neoplasms
hsa-mir-1237,circulation,Metabolic Syndrome
hsa-mir-200b,circulation,Thyroid Neoplasms
hsa-mir-200b,circulation,Glomerulonephritis
hsa-mir-200b,circulation,Cholangiocarcinoma
hsa-mir-128-2,circulation,Lung Neoplasms
hsa-mir-128-2,circulation,Glioblastoma
hsa-mir-134,circulation,Lupus Vulgaris
hsa-mir-134,circulation,Pancreatic Neoplasms
hsa-mir-134,circulation,Myocardial Infarction
hsa-mir-134,circulation,Pulmonary Embolism
hsa-mir-141,circulation,Thyroid Neoplasms
hsa-mir-141,circulation,Ovarian Neoplasms
hsa-mir-141,circulation,Parkinson Disease
hsa-mir-141,circulation,Cholangiocarcinoma
hsa-mir-31,circulation,Lung Neoplasms
hsa-mir-31,circulation,Alzheimer Disease
hsa-mir-31,circulation,Endometriosis
hsa-mir-31,circulation,Foot-and-Mouth Disease
hsa-mir-191,circulation,Pancreatic Neoplasms
hsa-mir-191,circulation,Alzheimer Disease
hsa-mir-191,circulation,Multiple Sclerosis
hsa-mir-191,circulation,Crohn Disease
hsa-mir-191,circulation,Spinal Cord Injuries
hsa-mir-191,circulation,Osteosarcoma
hsa-mir-191,circulation,Liver Neoplasms
hsa-mir-224,circulation,Lymphoma
hsa-mir-224,circulation,Giant Cell Tumor of Bone
hsa-mir-224,circulation,Medulloblastoma
hsa-mir-224,circulation,Graves Ophthalmopathy
hsa-let-7a,circulation,Polycythemia Vera
hsa-let-7a,circulation,Diabetes Mellitus
hsa-let-7a,circulation,Parkinson Disease
hsa-let-7a,circulation,Lupus Nephritis
hsa-let-7a,circulation,Liver Neoplasms
hsa-let-7a,circulation,Diabetic Retinopathy
hsa-mir-325,circulation,Pelvic Inflammatory Disease
hsa-let-7e,circulation,Thyroid Neoplasms
hsa-let-7e,circulation,Myelodysplastic Syndromes
hsa-let-7e,circulation,Lupus Vulgaris
hsa-let-7e,circulation,Atherosclerosis
hsa-let-7e,circulation,Hypertension
hsa-let-7e,circulation,Retinoblastoma
hsa-mir-1307,circulation,Breast Neoplasms
hsa-mir-520h,circulation,Breast Neoplasms
hsa-mir-519d,circulation,Spinal Cord Injuries
hsa-mir-184,circulation,Lupus Vulgaris
hsa-mir-184,circulation,Glaucoma
hsa-mir-184,circulation,Tongue Neoplasms
hsa-mir-184,circulation,Waldenstrom Macroglobulinemia
hsa-mir-212,circulation,Hypertension
hsa-mir-212,circulation,Eosinophilic Esophagitis
hsa-mir-212,circulation,Inflammation
hsa-mir-196a,circulation,Pancreatic Neoplasms
hsa-mir-196a,circulation,Multiple Sclerosis
hsa-mir-26a,circulation,Atherosclerosis
hsa-mir-26a,circulation,Alzheimer Disease
hsa-mir-26a,circulation,Myocardial Infarction
hsa-mir-26a,circulation,Parkinson Disease
hsa-mir-26a,circulation,Stroke
hsa-mir-26a,circulation,Cholangiocarcinoma
hsa-mir-26a,circulation,Liver Neoplasms
hsa-mir-26a,circulation,Atrial Fibrillation
hsa-mir-6861,circulation,Breast Neoplasms
hsa-mir-19b,circulation,Breast Neoplasms
hsa-mir-19b,circulation,Multiple Myeloma
hsa-mir-19b,circulation,Coronary Artery Disease
hsa-mir-19b,circulation,Diabetic Cardiomyopathies
hsa-mir-182,circulation,Breast Neoplasms
hsa-mir-182,circulation,Polycythemia Vera
hsa-mir-182,circulation,Retinal Degeneration
hsa-mir-182,circulation,Atherosclerosis
hsa-mir-182,circulation,Sepsis
hsa-mir-182,circulation,Pancreatic Neoplasms
hsa-mir-182,circulation,Heart Failure
hsa-mir-182,circulation,Glioblastoma
hsa-mir-182,circulation,Acute Lung Injury
hsa-mir-182,circulation,Medulloblastoma
hsa-mir-381,circulation,Asthma
hsa-mir-938,circulation,Hirschsprung Disease
hsa-mir-3613,circulation,Liposarcoma
hsa-mir-571,circulation,Liver Cirrhosis
hsa-mir-146a,circulation,Glomerulonephritis
hsa-mir-146a,circulation,Pancreatic Neoplasms
hsa-mir-146a,circulation,Heart Failure
hsa-mir-146a,circulation,Diabetes Mellitus
hsa-mir-146a,circulation,Eosinophilic Esophagitis
hsa-mir-146a,circulation,Spinal Cord Injuries
hsa-mir-146a,circulation,Obesity
hsa-mir-146a,circulation,Lupus Nephritis
hsa-mir-146a,circulation,Autoimmune Lymphoproliferative Syndrome
hsa-mir-146a,circulation,Osteoarthritis
hsa-mir-146a,circulation,Peripheral Nervous System Diseases
hsa-mir-146a,circulation,Periodontitis
hsa-mir-520c,circulation,Melanoma
hsa-mir-520c,circulation,Metabolic Syndrome
hsa-mir-424,circulation,Breast Neoplasms
hsa-mir-424,circulation,Melanoma
hsa-mir-424,circulation,Hemangioma
hsa-mir-424,circulation,Myocardial Infarction
hsa-mir-424,circulation,Fragile X Syndrome
hsa-mir-193b,circulation,Leukemia
hsa-mir-193b,circulation,Pancreatic Neoplasms
hsa-mir-193b,circulation,Alzheimer Disease
hsa-mir-193b,circulation,Eosinophilic Esophagitis
hsa-mir-193b,circulation,Medulloblastoma
hsa-mir-365b,circulation,Lupus Vulgaris
hsa-mir-365b,circulation,Melanoma
hsa-mir-10a,circulation,Leukemia
hsa-mir-632,circulation,Frontotemporal Dementia
hsa-mir-30c,circulation,Polycythemia Vera
hsa-mir-30c,circulation,Multiple Sclerosis
hsa-mir-150,circulation,Polycythemia Vera
hsa-mir-150,circulation,Lupus Vulgaris
hsa-mir-150,circulation,Marek Disease
hsa-mir-150,circulation,Melanoma
hsa-mir-150,circulation,Pancreatic Neoplasms
hsa-mir-150,circulation,Lymphoma
hsa-mir-150,circulation,Hypertension
hsa-mir-150,circulation,Multiple Sclerosis
hsa-mir-150,circulation,Cholangiocarcinoma
hsa-mir-150,circulation,Spondylarthritis
hsa-mir-150,circulation,Irritable Bowel Syndrome
hsa-mir-518e,circulation,Melanoma
hsa-mir-518e,circulation,Parkinson Disease
hsa-mir-181b,circulation,Breast Neoplasms
hsa-mir-181b,circulation,Multiple Myeloma
hsa-mir-181b,circulation,Obesity
hsa-mir-181b,circulation,Diabetic Cardiomyopathies
hsa-mir-99a,circulation,Lupus Vulgaris
hsa-mir-99a,circulation,Melanoma
hsa-mir-99a,circulation,Endometrial Neoplasms
hsa-mir-637,circulation,Lupus Vulgaris
hsa-mir-660,circulation,Leukemia
hsa-mir-660,circulation,Myocardial Infarction
hsa-mir-660,circulation,Multiple Myeloma
hsa-mir-505,circulation,Breast Neoplasms
hsa-mir-505,circulation,Pancreatic Neoplasms
hsa-mir-505,circulation,Hypertension
hsa-mir-505,circulation,Inflammatory Bowel Diseases
hsa-mir-532,circulation,Diabetes Mellitus
hsa-mir-532,circulation,Alzheimer Disease
hsa-mir-532,circulation,Crohn Disease
hsa-mir-532,circulation,Obesity
hsa-mir-3149,circulation,Acute Coronary Syndrome
hsa-mir-3149,circulation,Atrial Fibrillation
hsa-mir-221,circulation,Polycythemia Vera
hsa-mir-221,circulation,Atherosclerosis
hsa-mir-221,circulation,Pancreatic Neoplasms
hsa-mir-221,circulation,Heart Failure
hsa-mir-221,circulation,Hypertrophy
hsa-mir-221,circulation,Glioblastoma
hsa-mir-221,circulation,Lymphoma
hsa-mir-221,circulation,Hypertension
hsa-mir-221,circulation,Multiple Myeloma
hsa-mir-221,circulation,Parkinson Disease
hsa-mir-221,circulation,Stroke
hsa-mir-221,circulation,Coronary Artery Disease
hsa-mir-221,circulation,Obesity
hsa-mir-221,circulation,Cholangiocarcinoma
hsa-mir-221,circulation,Lupus Nephritis
hsa-mir-221,circulation,Vasculitis
hsa-mir-221,circulation,Liver Neoplasms
hsa-mir-99b,circulation,Multiple Myeloma
hsa-mir-99b,circulation,Obesity
hsa-mir-128-1,circulation,Glioblastoma
hsa-mir-129-2,circulation,Metabolic Syndrome
hsa-mir-124,circulation,Stroke
hsa-mir-124,circulation,Glioma
hsa-let-7f-2,circulation,Myelodysplastic Syndromes
hsa-mir-365a,circulation,Lupus Vulgaris
hsa-mir-365a,circulation,Melanoma
hsa-mir-365a,circulation,Eosinophilic Esophagitis
hsa-mir-132,circulation,Breast Neoplasms
hsa-mir-132,circulation,Lung Neoplasms
hsa-mir-132,circulation,Ovarian Neoplasms
hsa-mir-132,circulation,Sepsis
hsa-mir-132,circulation,Mesothelioma
hsa-mir-132,circulation,Alzheimer Disease
hsa-mir-132,circulation,Hypertension
hsa-mir-132,circulation,Eosinophilic Esophagitis
hsa-mir-132,circulation,Stroke
hsa-mir-132,circulation,Obesity
hsa-mir-132,circulation,Pelvic Inflammatory Disease
hsa-mir-1249,circulation,Melanoma
hsa-mir-320b,circulation,Carotid Artery Diseases
hsa-mir-7-1,circulation,Eosinophilic Esophagitis
hsa-mir-9,circulation,Melanoma
hsa-mir-9,circulation,Parkinson Disease
hsa-mir-9,circulation,Stroke
hsa-mir-9,circulation,Glioma
hsa-mir-9,circulation,Amyotrophic Lateral Sclerosis
hsa-mir-596,circulation,Lupus Vulgaris
hsa-mir-24,circulation,Leukemia
hsa-mir-24,circulation,Lung Neoplasms
hsa-mir-24,circulation,Pancreatic Neoplasms
hsa-mir-24,circulation,Multiple Sclerosis
hsa-mir-24,circulation,Huntington Disease
hsa-mir-24,circulation,Glaucoma
hsa-mir-24,circulation,Hearing Loss
hsa-mir-410,circulation,Pelvic Inflammatory Disease
hsa-mir-296,circulation,Lupus Vulgaris
hsa-mir-296,circulation,Atherosclerosis
hsa-mir-296,circulation,Hypertension
hsa-mir-583,circulation,Lupus Vulgaris
hsa-mir-583,circulation,Stroke
hsa-mir-581,circulation,Stroke
hsa-mir-181b-2,circulation,Myelodysplastic Syndromes
hsa-mir-611,circulation,Lupus Vulgaris
hsa-mir-646,circulation,Melanoma
hsa-mir-10b,circulation,Breast Neoplasms
hsa-mir-10b,circulation,Leukemia
hsa-mir-10b,circulation,Choriocarcinoma
hsa-mir-10b,circulation,Melanoma
hsa-mir-10b,circulation,Huntington Disease
hsa-mir-137,circulation,Alzheimer Disease
hsa-mir-137,circulation,Glioma
hsa-mir-137,circulation,Rectal Neoplasms
hsa-mir-24-2,circulation,Breast Neoplasms
hsa-mir-103a-2,circulation,Mesothelioma
hsa-let-7f,circulation,Lung Neoplasms
hsa-let-7f,circulation,Ovarian Neoplasms
hsa-let-7f,circulation,Alzheimer Disease
hsa-mir-539,circulation,Azoospermia
hsa-mir-3171,circulation,Atrial Fibrillation
hsa-mir-509,circulation,Melanoma
hsa-mir-326,circulation,Multiple Sclerosis
hsa-mir-195,circulation,Lupus Vulgaris
hsa-mir-195,circulation,Myocardial Infarction
hsa-mir-195,circulation,Parkinson Disease
hsa-mir-195,circulation,Osteosarcoma
hsa-mir-519b,circulation,Melanoma
hsa-mir-362,circulation,Melanoma
hsa-mir-362,circulation,Crohn Disease
hsa-mir-362,circulation,Stroke
hsa-mir-362,circulation,Essential Hypertension
hsa-mir-362,circulation,Inflammatory Bowel Diseases
hsa-mir-4728,circulation,Breast Neoplasms
hsa-mir-511,circulation,Hepatic Veno-Occlusive Disease
hsa-mir-130a,circulation,Breast Neoplasms
hsa-mir-130a,circulation,Thyroid Neoplasms
hsa-mir-130a,circulation,Coronary Artery Disease
hsa-mir-130a,circulation,Spinal Cord Injuries
hsa-mir-130a,circulation,Obesity
hsa-mir-130a,circulation,Epilepsy
hsa-mir-130a,circulation,Moyamoya Disease
hsa-mir-133a,circulation,Sepsis
hsa-mir-133a,circulation,HELLP Syndrome
hsa-mir-133a,circulation,Acute Coronary Syndrome
hsa-mir-133a,circulation,Essential Hypertension
hsa-mir-335,circulation,Ovarian Neoplasms
hsa-mir-335,circulation,Multiple Myeloma
hsa-mir-335,circulation,Parkinson Disease
hsa-mir-335,circulation,Obesity
hsa-mir-100,circulation,Breast Neoplasms
hsa-mir-100,circulation,Atherosclerosis
hsa-mir-100,circulation,Esophageal Neoplasms
hsa-mir-100,circulation,Adrenal Cortex Neoplasms
hsa-mir-100,circulation,Acute Coronary Syndrome
hsa-mir-155,circulation,Breast Neoplasms
hsa-mir-155,circulation,Leukemia
hsa-mir-155,circulation,Lung Neoplasms
hsa-mir-155,circulation,Thyroid Neoplasms
hsa-mir-155,circulation,Polycythemia Vera
hsa-mir-155,circulation,Sepsis
hsa-mir-155,circulation,Glomerulonephritis
hsa-mir-155,circulation,Pancreatic Neoplasms
hsa-mir-155,circulation,Heart Failure
hsa-mir-155,circulation,Diabetes Mellitus
hsa-mir-155,circulation,Alzheimer Disease
hsa-mir-155,circulation,Myocardial Infarction
hsa-mir-155,circulation,Multiple Sclerosis
hsa-mir-155,circulation,Coronary Artery Disease
hsa-mir-155,circulation,Esophageal Neoplasms
hsa-mir-155,circulation,Psoriasis
hsa-mir-155,circulation,Osteoarthritis
hsa-mir-155,circulation,Peripheral Nervous System Diseases
hsa-mir-155,circulation,Periodontitis
hsa-mir-155,circulation,Inflammatory Bowel Diseases
hsa-mir-155,circulation,Waldenstrom Macroglobulinemia
hsa-mir-155,circulation,Idiopathic Pulmonary Fibrosis
hsa-mir-155,circulation,Pelvic Inflammatory Disease
hsa-mir-155,circulation,Stevens-Johnson Syndrome
hsa-mir-621,circulation,Melanoma
hsa-mir-422a,circulation,Melanoma
hsa-mir-422a,circulation,Multiple Sclerosis
hsa-mir-15b,circulation,Pituitary Neoplasms
hsa-mir-15b,circulation,Melanoma
hsa-mir-15b,circulation,Alzheimer Disease
hsa-mir-15b,circulation,Myasthenia Gravis
hsa-mir-15b,circulation,Multiple Sclerosis
hsa-mir-29c,circulation,Nasopharyngeal Neoplasms
hsa-mir-29c,circulation,Atherosclerosis
hsa-mir-29c,circulation,Diabetes Mellitus
hsa-mir-29c,circulation,Parkinson Disease
hsa-mir-29c,circulation,Obesity
hsa-mir-29c,circulation,Liver Cirrhosis
hsa-mir-29c,circulation,Glaucoma
hsa-mir-107,circulation,Melanoma
hsa-mir-107,circulation,Diabetes Mellitus
hsa-mir-107,circulation,Alzheimer Disease
hsa-mir-107,circulation,Crohn Disease
hsa-mir-107,circulation,Familial Mediterranean Fever
hsa-mir-107,circulation,Hirschsprung Disease
hsa-mir-626,circulation,Glioma
hsa-mir-26a-2,circulation,Parkinson Disease
hsa-mir-186,circulation,Melanoma
hsa-mir-186,circulation,Myocardial Infarction
hsa-mir-122,circulation,Breast Neoplasms
hsa-mir-122,circulation,Sepsis
hsa-mir-122,circulation,Pancreatic Neoplasms
hsa-mir-122,circulation,Myasthenia Gravis
hsa-mir-122,circulation,Coronary Artery Disease
hsa-mir-122,circulation,Obesity
hsa-mir-122,circulation,Metabolic Syndrome
hsa-mir-122,circulation,HELLP Syndrome
hsa-mir-122,circulation,Acute Coronary Syndrome
hsa-mir-18b,circulation,Breast Neoplasms
hsa-mir-18b,circulation,Lymphoma
hsa-mir-18b,circulation,Rectal Neoplasms
hsa-mir-181d,circulation,Myelodysplastic Syndromes
hsa-mir-181d,circulation,Pancreatic Neoplasms
hsa-mir-1915,circulation,Breast Neoplasms
hsa-mir-500a,circulation,Lupus Vulgaris
hsa-mir-6875,circulation,Breast Neoplasms
hsa-mir-375,circulation,Heart Failure
hsa-mir-375,circulation,Eosinophilic Esophagitis
hsa-mir-375,circulation,Obesity
hsa-mir-375,circulation,Acute Coronary Syndrome
hsa-mir-433,circulation,Lupus Vulgaris
hsa-mir-518b,circulation,Lupus Vulgaris
hsa-mir-25,circulation,Pancreatic Neoplasms
hsa-mir-25,circulation,Heart Failure
hsa-mir-25,circulation,Multiple Myeloma
hsa-mir-25,circulation,Coronary Artery Disease
hsa-mir-25,circulation,Esophageal Neoplasms
hsa-mir-25,circulation,Machado-Joseph Disease
hsa-mir-205,circulation,Breast Neoplasms
hsa-mir-205,circulation,Ovarian Neoplasms
hsa-mir-205,circulation,Pancreatic Neoplasms
hsa-mir-205,circulation,Glioma
hsa-mir-205,circulation,Glaucoma
hsa-mir-23b,circulation,Osteoporosis
hsa-mir-27b,circulation,Atherosclerosis
hsa-mir-27b,circulation,Stroke
hsa-mir-27b,circulation,Diabetic Retinopathy
hsa-mir-1260a,circulation,Melanoma
hsa-mir-151a,circulation,Thyroid Neoplasms
hsa-mir-151a,circulation,Alzheimer Disease
hsa-mir-151a,circulation,Parkinson Disease
hsa-mir-151a,circulation,Lupus Nephritis
hsa-mir-151a,circulation,Esophageal Neoplasms
hsa-mir-151a,circulation,Friedreich Ataxia
hsa-mir-16-1,circulation,Breast Neoplasms
hsa-mir-16-1,circulation,Polycythemia Vera
hsa-mir-16-1,circulation,Myelodysplastic Syndromes
hsa-mir-16-1,circulation,Sepsis
hsa-mir-16-1,circulation,Crohn Disease
hsa-mir-194,circulation,Myelodysplastic Syndromes
hsa-mir-194,circulation,Diabetes Mellitus
hsa-mir-194,circulation,Cholangiocarcinoma
hsa-mir-194,circulation,Epilepsy
hsa-mir-34b,circulation,Machado-Joseph Disease
hsa-mir-34b,circulation,Huntington Disease
hsa-let-7d,circulation,Myelodysplastic Syndromes
hsa-let-7d,circulation,Melanoma
hsa-let-7d,circulation,Pancreatic Neoplasms
hsa-let-7d,circulation,Glioblastoma
hsa-let-7d,circulation,Alzheimer Disease
hsa-let-7d,circulation,Familial Mediterranean Fever
hsa-let-7d,circulation,Epilepsy
hsa-mir-379,circulation,Multiple Sclerosis
hsa-mir-138,circulation,Lung Neoplasms
hsa-mir-138,circulation,Ovarian Neoplasms
hsa-mir-139,circulation,Breast Neoplasms
hsa-mir-346,circulation,Lupus Vulgaris
hsa-mir-346,circulation,Arthritis
hsa-mir-214,circulation,Arthritis
hsa-mir-519a,circulation,Parkinson Disease
hsa-mir-1825,circulation,Pancreatic Neoplasms
hsa-mir-1825,circulation,Glioma
hsa-mir-1469,circulation,Breast Neoplasms
hsa-mir-575,circulation,Leukemia
hsa-mir-575,circulation,Lupus Vulgaris
hsa-mir-429,circulation,Glomerulonephritis
hsa-mir-429,circulation,Hirschsprung Disease
hsa-mir-222,circulation,Atherosclerosis
hsa-mir-222,circulation,Heart Failure
hsa-mir-222,circulation,Glioblastoma
hsa-mir-222,circulation,Eosinophilic Esophagitis
hsa-mir-222,circulation,Coronary Artery Disease
hsa-mir-222,circulation,Cholangiocarcinoma
hsa-mir-222,circulation,Metabolic Syndrome
hsa-mir-4487,circulation,Melanoma
hsa-mir-298,circulation,Stroke
hsa-mir-298,circulation,Pelvic Inflammatory Disease
hsa-mir-20a,circulation,Nasopharyngeal Neoplasms
hsa-mir-20a,circulation,Glioblastoma
hsa-mir-20a,circulation,Lymphoma
hsa-mir-20a,circulation,Myocardial Infarction
hsa-mir-20a,circulation,Multiple Myeloma
hsa-mir-20a,circulation,Endometriosis
hsa-mir-20a,circulation,Rectal Neoplasms
hsa-mir-20a,circulation,Vasculitis
hsa-mir-642a,circulation,Lupus Vulgaris
hsa-mir-642a,circulation,Osteosarcoma
hsa-mir-885,circulation,Pancreatic Neoplasms
hsa-mir-885,circulation,Alzheimer Disease
hsa-mir-885,circulation,Myasthenia Gravis
hsa-mir-885,circulation,Hirschsprung Disease
hsa-mir-124-3,circulation,Stroke
hsa-mir-7-2,circulation,Atherosclerosis
hsa-mir-7-2,circulation,Eosinophilic Esophagitis
hsa-mir-516a,circulation,Breast Neoplasms
hsa-mir-658,circulation,Lupus Vulgaris
hsa-mir-4279,circulation,Atrial Fibrillation
hsa-mir-143,circulation,Polycythemia Vera
hsa-mir-143,circulation,Sepsis
hsa-mir-143,circulation,Alzheimer Disease
hsa-mir-143,circulation,Hypertension
hsa-mir-143,circulation,Endometriosis
hsa-mir-143,circulation,Obesity
hsa-mir-143,circulation,Metabolic Syndrome
hsa-mir-143,circulation,Psoriasis
hsa-mir-143,circulation,Hyperhomocysteinemia
hsa-mir-125b-1,circulation,Myelodysplastic Syndromes
hsa-mir-125b-1,circulation,Rectal Neoplasms
hsa-mir-1285,circulation,Alzheimer Disease
hsa-mir-486,circulation,Lupus Vulgaris
hsa-mir-486,circulation,Sepsis
hsa-mir-486,circulation,Obesity
hsa-mir-486,circulation,Acute Coronary Syndrome
hsa-mir-339,circulation,Leukemia
hsa-mir-339,circulation,Eosinophilic Esophagitis
hsa-mir-339,circulation,Amyloidosis
hsa-mir-455,circulation,Alzheimer Disease
hsa-mir-455,circulation,Osteoarthritis
hsa-mir-452,circulation,Breast Neoplasms
hsa-mir-452,circulation,Melanoma
hsa-mir-452,circulation,Medulloblastoma
hsa-mir-636,circulation,Pancreatic Neoplasms
hsa-mir-148a,circulation,Asthma
hsa-mir-148a,circulation,Multiple Myeloma
hsa-mir-148a,circulation,Osteosarcoma
hsa-mir-148a,circulation,Medulloblastoma
hsa-mir-628,circulation,Pancreatic Neoplasms
hsa-mir-106a,circulation,Pancreatic Neoplasms
hsa-mir-106a,circulation,Glioblastoma
hsa-mir-106a,circulation,Myocardial Infarction
hsa-mir-106a,circulation,Crohn Disease
hsa-mir-106a,circulation,Cholangiocarcinoma
hsa-mir-106a,circulation,Bicuspid Aortic Valve Disease
hsa-mir-106a,circulation,Inflammatory Bowel Diseases
hsa-mir-523,circulation,Metabolic Syndrome
hsa-mir-671,circulation,Myelodysplastic Syndromes
hsa-mir-744,circulation,Pancreatic Neoplasms
hsa-mir-151b,circulation,Thyroid Neoplasms
hsa-mir-301a,circulation,Breast Neoplasms
hsa-mir-301a,circulation,Alzheimer Disease
hsa-mir-301a,circulation,Parkinson Disease
hsa-mir-376a,circulation,Breast Neoplasms
hsa-mir-181a,circulation,Multiple Myeloma
hsa-mir-181a,circulation,Osteoarthritis
hsa-mir-584,circulation,Melanoma
hsa-mir-33b,circulation,Multiple Myeloma
hsa-mir-33b,circulation,Hyperlipoproteinemia Type III
hsa-mir-567,circulation,Breast Neoplasms
hsa-mir-369,circulation,Psoriasis
hsa-mir-369,circulation,Hirschsprung Disease
hsa-mir-323a,circulation,Friedreich Ataxia
hsa-mir-93,circulation,Lung Neoplasms
hsa-mir-93,circulation,Heart Failure
hsa-mir-93,circulation,Alzheimer Disease
hsa-mir-93,circulation,Glioma
hsa-mir-93,circulation,Gastrointestinal Neoplasms
hsa-mir-93,circulation,Tuberculosis
hsa-mir-625,circulation,Breast Neoplasms
hsa-mir-625,circulation,Melanoma
hsa-mir-625,circulation,Mesothelioma
hsa-mir-625,circulation,Multiple Myeloma
hsa-mir-625,circulation,Metabolic Syndrome
hsa-mir-625,circulation,Friedreich Ataxia
hsa-mir-19b-2,circulation,Lymphoma
hsa-mir-19b-2,circulation,Parkinson Disease
hsa-mir-19b-1,circulation,Leukemia
hsa-mir-19b-1,circulation,Lymphoma
hsa-mir-19b-1,circulation,Parkinson Disease
hsa-mir-372,circulation,Testicular Neoplasms
hsa-mir-592,circulation,Eosinophilic Esophagitis
hsa-mir-29a,circulation,Breast Neoplasms
hsa-mir-29a,circulation,Atherosclerosis
hsa-mir-29a,circulation,Heart Failure
hsa-mir-29a,circulation,Parkinson Disease
hsa-mir-29a,circulation,Crohn Disease
hsa-mir-29a,circulation,Spinal Stenosis
hsa-mir-29a,circulation,Liver Cirrhosis
hsa-mir-29a,circulation,Machado-Joseph Disease
hsa-mir-29a,circulation,Vasculitis
hsa-mir-29a,circulation,Glaucoma
hsa-mir-29a,circulation,Acquired Immunodeficiency Syndrome
hsa-mir-576,circulation,Glioma
hsa-mir-561,circulation,Multiple Myeloma
hsa-mir-340,circulation,Obesity
hsa-mir-340,circulation,Glioma
hsa-mir-30b,circulation,Polycythemia Vera
hsa-mir-30b,circulation,Atherosclerosis
hsa-mir-30b,circulation,Heart Failure
hsa-mir-30b,circulation,Parkinson Disease
hsa-mir-30b,circulation,Stroke
hsa-mir-30b,circulation,Spinal Cord Injuries
hsa-mir-30b,circulation,Amyotrophic Lateral Sclerosis
hsa-mir-30b,circulation,Diabetic Retinopathy
hsa-mir-338,circulation,Amyotrophic Lateral Sclerosis
hsa-mir-338,circulation,Huntington Disease
hsa-mir-21,circulation,Leukemia
hsa-mir-21,circulation,Ovarian Neoplasms
hsa-mir-21,circulation,Polycythemia Vera
hsa-mir-21,circulation,Myelodysplastic Syndromes
hsa-mir-21,circulation,Glomerulonephritis
hsa-mir-21,circulation,Diabetes Mellitus
hsa-mir-21,circulation,Hypertrophy
hsa-mir-21,circulation,Lymphoma
hsa-mir-21,circulation,Eosinophilic Esophagitis
hsa-mir-21,circulation,Multiple Myeloma
hsa-mir-21,circulation,Stroke
hsa-mir-21,circulation,Coronary Artery Disease
hsa-mir-21,circulation,Familial Mediterranean Fever
hsa-mir-21,circulation,Lupus Nephritis
hsa-mir-21,circulation,Kidney Neoplasms
hsa-mir-21,circulation,Biliary Tract Neoplasms
hsa-mir-21,circulation,Psoriasis
hsa-mir-21,circulation,Acute Coronary Syndrome
hsa-mir-21,circulation,Epilepsy
hsa-mir-21,circulation,Essential Hypertension
hsa-mir-21,circulation,Digestive System Neoplasms
hsa-mir-21,circulation,Autoimmune Lymphoproliferative Syndrome
hsa-mir-21,circulation,Hepatoblastoma
hsa-mir-21,circulation,Atrial Fibrillation
hsa-mir-21,circulation,Peripheral Nervous System Diseases
hsa-mir-21,circulation,Inflammatory Bowel Diseases
hsa-mir-21,circulation,Diabetic Retinopathy
hsa-mir-21,circulation,Hepatic Veno-Occlusive Disease
hsa-mir-21,circulation,Frailty
hsa-mir-21,circulation,Brain Neoplasms
hsa-mir-21,circulation,Focal Epithelial Hyperplasia
hsa-mir-21,circulation,Neurilemmoma
hsa-mir-21,circulation,Idiopathic Pulmonary Fibrosis
hsa-mir-509-3,circulation,Melanoma
hsa-mir-499a,circulation,Myocardial Infarction
hsa-mir-96,circulation,Breast Neoplasms
hsa-mir-96,circulation,Lung Neoplasms
hsa-mir-96,circulation,Retinal Degeneration
hsa-mir-96,circulation,Pancreatic Neoplasms
hsa-mir-96,circulation,Medulloblastoma
hsa-mir-146b,circulation,Asthma
hsa-mir-146b,circulation,Atherosclerosis
hsa-mir-146b,circulation,Hypertension
hsa-mir-146b,circulation,Eosinophilic Esophagitis
hsa-mir-146b,circulation,Multiple Sclerosis
hsa-mir-146b,circulation,Stroke
hsa-mir-146b,circulation,Psoriasis
hsa-mir-146b,circulation,Hirschsprung Disease
hsa-mir-1908,circulation,Atherosclerosis
hsa-mir-135b,circulation,Parkinson Disease
hsa-mir-1471,circulation,Breast Neoplasms
hsa-mir-922,circulation,Breast Neoplasms
hsa-mir-297,circulation,Sepsis
hsa-mir-1,circulation,Acute Coronary Syndrome
hsa-mir-1,circulation,Essential Hypertension
hsa-mir-1,circulation,Atrial Fibrillation
hsa-mir-602,circulation,Lupus Vulgaris
hsa-mir-517a,circulation,Melanoma
hsa-mir-202,circulation,Breast Neoplasms
hsa-mir-202,circulation,Glaucoma
hsa-mir-211,circulation,Pancreatic Neoplasms
hsa-mir-211,circulation,Heart Failure
hsa-mir-211,circulation,Eosinophilic Esophagitis
hsa-mir-648,circulation,Multiple Sclerosis
hsa-mir-942,circulation,Nephrotic Syndrome
hsa-mir-34a,circulation,Atherosclerosis
hsa-mir-34a,circulation,Heart Failure
hsa-mir-34a,circulation,Hypertension
hsa-mir-34a,circulation,Multiple Sclerosis
hsa-mir-34a,circulation,Vasculitis
hsa-mir-3186,circulation,Breast Neoplasms
hsa-mir-622,circulation,Lupus Vulgaris
hsa-mir-593,circulation,Melanoma
hsa-mir-140,circulation,Breast Neoplasms
hsa-mir-140,circulation,Myasthenia Gravis
hsa-mir-140,circulation,Metabolic Syndrome
hsa-mir-140,circulation,Osteoporosis
hsa-mir-223,circulation,Leukemia
hsa-mir-223,circulation,Ovarian Neoplasms
hsa-mir-223,circulation,Polycythemia Vera
hsa-mir-223,circulation,Nasopharyngeal Neoplasms
hsa-mir-223,circulation,Lupus Vulgaris
hsa-mir-223,circulation,Marek Disease
hsa-mir-223,circulation,Choriocarcinoma
hsa-mir-223,circulation,Pancreatic Neoplasms
hsa-mir-223,circulation,Heart Failure
hsa-mir-223,circulation,Diabetes Mellitus
hsa-mir-223,circulation,Hypertension
hsa-mir-223,circulation,Eosinophilic Esophagitis
hsa-mir-223,circulation,Myocardial Infarction
hsa-mir-223,circulation,Coronary Artery Disease
hsa-mir-223,circulation,Obesity
hsa-mir-223,circulation,Psoriasis
hsa-mir-223,circulation,Acute Coronary Syndrome
hsa-mir-223,circulation,Tuberculosis
hsa-mir-223,circulation,Liver Neoplasms
hsa-mir-223,circulation,Osteoarthritis
hsa-mir-223,circulation,Dementia
hsa-mir-223,circulation,Inflammatory Bowel Diseases
hsa-mir-223,circulation,Pelvic Inflammatory Disease
hsa-mir-449a,circulation,Parkinson Disease
hsa-mir-449a,circulation,Celiac Disease
hsa-mir-30c-1,circulation,Ovarian Neoplasms
hsa-mir-30c-1,circulation,Parkinson Disease
hsa-mir-128,circulation,Leukemia
hsa-mir-128,circulation,Multiple Sclerosis
hsa-mir-128,circulation,Huntington Disease
hsa-mir-128,circulation,Friedreich Ataxia
hsa-mir-2110,circulation,Amyotrophic Lateral Sclerosis
hsa-mir-874,circulation,Breast Neoplasms
hsa-mir-941,circulation,Stroke
hsa-mir-941,circulation,Azoospermia
hsa-mir-4449,circulation,Multiple Myeloma
hsa-mir-136,circulation,Alzheimer Disease
hsa-mir-136,circulation,Amyotrophic Lateral Sclerosis
hsa-mir-574,circulation,Breast Neoplasms
hsa-mir-574,circulation,Sepsis
hsa-mir-574,circulation,Coronary Artery Disease
hsa-mir-574,circulation,Fragile X Syndrome
hsa-let-7c,circulation,Breast Neoplasms
hsa-let-7c,circulation,Myelodysplastic Syndromes
hsa-let-7c,circulation,Eosinophilic Esophagitis
hsa-let-7c,circulation,Multiple Myeloma
hsa-let-7c,circulation,Down Syndrome
hsa-mir-494,circulation,Lung Neoplasms
hsa-mir-494,circulation,Lupus Vulgaris
hsa-mir-494,circulation,Prion Diseases
hsa-mir-494,circulation,Waldenstrom Macroglobulinemia
hsa-mir-374b,circulation,Parkinson Disease
hsa-mir-144,circulation,Breast Neoplasms
hsa-mir-144,circulation,Eosinophilic Esophagitis
hsa-mir-144,circulation,Myocardial Infarction
hsa-mir-144,circulation,Coronary Artery Disease
hsa-mir-144,circulation,Familial Mediterranean Fever
hsa-mir-144,circulation,Metabolic Syndrome
hsa-mir-144,circulation,Glaucoma
hsa-let-7a-2,circulation,Breast Neoplasms
hsa-let-7a-2,circulation,Myelodysplastic Syndromes
hsa-let-7a-2,circulation,Lupus Vulgaris
hsa-mir-9-3,circulation,Breast Neoplasms
hsa-mir-9-3,circulation,Alzheimer Disease
hsa-mir-9-3,circulation,Waldenstrom Macroglobulinemia
hsa-mir-197,circulation,Breast Neoplasms
hsa-mir-197,circulation,Lung Neoplasms
hsa-mir-197,circulation,Lupus Vulgaris
hsa-mir-197,circulation,Myocardial Infarction
hsa-mir-197,circulation,Coronary Artery Disease
hsa-mir-484,circulation,Lupus Vulgaris
hsa-mir-484,circulation,Pancreatic Neoplasms
hsa-mir-484,circulation,Obesity
hsa-mir-484,circulation,Metabolic Syndrome
hsa-mir-185,circulation,Lupus Vulgaris
hsa-mir-185,circulation,Melanoma
hsa-mir-185,circulation,Myasthenia Gravis
hsa-mir-185,circulation,Hearing Loss
hsa-let-7g,circulation,Breast Neoplasms
hsa-let-7g,circulation,Myelodysplastic Syndromes
hsa-let-7g,circulation,Alzheimer Disease
hsa-let-7g,circulation,Myocardial Infarction
hsa-let-7g,circulation,Multiple Sclerosis
hsa-let-7g,circulation,Glioma
hsa-let-7g,circulation,Osteoporosis
hsa-mir-495,circulation,Lung Neoplasms
hsa-mir-495,circulation,Diabetes Mellitus
hsa-mir-17,circulation,Nasopharyngeal Neoplasms
hsa-mir-17,circulation,Atherosclerosis
hsa-mir-17,circulation,Hypertension
hsa-mir-17,circulation,Myocardial Infarction
hsa-mir-17,circulation,Multiple Myeloma
hsa-mir-17,circulation,Endometriosis
hsa-mir-17,circulation,Coronary Artery Disease
hsa-mir-17,circulation,Obesity
hsa-mir-17,circulation,Kidney Neoplasms
hsa-mir-17,circulation,Bicuspid Aortic Valve Disease
hsa-mir-30e,circulation,Lung Neoplasms
hsa-mir-30e,circulation,Atherosclerosis
hsa-mir-30e,circulation,Melanoma
hsa-mir-30e,circulation,Heart Failure
hsa-mir-30e,circulation,Stroke
hsa-mir-371a,circulation,Lupus Nephritis
hsa-mir-371a,circulation,Testicular Neoplasms
hsa-mir-92a-1,circulation,Breast Neoplasms
hsa-mir-92a-1,circulation,Leukemia
hsa-mir-92a-1,circulation,Heart Failure
hsa-mir-92a-1,circulation,Lymphoma
hsa-mir-92a-1,circulation,Eosinophilic Esophagitis
hsa-mir-92a-1,circulation,Myocardial Infarction
hsa-mir-92a-1,circulation,Multiple Myeloma
hsa-mir-199b,circulation,Leukemia
hsa-mir-199b,circulation,Choriocarcinoma
hsa-mir-199b,circulation,Parkinson Disease
hsa-mir-199b,circulation,Endometrial Neoplasms
hsa-mir-373,circulation,Breast Neoplasms
hsa-mir-373,circulation,Melanoma
hsa-mir-373,circulation,Testicular Neoplasms
hsa-mir-361,circulation,Melanoma
hsa-mir-361,circulation,Essential Hypertension
hsa-mir-198,circulation,Lung Neoplasms
hsa-mir-198,circulation,Lupus Vulgaris
hsa-mir-152,circulation,Lung Neoplasms
hsa-mir-503,circulation,Diabetes Mellitus
hsa-mir-503,circulation,Coronary Artery Disease
hsa-mir-503,circulation,Acute Lung Injury
hsa-mir-133b,circulation,Lung Neoplasms
hsa-mir-133b,circulation,Retinal Degeneration
hsa-mir-133b,circulation,Atherosclerosis
hsa-mir-133b,circulation,Hypertension
hsa-mir-133b,circulation,Myocardial Infarction
hsa-mir-133b,circulation,Osteosarcoma
hsa-mir-133b,circulation,Acute Coronary Syndrome
hsa-mir-133b,circulation,Atrial Fibrillation
hsa-mir-129-1,circulation,Metabolic Syndrome
hsa-let-7b,circulation,Breast Neoplasms
hsa-let-7b,circulation,Leukemia
hsa-let-7b,circulation,Ovarian Neoplasms
hsa-let-7b,circulation,Myelodysplastic Syndromes
hsa-let-7b,circulation,Atherosclerosis
hsa-let-7b,circulation,Heart Failure
hsa-let-7b,circulation,Graves Disease
hsa-let-7b,circulation,Myocardial Infarction
hsa-let-7b,circulation,Multiple Myeloma
hsa-let-7b,circulation,Crohn Disease
hsa-let-7b,circulation,Stroke
hsa-let-7b,circulation,Amyotrophic Lateral Sclerosis
hsa-mir-145,circulation,Polycythemia Vera
hsa-mir-145,circulation,Pancreatic Neoplasms
hsa-mir-145,circulation,Heart Failure
hsa-mir-145,circulation,Hypertension
hsa-mir-145,circulation,Endometriosis
hsa-mir-145,circulation,Myasthenia Gravis
hsa-mir-145,circulation,Multiple Sclerosis
hsa-mir-145,circulation,Stroke
hsa-mir-145,circulation,Coronary Artery Disease
hsa-mir-145,circulation,Hyperhomocysteinemia
hsa-mir-183,circulation,Breast Neoplasms
hsa-mir-183,circulation,Lung Neoplasms
hsa-mir-183,circulation,Asthma
hsa-mir-183,circulation,Retinal Degeneration
hsa-mir-183,circulation,Melanoma
hsa-mir-183,circulation,Acute Lung Injury
hsa-mir-183,circulation,Kidney Neoplasms
hsa-mir-183,circulation,Tuberculosis
hsa-mir-183,circulation,Medulloblastoma
hsa-mir-513b,circulation,Liver Cirrhosis
hsa-mir-106b,circulation,Heart Failure
hsa-mir-106b,circulation,Eosinophilic Esophagitis
hsa-mir-106b,circulation,Epilepsy
hsa-mir-106b,circulation,Ependymoma
hsa-mir-363,circulation,Waldenstrom Macroglobulinemia
hsa-mir-320a,circulation,Heart Failure
hsa-mir-320a,circulation,Multiple Sclerosis
hsa-mir-320a,circulation,Osteosarcoma
hsa-mir-320a,circulation,Osteoarthritis
hsa-mir-24-1,circulation,Breast Neoplasms
hsa-mir-23a,circulation,Breast Neoplasms
hsa-mir-23a,circulation,Lupus Vulgaris
hsa-mir-23a,circulation,Multiple Sclerosis
hsa-mir-23a,circulation,Crohn Disease
hsa-mir-23a,circulation,Epilepsy
hsa-mir-23a,circulation,Huntington Disease
hsa-mir-23a,circulation,Atrial Fibrillation
hsa-mir-586,circulation,Nephrotic Syndrome
hsa-mir-590,circulation,Alzheimer Disease
hsa-mir-590,circulation,Glioma
hsa-mir-27a,circulation,Leukemia
hsa-mir-27a,circulation,Sepsis
hsa-mir-27a,circulation,Heart Failure
hsa-mir-27a,circulation,Multiple Sclerosis
hsa-mir-27a,circulation,Osteosarcoma
hsa-mir-483,circulation,Sepsis
hsa-mir-483,circulation,Pancreatic Neoplasms
hsa-mir-483,circulation,Alzheimer Disease
hsa-mir-483,circulation,Cholangiocarcinoma
hsa-mir-483,circulation,Adrenal Cortex Neoplasms
hsa-mir-483,circulation,Frailty
hsa-mir-496,circulation,Amyotrophic Lateral Sclerosis
hsa-mir-514a,circulation,Melanoma
hsa-mir-29b-2,circulation,Alzheimer Disease
hsa-mir-29b-2,circulation,Eosinophilic Esophagitis
hsa-mir-29b-2,circulation,Parkinson Disease
hsa-mir-29b-2,circulation,Liver Cirrhosis
hsa-mir-767,circulation,Melanoma
hsa-mir-614,circulation,Multiple Sclerosis
hsa-mir-708,circulation,Breast Neoplasms
hsa-mir-4731,circulation,Melanoma
hsa-mir-299,circulation,Breast Neoplasms
hsa-mir-299,circulation,Heart Failure
hsa-mir-299,circulation,Parkinson Disease
hsa-mir-652,circulation,Breast Neoplasms
hsa-mir-652,circulation,Obesity
hsa-mir-652,circulation,Liver Cirrhosis
hsa-mir-652,circulation,Acute Coronary Syndrome
hsa-mir-601,circulation,Lupus Vulgaris
hsa-mir-208b,circulation,Lupus Vulgaris
hsa-mir-208b,circulation,Hypertension
hsa-mir-208b,circulation,Essential Hypertension
hsa-mir-92a,circulation,Leukemia
hsa-mir-92a,circulation,Hypertension
hsa-mir-92a,circulation,Coronary Artery Disease
hsa-mir-92a,circulation,Obesity
hsa-mir-92a,circulation,Acute Coronary Syndrome
hsa-mir-92a,circulation,Vasculitis
hsa-mir-4666a,circulation,Atrial Fibrillation
hsa-mir-200a,circulation,Thyroid Neoplasms
hsa-mir-200a,circulation,Choriocarcinoma
hsa-mir-200a,circulation,Glomerulonephritis
hsa-mir-135a,circulation,Parkinson Disease
hsa-mir-135a,circulation,Pelvic Inflammatory Disease
hsa-mir-208a,circulation,Breast Neoplasms
hsa-mir-208a,circulation,Heart Failure
hsa-mir-208a,circulation,Coronary Artery Disease
hsa-mir-208a,circulation,Chagas Disease
hsa-mir-506,circulation,Melanoma
hsa-mir-612,circulation,Lupus Vulgaris
hsa-mir-125a,circulation,Leukemia
hsa-mir-125a,circulation,Lung Neoplasms
hsa-mir-125a,circulation,Atherosclerosis
hsa-mir-125a,circulation,Melanoma
hsa-mir-125a,circulation,Heart Failure
hsa-mir-125a,circulation,Lupus Nephritis
hsa-mir-125a,circulation,Acute Coronary Syndrome
hsa-mir-98,circulation,Lung Neoplasms
hsa-mir-98,circulation,Alzheimer Disease
hsa-mir-192,circulation,Choriocarcinoma
hsa-mir-192,circulation,Pancreatic Neoplasms
hsa-mir-192,circulation,Heart Failure
hsa-mir-192,circulation,Diabetes Mellitus
hsa-mir-192,circulation,Myasthenia Gravis
hsa-mir-192,circulation,Cholangiocarcinoma
hsa-mir-192,circulation,Nephrotic Syndrome
hsa-mir-30c-2,circulation,Ovarian Neoplasms
hsa-mir-30c-2,circulation,Parkinson Disease
hsa-mir-524,circulation,Stroke
hsa-mir-4706,circulation,Melanoma
hsa-mir-342,circulation,Sepsis
hsa-mir-342,circulation,Melanoma
hsa-mir-342,circulation,Heart Failure
hsa-mir-342,circulation,Glioblastoma
hsa-mir-342,circulation,Alzheimer Disease
hsa-mir-342,circulation,Irritable Bowel Syndrome
hsa-mir-342,circulation,Prion Diseases
hsa-let-7a-3,circulation,Breast Neoplasms
hsa-let-7a-3,circulation,Myelodysplastic Syndromes
hsa-let-7a-3,circulation,Lupus Vulgaris
hsa-mir-615,circulation,Lupus Vulgaris
hsa-mir-4454,circulation,Familial Mediterranean Fever
hsa-mir-331,circulation,Leukemia
hsa-mir-331,circulation,Multiple Myeloma
hsa-mir-331,circulation,Metabolic Syndrome
hsa-mir-331,circulation,Amyotrophic Lateral Sclerosis
hsa-mir-572,circulation,Multiple Sclerosis
hsa-mir-376b,circulation,Graves Disease
hsa-mir-663a,circulation,Leukemia
hsa-mir-663a,circulation,Lupus Vulgaris
hsa-mir-663a,circulation,Lupus Nephritis
hsa-mir-4448,circulation,Glaucoma
hsa-mir-2355,circulation,Breast Neoplasms
hsa-mir-103a,circulation,Alzheimer Disease
hsa-mir-103a,circulation,Spinal Cord Injuries
hsa-mir-200c,circulation,Ovarian Neoplasms
hsa-mir-200c,circulation,Lupus Vulgaris
hsa-mir-200c,circulation,Crohn Disease
hsa-mir-200c,circulation,Cholangiocarcinoma
hsa-mir-19a,circulation,Leukemia
hsa-mir-19a,circulation,Lymphoma
hsa-mir-19a,circulation,Multiple Sclerosis
hsa-mir-19a,circulation,Glaucoma
hsa-let-7f-1,tissue,Breast Neoplasms
hsa-let-7f-1,tissue,Ovarian Neoplasms
hsa-let-7f-1,tissue,Nasopharyngeal Neoplasms
hsa-let-7f-1,tissue,Pancreatic Neoplasms
hsa-let-7f-1,tissue,Heart Failure
hsa-let-7f-1,tissue,Digestive System Neoplasms
hsa-let-7f-1,tissue,Mycosis Fungoides
hsa-mir-129,tissue,Breast Neoplasms
hsa-mir-129,tissue,Multiple Myeloma
hsa-mir-129,tissue,Amyotrophic Lateral Sclerosis
hsa-mir-129,tissue,Sertoli Cell-Only Syndrome
hsa-mir-26b,tissue,Breast Neoplasms
hsa-mir-26b,tissue,Lung Neoplasms
hsa-mir-26b,tissue,Melanoma
hsa-mir-26b,tissue,Amyotrophic Lateral Sclerosis
hsa-mir-26b,tissue,Osteosarcoma
hsa-mir-26b,tissue,Osteoarthritis
hsa-mir-26b,tissue,Lichen Planus
hsa-mir-26b,tissue,Eclampsia
hsa-mir-450b,tissue,Breast Neoplasms
hsa-mir-450b,tissue,Thymoma
hsa-mir-193a,tissue,Lung Neoplasms
hsa-mir-193a,tissue,Melanoma
hsa-mir-193a,tissue,Glioblastoma
hsa-mir-193a,tissue,Mesothelioma
hsa-mir-193a,tissue,Endometriosis
hsa-mir-193a,tissue,Rectal Neoplasms
hsa-mir-193a,tissue,Nephrotic Syndrome
hsa-mir-193a,tissue,Atrial Fibrillation
hsa-mir-217,tissue,Pancreatic Neoplasms
hsa-mir-217,tissue,Psoriasis
hsa-mir-217,tissue,Leiomyoma
hsa-mir-217,tissue,Cytomegalovirus Retinitis
hsa-mir-526b,tissue,Heart Failure
hsa-mir-190a,tissue,Pancreatic Neoplasms
hsa-mir-190a,tissue,Meningioma
hsa-mir-665,tissue,Pterygium
hsa-mir-765,tissue,Rectal Neoplasms
hsa-mir-324,tissue,Lung Neoplasms
hsa-mir-216a,tissue,Lung Neoplasms
hsa-mir-216a,tissue,Pancreatic Neoplasms
hsa-mir-216a,tissue,Heart Failure
hsa-mir-770,tissue,Glioblastoma
hsa-mir-320c,tissue,Multiple Sclerosis
hsa-mir-92a-2,tissue,Thyroid Neoplasms
hsa-mir-92a-2,tissue,Mesothelioma
hsa-mir-92a-2,tissue,Azoospermia
hsa-mir-92a-2,tissue,Neuroblastoma
hsa-mir-92a-2,tissue,Mycosis Fungoides
hsa-mir-423,tissue,Crohn Disease
hsa-mir-423,tissue,Psoriasis
hsa-mir-423,tissue,Macular Degeneration
hsa-mir-218-1,tissue,Heart Failure
hsa-mir-218-1,tissue,Glioma
hsa-mir-4489,tissue,Glioma
hsa-mir-374a,tissue,Lung Neoplasms
hsa-mir-520e,tissue,Heart Failure
hsa-mir-210,tissue,Leukemia
hsa-mir-210,tissue,Ovarian Neoplasms
hsa-mir-210,tissue,Heart Failure
hsa-mir-210,tissue,Glioblastoma
hsa-mir-210,tissue,Esophageal Neoplasms
hsa-mir-210,tissue,Endometrial Neoplasms
hsa-mir-210,tissue,Osteosarcoma
hsa-mir-210,tissue,Liver Neoplasms
hsa-mir-210,tissue,Hepatoblastoma
hsa-mir-210,tissue,Ischemia
hsa-mir-210,tissue,Pterygium
hsa-mir-210,tissue,Astrocytoma
hsa-mir-210,tissue,Neuroendocrine Tumors
hsa-mir-1277,tissue,Laryngeal Neoplasms
hsa-mir-513c,tissue,Melanoma
hsa-mir-513c,tissue,Retinoblastoma
hsa-mir-497,tissue,Ovarian Neoplasms
hsa-mir-497,tissue,Pancreatic Neoplasms
hsa-mir-497,tissue,Heart Failure
hsa-mir-497,tissue,Mesothelioma
hsa-mir-497,tissue,Retinoblastoma
hsa-mir-497,tissue,Glioma
hsa-mir-497,tissue,Astrocytoma
hsa-mir-1248,tissue,Breast Neoplasms
hsa-mir-16-2,tissue,Leukemia
hsa-mir-16-2,tissue,Melanoma
hsa-mir-16-2,tissue,Heart Failure
hsa-mir-16-2,tissue,Glioblastoma
hsa-mir-16-2,tissue,Lymphoma
hsa-mir-16-2,tissue,Alzheimer Disease
hsa-mir-16-2,tissue,Spinal Cord Injuries
hsa-mir-16-2,tissue,Acute Lung Injury
hsa-mir-16-2,tissue,Osteosarcoma
hsa-mir-196b,tissue,Ovarian Neoplasms
hsa-mir-196b,tissue,Pancreatic Neoplasms
hsa-mir-196b,tissue,Endometriosis
hsa-mir-196b,tissue,Esophageal Neoplasms
hsa-mir-196b,tissue,Osteosarcoma
hsa-mir-196b,tissue,Tuberculosis
hsa-mir-802,tissue,Breast Neoplasms
hsa-mir-802,tissue,Down Syndrome
hsa-mir-451a,tissue,Lung Neoplasms
hsa-mir-451a,tissue,Myocardial Infarction
hsa-mir-451a,tissue,Amyotrophic Lateral Sclerosis
hsa-mir-451a,tissue,Retinal Neovascularization
hsa-mir-451a,tissue,Fibromyalgia
hsa-mir-130b,tissue,Breast Neoplasms
hsa-mir-130b,tissue,Lung Neoplasms
hsa-mir-130b,tissue,Melanoma
hsa-mir-130b,tissue,Pancreatic Neoplasms
hsa-mir-130b,tissue,Glioblastoma
hsa-mir-130b,tissue,Esophageal Neoplasms
hsa-mir-130b,tissue,Amyotrophic Lateral Sclerosis
hsa-mir-130b,tissue,Irritable Bowel Syndrome
hsa-mir-130b,tissue,Bronchopulmonary Dysplasia
hsa-mir-130b,tissue,Inflammation
hsa-mir-544a,tissue,Glioma
hsa-mir-4717,tissue,Guillain-Barre Syndrome
hsa-mir-370,tissue,Thyroid Neoplasms
hsa-mir-370,tissue,Ovarian Neoplasms
hsa-mir-370,tissue,Osteosarcoma
hsa-mir-370,tissue,Neuroblastoma
hsa-mir-431,tissue,Bronchopulmonary Dysplasia
hsa-mir-411,tissue,Ovarian Neoplasms
hsa-mir-411,tissue,Bronchopulmonary Dysplasia
hsa-mir-92b,tissue,Ovarian Neoplasms
hsa-mir-92b,tissue,Cholangiocarcinoma
hsa-mir-92b,tissue,Brain Neoplasms
hsa-mir-92b,tissue,Medulloblastoma
hsa-mir-92b,tissue,Neuroblastoma
hsa-mir-92b,tissue,Smoke Inhalation Injury
hsa-mir-449b,tissue,Ovarian Neoplasms
hsa-mir-449b,tissue,Endometriosis
hsa-mir-449b,tissue,Hepatoblastoma
hsa-mir-449b,tissue,Salivary Gland Neoplasms
hsa-mir-449b,tissue,Sertoli Cell-Only Syndrome
hsa-mir-3663,tissue,Melanoma
hsa-mir-33a,tissue,Lung Neoplasms
hsa-mir-525,tissue,Heart Failure
hsa-mir-525,tissue,Gestational Trophoblastic Disease
hsa-mir-105,tissue,Glioma
hsa-mir-28,tissue,Asthma
hsa-mir-28,tissue,Heart Failure
hsa-mir-28,tissue,Multiple Myeloma
hsa-mir-28,tissue,Esophageal Neoplasms
hsa-mir-28,tissue,Amyotrophic Lateral Sclerosis
hsa-mir-4306,tissue,Pancreatic Neoplasms
hsa-mir-657,tissue,Laryngeal Neoplasms
hsa-mir-206,tissue,Breast Neoplasms
hsa-mir-206,tissue,Pituitary Neoplasms
hsa-mir-206,tissue,Hirschsprung Disease
hsa-mir-206,tissue,Inflammatory Bowel Diseases
hsa-mir-206,tissue,Ischemia
hsa-mir-206,tissue,Astrocytoma
hsa-mir-206,tissue,Laryngeal Neoplasms
hsa-mir-206,tissue,Prolactinoma
hsa-mir-206,tissue,Endocrine Gland Neoplasms
hsa-mir-454,tissue,Ovarian Neoplasms
hsa-mir-454,tissue,Esophageal Neoplasms
hsa-mir-215,tissue,Heart Failure
hsa-mir-215,tissue,Barrett Esophagus
hsa-mir-934,tissue,Pterygium
hsa-mir-3196,tissue,Breast Neoplasms
hsa-mir-508,tissue,Melanoma
hsa-mir-383,tissue,Azoospermia
hsa-mir-383,tissue,Medulloblastoma
hsa-mir-383,tissue,Ependymoma
hsa-mir-517,tissue,Gestational Trophoblastic Disease
hsa-mir-1972,tissue,Pterygium
hsa-mir-125b-2,tissue,Thyroid Neoplasms
hsa-mir-125b-2,tissue,Melanoma
hsa-mir-125b-2,tissue,Pancreatic Neoplasms
hsa-mir-125b-2,tissue,Endometriosis
hsa-mir-125b-2,tissue,Psoriasis
hsa-mir-125b-2,tissue,Medulloblastoma
hsa-mir-125b-2,tissue,Down Syndrome
hsa-mir-125b-2,tissue,Laryngeal Neoplasms
hsa-mir-125b-2,tissue,Lichen Planus
hsa-mir-125b-2,tissue,Prolactinoma
hsa-mir-125b-2,tissue,Nevus
hsa-mir-605,tissue,Lung Neoplasms
hsa-mir-933,tissue,Melanoma
hsa-mir-26a-1,tissue,Melanoma
hsa-mir-26a-1,tissue,Heart Failure
hsa-mir-26a-1,tissue,Alzheimer Disease
hsa-mir-26a-1,tissue,Multiple Endocrine Neoplasia Type 1
hsa-mir-18a,tissue,Asthma
hsa-mir-18a,tissue,Nasopharyngeal Neoplasms
hsa-mir-18a,tissue,Mesothelioma
hsa-mir-18a,tissue,Obesity
hsa-mir-18a,tissue,Glioma
hsa-mir-18a,tissue,Osteosarcoma
hsa-mir-18a,tissue,Hepatoblastoma
hsa-mir-18a,tissue,Azoospermia
hsa-mir-18a,tissue,Pterygium
hsa-mir-18a,tissue,Osteonecrosis
hsa-mir-30a,tissue,Lung Neoplasms
hsa-mir-30a,tissue,Ovarian Neoplasms
hsa-mir-30a,tissue,Liver Neoplasms
hsa-mir-30a,tissue,Atrial Fibrillation
hsa-mir-30a,tissue,Periodontitis
hsa-mir-30a,tissue,Idiopathic Pulmonary Fibrosis
hsa-mir-30a,tissue,Neuroendocrine Tumors
hsa-mir-30a,tissue,Prolactinoma
hsa-mir-30a,tissue,Endocrine Gland Neoplasms
hsa-mir-30a,tissue,Balkan Nephropathy
hsa-mir-656,tissue,Oligodendroglioma
hsa-mir-15a,tissue,Lung Neoplasms
hsa-mir-15a,tissue,Asthma
hsa-mir-15a,tissue,Pancreatic Neoplasms
hsa-mir-15a,tissue,Glioblastoma
hsa-mir-15a,tissue,Multiple Sclerosis
hsa-mir-15a,tissue,Esophageal Neoplasms
hsa-mir-15a,tissue,Amyotrophic Lateral Sclerosis
hsa-mir-15a,tissue,Nephrotic Syndrome
hsa-mir-15a,tissue,Osteoarthritis
hsa-mir-15a,tissue,Ependymoma
hsa-mir-15a,tissue,Cataract
hsa-mir-15a,tissue,Macular Degeneration
hsa-mir-15a,tissue,Astrocytoma
hsa-mir-15a,tissue,Salivary Gland Neoplasms
hsa-mir-142,tissue,Breast Neoplasms
hsa-mir-142,tissue,Ovarian Neoplasms
hsa-mir-142,tissue,Atherosclerosis
hsa-mir-142,tissue,Pancreatic Neoplasms
hsa-mir-142,tissue,Glioblastoma
hsa-mir-142,tissue,Lymphoma
hsa-mir-142,tissue,Endometriosis
hsa-mir-142,tissue,Retinoblastoma
hsa-mir-142,tissue,Gastrointestinal Neoplasms
hsa-mir-142,tissue,Endometrial Neoplasms
hsa-mir-142,tissue,Psoriasis
hsa-mir-142,tissue,Osteosarcoma
hsa-mir-142,tissue,Atrial Fibrillation
hsa-mir-142,tissue,Arteriosclerosis Obliterans
hsa-mir-142,tissue,Prolactinoma
hsa-mir-302a,tissue,Heart Failure
hsa-mir-302a,tissue,Glioma
hsa-mir-302a,tissue,Azoospermia
hsa-mir-199a,tissue,Heart Failure
hsa-mir-199a,tissue,Obesity
hsa-mir-199a,tissue,Cholangiocarcinoma
hsa-mir-199a,tissue,Diabetic Cardiomyopathies
hsa-mir-199a,tissue,Cardiotoxicity
hsa-mir-376c,tissue,Tuberculosis
hsa-mir-376c,tissue,Medulloblastoma
hsa-mir-148b,tissue,Ovarian Neoplasms
hsa-mir-148b,tissue,Amyotrophic Lateral Sclerosis
hsa-mir-148b,tissue,Liver Neoplasms
hsa-mir-149,tissue,Multiple Myeloma
hsa-mir-149,tissue,Glioma
hsa-mir-149,tissue,Astrocytoma
hsa-mir-149,tissue,Chordoma
hsa-mir-3976,tissue,Pancreatic Neoplasms
hsa-mir-337,tissue,Salivary Gland Neoplasms
hsa-mir-548c,tissue,Rectal Neoplasms
hsa-mir-548c,tissue,Frontotemporal Lobar Degeneration
hsa-mir-491,tissue,Glioblastoma
hsa-mir-491,tissue,Retinoblastoma
hsa-mir-491,tissue,Azoospermia
hsa-mir-127,tissue,Ovarian Neoplasms
hsa-mir-127,tissue,Lupus Nephritis
hsa-mir-127,tissue,Medulloblastoma
hsa-mir-127,tissue,Balkan Nephropathy
hsa-mir-181c,tissue,Lung Neoplasms
hsa-mir-181c,tissue,Osteosarcoma
hsa-mir-181c,tissue,Medulloblastoma
hsa-mir-181c,tissue,Silicosis
hsa-mir-638,tissue,Breast Neoplasms
hsa-mir-638,tissue,Lung Neoplasms
hsa-mir-126,tissue,Breast Neoplasms
hsa-mir-126,tissue,Ovarian Neoplasms
hsa-mir-126,tissue,Glioblastoma
hsa-mir-126,tissue,Lymphoma
hsa-mir-126,tissue,Stroke
hsa-mir-126,tissue,Cholangiocarcinoma
hsa-mir-126,tissue,Gastrointestinal Neoplasms
hsa-mir-126,tissue,Esophageal Neoplasms
hsa-mir-126,tissue,Osteosarcoma
hsa-mir-126,tissue,Periodontitis
hsa-mir-126,tissue,Medulloblastoma
hsa-mir-126,tissue,Ischemia
hsa-mir-126,tissue,Prolactinoma
hsa-mir-126,tissue,Endocrine Gland Neoplasms
hsa-mir-892a,tissue,Breast Neoplasms
hsa-mir-204,tissue,Breast Neoplasms
hsa-mir-204,tissue,Retinal Degeneration
hsa-mir-204,tissue,Choriocarcinoma
hsa-mir-204,tissue,Melanoma
hsa-mir-204,tissue,Pancreatic Neoplasms
hsa-mir-204,tissue,Heart Failure
hsa-mir-204,tissue,Retinoblastoma
hsa-mir-204,tissue,Obesity
hsa-mir-204,tissue,Neuroblastoma
hsa-mir-939,tissue,Lung Neoplasms
hsa-mir-22,tissue,Breast Neoplasms
hsa-mir-22,tissue,Lung Neoplasms
hsa-mir-22,tissue,Asthma
hsa-mir-22,tissue,Pancreatic Neoplasms
hsa-mir-22,tissue,Amyotrophic Lateral Sclerosis
hsa-mir-22,tissue,Osteosarcoma
hsa-mir-22,tissue,Liver Neoplasms
hsa-mir-22,tissue,Aortic Aneurysm
hsa-mir-22,tissue,Prolactinoma
hsa-mir-520f,tissue,Heart Failure
hsa-mir-301b,tissue,Pancreatic Neoplasms
hsa-mir-301b,tissue,Salivary Gland Neoplasms
hsa-mir-154,tissue,Thyroid Neoplasms
hsa-mir-154,tissue,Glioma
hsa-mir-154,tissue,Salivary Gland Neoplasms
hsa-mir-154,tissue,Balkan Nephropathy
hsa-mir-30d,tissue,Lung Neoplasms
hsa-mir-30d,tissue,Parkinson Disease
hsa-mir-30d,tissue,Diabetic Cardiomyopathies
hsa-mir-1976,tissue,Thymoma
hsa-mir-520g,tissue,Breast Neoplasms
hsa-mir-520g,tissue,Heart Failure
hsa-mir-1224,tissue,Lung Neoplasms
hsa-mir-1224,tissue,Rectal Neoplasms
hsa-mir-29b-1,tissue,Breast Neoplasms
hsa-mir-29b-1,tissue,Pancreatic Neoplasms
hsa-mir-29b-1,tissue,Heart Failure
hsa-mir-29b-1,tissue,Myocardial Infarction
hsa-mir-29b-1,tissue,Retinoblastoma
hsa-mir-29b-1,tissue,Osteosarcoma
hsa-mir-29b-1,tissue,Ischemia
hsa-mir-487b,tissue,Neuroblastoma
hsa-mir-328,tissue,Glioblastoma
hsa-mir-125b,tissue,Lung Neoplasms
hsa-mir-125b,tissue,Asthma
hsa-mir-125b,tissue,Glioblastoma
hsa-mir-125b,tissue,Glioma
hsa-mir-125b,tissue,Esophageal Neoplasms
hsa-mir-125b,tissue,Psoriasis
hsa-mir-125b,tissue,Periodontitis
hsa-mir-125b,tissue,Inflammation
hsa-mir-125b,tissue,Alopecia
hsa-mir-29b,tissue,Breast Neoplasms
hsa-mir-29b,tissue,Ovarian Neoplasms
hsa-mir-29b,tissue,Myelodysplastic Syndromes
hsa-mir-29b,tissue,Pancreatic Neoplasms
hsa-mir-29b,tissue,Heart Failure
hsa-mir-29b,tissue,Lymphoma
hsa-mir-29b,tissue,Parkinson Disease
hsa-mir-29b,tissue,Prion Diseases
hsa-mir-29b,tissue,Acquired Immunodeficiency Syndrome
hsa-mir-29b,tissue,Pterygium
hsa-mir-29b,tissue,Meningioma
hsa-mir-29b,tissue,Osteogenesis Imperfecta
hsa-let-7i,tissue,Breast Neoplasms
hsa-let-7i,tissue,Pituitary Neoplasms
hsa-let-7i,tissue,Ovarian Neoplasms
hsa-let-7i,tissue,Nasopharyngeal Neoplasms
hsa-let-7i,tissue,Pancreatic Neoplasms
hsa-let-7i,tissue,Retinoblastoma
hsa-let-7i,tissue,Biliary Tract Neoplasms
hsa-let-7i,tissue,Amyotrophic Lateral Sclerosis
hsa-let-7i,tissue,Irritable Bowel Syndrome
hsa-let-7i,tissue,Digestive System Neoplasms
hsa-let-7i,tissue,Hepatoblastoma
hsa-let-7i,tissue,Prion Diseases
hsa-let-7i,tissue,Inflammation
hsa-mir-629,tissue,Breast Neoplasms
hsa-mir-629,tissue,Ovarian Neoplasms
hsa-mir-629,tissue,Lymphoma
hsa-mir-629,tissue,Testicular Neoplasms
hsa-mir-629,tissue,Liver Neoplasms
hsa-mir-629,tissue,Inflammatory Bowel Diseases
hsa-mir-218-2,tissue,Lung Neoplasms
hsa-mir-218-2,tissue,Heart Failure
hsa-mir-218-2,tissue,Glioma
hsa-mir-3185,tissue,Chordoma
hsa-mir-378a,tissue,Breast Neoplasms
hsa-mir-378a,tissue,Myelodysplastic Syndromes
hsa-mir-378a,tissue,Psoriasis
hsa-mir-378a,tissue,Laryngeal Neoplasms
hsa-mir-378a,tissue,Aortic Aneurysm
hsa-mir-181a-2,tissue,Lung Neoplasms
hsa-mir-181a-2,tissue,Coronary Artery Disease
hsa-mir-181a-2,tissue,Osteosarcoma
hsa-mir-181a-2,tissue,Osteoarthritis
hsa-mir-181a-2,tissue,Asthenozoospermia
hsa-mir-7,tissue,Thyroid Neoplasms
hsa-mir-7,tissue,Diabetes Mellitus
hsa-mir-7,tissue,Glioblastoma
hsa-mir-7,tissue,Myasthenia Gravis
hsa-mir-7,tissue,Endocrine Gland Neoplasms
hsa-mir-7,tissue,Borna Disease
hsa-mir-20b,tissue,Ovarian Neoplasms
hsa-mir-20b,tissue,Mesothelioma
hsa-mir-20b,tissue,Glioma
hsa-mir-20b,tissue,Laryngeal Neoplasms
hsa-mir-20b,tissue,Salivary Gland Neoplasms
hsa-mir-1287,tissue,Laryngeal Neoplasms
hsa-mir-543,tissue,Infertility
hsa-mir-432,tissue,Ovarian Neoplasms
hsa-mir-432,tissue,Heart Failure
hsa-mir-432,tissue,Prolactinoma
hsa-mir-1909,tissue,Rectal Neoplasms
hsa-mir-630,tissue,Kidney Neoplasms
hsa-mir-630,tissue,Rectal Neoplasms
hsa-mir-517b,tissue,Sertoli Cell-Only Syndrome
hsa-mir-639,tissue,Thymoma
hsa-mir-616,tissue,Hearing Disorders
hsa-mir-1246,tissue,Gastrointestinal Neoplasms
hsa-mir-1246,tissue,Neuroblastoma
hsa-mir-1246,tissue,Pterygium
hsa-mir-320d,tissue,Glioma
hsa-mir-542,tissue,Breast Neoplasms
hsa-mir-542,tissue,Ovarian Neoplasms
hsa-mir-542,tissue,Osteosarcoma
hsa-mir-542,tissue,Thymoma
hsa-mir-595,tissue,Endocrine Gland Neoplasms
hsa-mir-330,tissue,Heart Failure
hsa-mir-493,tissue,Breast Neoplasms
hsa-mir-493,tissue,Prolactinoma
hsa-mir-16,tissue,Lung Neoplasms
hsa-mir-16,tissue,Asthma
hsa-mir-16,tissue,Ovarian Neoplasms
hsa-mir-16,tissue,Endometriosis
hsa-mir-16,tissue,Parkinson Disease
hsa-mir-16,tissue,Endometrial Neoplasms
hsa-mir-16,tissue,Amyotrophic Lateral Sclerosis
hsa-mir-16,tissue,Nephrotic Syndrome
hsa-mir-16,tissue,Osteoarthritis
hsa-mir-16,tissue,Salivary Gland Neoplasms
hsa-mir-3175,tissue,Pterygium
hsa-mir-409,tissue,Ovarian Neoplasms
hsa-mir-409,tissue,Alzheimer Disease
hsa-mir-409,tissue,Parkinson Disease
hsa-mir-409,tissue,Medulloblastoma
hsa-mir-409,tissue,Salivary Gland Neoplasms
hsa-mir-200b,tissue,Lung Neoplasms
hsa-mir-200b,tissue,Choriocarcinoma
hsa-mir-200b,tissue,Pancreatic Neoplasms
hsa-mir-200b,tissue,Glioblastoma
hsa-mir-200b,tissue,Obesity
hsa-mir-200b,tissue,Glioma
hsa-mir-200b,tissue,Gastrointestinal Neoplasms
hsa-mir-200b,tissue,Liver Cirrhosis
hsa-mir-200b,tissue,Adrenal Cortex Neoplasms
hsa-mir-200b,tissue,Chondrosarcoma
hsa-mir-200b,tissue,Pterygium
hsa-mir-200b,tissue,Barrett Esophagus
hsa-mir-200b,tissue,Prolactinoma
hsa-mir-200b,tissue,Endocrine Gland Neoplasms
hsa-mir-200b,tissue,Nephrosclerosis
hsa-mir-128-2,tissue,Pancreatic Neoplasms
hsa-mir-128-2,tissue,Alzheimer Disease
hsa-mir-128-2,tissue,Multiple Sclerosis
hsa-mir-134,tissue,Lung Neoplasms
hsa-mir-134,tissue,Ovarian Neoplasms
hsa-mir-134,tissue,Melanoma
hsa-mir-134,tissue,Heart Failure
hsa-mir-141,tissue,Pancreatic Neoplasms
hsa-mir-141,tissue,Endometriosis
hsa-mir-141,tissue,Endometrial Neoplasms
hsa-mir-141,tissue,Biliary Tract Neoplasms
hsa-mir-141,tissue,Bronchopulmonary Dysplasia
hsa-mir-141,tissue,Azoospermia
hsa-mir-141,tissue,Chondrosarcoma
hsa-mir-141,tissue,Pterygium
hsa-mir-141,tissue,Barrett Esophagus
hsa-mir-141,tissue,Endocrine Gland Neoplasms
hsa-mir-141,tissue,Nephrosclerosis
hsa-mir-31,tissue,Thyroid Neoplasms
hsa-mir-31,tissue,Atherosclerosis
hsa-mir-31,tissue,Choriocarcinoma
hsa-mir-31,tissue,Pancreatic Neoplasms
hsa-mir-31,tissue,Glioblastoma
hsa-mir-31,tissue,Glioma
hsa-mir-31,tissue,Gastrointestinal Neoplasms
hsa-mir-31,tissue,Esophageal Neoplasms
hsa-mir-31,tissue,Psoriasis
hsa-mir-31,tissue,Inflammatory Bowel Diseases
hsa-mir-31,tissue,Medulloblastoma
hsa-mir-31,tissue,Inflammation
hsa-mir-31,tissue,Pterygium
hsa-mir-31,tissue,Retinal Neovascularization
hsa-mir-31,tissue,Laryngeal Neoplasms
hsa-mir-31,tissue,Endocrine Gland Neoplasms
hsa-mir-1225,tissue,Melanoma
hsa-mir-1225,tissue,Laryngeal Neoplasms
hsa-mir-421,tissue,Breast Neoplasms
hsa-mir-191,tissue,Breast Neoplasms
hsa-mir-191,tissue,Lung Neoplasms
hsa-mir-191,tissue,Melanoma
hsa-mir-191,tissue,Hepatoblastoma
hsa-mir-191,tissue,Neuroendocrine Tumors
hsa-mir-2861,tissue,Chordoma
hsa-mir-520a,tissue,Breast Neoplasms
hsa-mir-520a,tissue,Heart Failure
hsa-mir-520a,tissue,Gestational Trophoblastic Disease
hsa-mir-224,tissue,Breast Neoplasms
hsa-mir-224,tissue,Lung Neoplasms
hsa-mir-224,tissue,Thyroid Neoplasms
hsa-mir-224,tissue,Asthma
hsa-mir-224,tissue,Glioma
hsa-mir-224,tissue,Hepatoblastoma
hsa-let-7a,tissue,Lung Neoplasms
hsa-let-7a,tissue,Pituitary Neoplasms
hsa-let-7a,tissue,Asthma
hsa-let-7a,tissue,Ovarian Neoplasms
hsa-let-7a,tissue,Melanoma
hsa-let-7a,tissue,Pancreatic Neoplasms
hsa-let-7a,tissue,Multiple Sclerosis
hsa-let-7a,tissue,Amyotrophic Lateral Sclerosis
hsa-let-7a,tissue,Periodontitis
hsa-let-7a,tissue,Salivary Gland Neoplasms
hsa-mir-325,tissue,Heart Failure
hsa-let-7e,tissue,Pituitary Neoplasms
hsa-let-7e,tissue,Asthma
hsa-let-7e,tissue,Nasopharyngeal Neoplasms
hsa-let-7e,tissue,Heart Failure
hsa-let-7e,tissue,Digestive System Neoplasms
hsa-mir-1281,tissue,Ovarian Neoplasms
hsa-mir-520h,tissue,Pancreatic Neoplasms
hsa-mir-520h,tissue,Heart Failure
hsa-mir-520h,tissue,Gestational Trophoblastic Disease
hsa-mir-519d,tissue,Breast Neoplasms
hsa-mir-519d,tissue,Osteosarcoma
hsa-mir-519d,tissue,Ganglioglioma
hsa-mir-184,tissue,Lung Neoplasms
hsa-mir-184,tissue,Glioblastoma
hsa-mir-184,tissue,Lymphoma
hsa-mir-184,tissue,Glioma
hsa-mir-184,tissue,Carcinosarcoma
hsa-mir-212,tissue,Lung Neoplasms
hsa-mir-196a,tissue,Choriocarcinoma
hsa-mir-196a,tissue,Glioma
hsa-mir-196a,tissue,Leiomyosarcoma
hsa-mir-196a,tissue,Barrett Esophagus
hsa-mir-450a-2,tissue,Breast Neoplasms
hsa-mir-766,tissue,Melanoma
hsa-mir-766,tissue,Inflammation
hsa-mir-1202,tissue,Ovarian Neoplasms
hsa-mir-26a,tissue,Breast Neoplasms
hsa-mir-26a,tissue,Lung Neoplasms
hsa-mir-26a,tissue,Glomerulonephritis
hsa-mir-26a,tissue,Melanoma
hsa-mir-26a,tissue,Pancreatic Neoplasms
hsa-mir-26a,tissue,Multiple Sclerosis
hsa-mir-26a,tissue,Glioma
hsa-mir-26a,tissue,Amyotrophic Lateral Sclerosis
hsa-mir-26a,tissue,Osteoarthritis
hsa-mir-19b,tissue,Lung Neoplasms
hsa-mir-19b,tissue,Lymphoma
hsa-mir-19b,tissue,Parkinson Disease
hsa-mir-19b,tissue,Crohn Disease
hsa-mir-19b,tissue,Glioma
hsa-mir-19b,tissue,Hepatoblastoma
hsa-mir-19b,tissue,Atrial Fibrillation
hsa-mir-19b,tissue,Periodontitis
hsa-mir-4284,tissue,Glioblastoma
hsa-mir-182,tissue,Mesothelioma
hsa-mir-182,tissue,Endometrial Neoplasms
hsa-mir-182,tissue,Amyotrophic Lateral Sclerosis
hsa-mir-182,tissue,Neuroblastoma
hsa-mir-182,tissue,Cardiotoxicity
hsa-mir-381,tissue,Heart Failure
hsa-mir-3613,tissue,Obesity
hsa-mir-3613,tissue,Atrial Fibrillation
hsa-mir-3613,tissue,Thymoma
hsa-mir-571,tissue,Frontotemporal Lobar Degeneration
hsa-mir-146a,tissue,Myelodysplastic Syndromes
hsa-mir-146a,tissue,Lymphoma
hsa-mir-146a,tissue,Crohn Disease
hsa-mir-146a,tissue,Stroke
hsa-mir-146a,tissue,Tuberculosis
hsa-mir-146a,tissue,Huntington Disease
hsa-mir-146a,tissue,Liver Neoplasms
hsa-mir-146a,tissue,Hepatoblastoma
hsa-mir-146a,tissue,Inflammatory Bowel Diseases
hsa-mir-146a,tissue,Medulloblastoma
hsa-mir-146a,tissue,Inflammation
hsa-mir-146a,tissue,Down Syndrome
hsa-mir-146a,tissue,Periodontal Diseases
hsa-mir-146a,tissue,Lichen Planus
hsa-mir-146a,tissue,Cardiotoxicity
hsa-mir-146a,tissue,Borna Disease
hsa-mir-4281,tissue,Melanoma
hsa-mir-520c,tissue,Heart Failure
hsa-mir-424,tissue,Heart Failure
hsa-mir-424,tissue,Multiple Myeloma
hsa-mir-424,tissue,Endometriosis
hsa-mir-424,tissue,Tuberculosis
hsa-mir-424,tissue,Inflammatory Bowel Diseases
hsa-mir-424,tissue,Prion Diseases
hsa-mir-424,tissue,Retinal Neovascularization
hsa-mir-424,tissue,Cardiotoxicity
hsa-mir-424,tissue,Borna Disease
hsa-mir-193b,tissue,Ovarian Neoplasms
hsa-mir-193b,tissue,Melanoma
hsa-mir-193b,tissue,Endometrial Neoplasms
hsa-mir-193b,tissue,Hematologic Neoplasms
hsa-mir-193b,tissue,Atrial Fibrillation
hsa-mir-365b,tissue,Breast Neoplasms
hsa-mir-365b,tissue,Heart Failure
hsa-mir-365b,tissue,Endometriosis
hsa-mir-10a,tissue,Breast Neoplasms
hsa-mir-10a,tissue,Pancreatic Neoplasms
hsa-mir-10a,tissue,Glioblastoma
hsa-mir-10a,tissue,Alzheimer Disease
hsa-mir-10a,tissue,Endometriosis
hsa-mir-10a,tissue,Parkinson Disease
hsa-mir-10a,tissue,Inflammatory Bowel Diseases
hsa-mir-10a,tissue,Medulloblastoma
hsa-mir-10a,tissue,Ependymoma
hsa-mir-10a,tissue,Leiomyosarcoma
hsa-mir-10a,tissue,Laryngeal Neoplasms
hsa-mir-30c,tissue,Breast Neoplasms
hsa-mir-30c,tissue,Lung Neoplasms
hsa-mir-30c,tissue,Ovarian Neoplasms
hsa-mir-30c,tissue,Pancreatic Neoplasms
hsa-mir-30c,tissue,Amyotrophic Lateral Sclerosis
hsa-mir-150,tissue,Lung Neoplasms
hsa-mir-150,tissue,Ovarian Neoplasms
hsa-mir-150,tissue,Endometriosis
hsa-mir-150,tissue,Lupus Nephritis
hsa-mir-150,tissue,Psoriasis
hsa-mir-150,tissue,Bronchopulmonary Dysplasia
hsa-mir-150,tissue,Hepatoblastoma
hsa-mir-150,tissue,Inflammation
hsa-mir-150,tissue,Acquired Immunodeficiency Syndrome
hsa-mir-150,tissue,Retinal Neovascularization
hsa-mir-150,tissue,Astrocytoma
hsa-mir-150,tissue,Burns
hsa-mir-150,tissue,Endotoxemia
hsa-mir-518e,tissue,Hypertension
hsa-mir-181b,tissue,Glioblastoma
hsa-mir-181b,tissue,Inflammation
hsa-mir-181b,tissue,Mycosis Fungoides
hsa-mir-99a,tissue,Breast Neoplasms
hsa-mir-99a,tissue,Lung Neoplasms
hsa-mir-99a,tissue,Pancreatic Neoplasms
hsa-mir-99a,tissue,Myocardial Infarction
hsa-mir-99a,tissue,Endometriosis
hsa-mir-99a,tissue,Crohn Disease
hsa-mir-99a,tissue,Psoriasis
hsa-mir-99a,tissue,Down Syndrome
hsa-mir-99a,tissue,Neuroblastoma
hsa-mir-147b,tissue,Glioblastoma
hsa-mir-147b,tissue,Biliary Tract Neoplasms
hsa-mir-147b,tissue,Neuroblastoma
hsa-mir-1247,tissue,Glioblastoma
hsa-mir-660,tissue,Neuroendocrine Tumors
hsa-mir-532,tissue,Ovarian Neoplasms
hsa-mir-532,tissue,Amyotrophic Lateral Sclerosis
hsa-mir-1303,tissue,Cardiotoxicity
hsa-mir-221,tissue,Asthma
hsa-mir-221,tissue,Choriocarcinoma
hsa-mir-221,tissue,Endometriosis
hsa-mir-221,tissue,Glioma
hsa-mir-221,tissue,Spinal Stenosis
hsa-mir-221,tissue,Gastrointestinal Neoplasms
hsa-mir-221,tissue,Liver Cirrhosis
hsa-mir-221,tissue,Amyotrophic Lateral Sclerosis
hsa-mir-221,tissue,Irritable Bowel Syndrome
hsa-mir-221,tissue,Osteosarcoma
hsa-mir-221,tissue,Hepatoblastoma
hsa-mir-221,tissue,Medulloblastoma
hsa-mir-221,tissue,Cholesteatoma
hsa-mir-221,tissue,Alopecia
hsa-mir-221,tissue,Endocrine Gland Neoplasms
hsa-mir-3163,tissue,Glioblastoma
hsa-mir-99b,tissue,Ovarian Neoplasms
hsa-mir-99b,tissue,Endometriosis
hsa-mir-99b,tissue,Glioma
hsa-mir-99b,tissue,Esophageal Neoplasms
hsa-mir-99b,tissue,Inflammatory Bowel Diseases
hsa-mir-99b,tissue,Salivary Gland Neoplasms
hsa-mir-128-1,tissue,Alzheimer Disease
hsa-mir-128-1,tissue,Multiple Sclerosis
hsa-mir-128-1,tissue,Astrocytoma
hsa-mir-129-2,tissue,Heart Failure
hsa-mir-129-2,tissue,Brain Neoplasms
hsa-mir-4423,tissue,Cardiotoxicity
hsa-mir-124,tissue,Breast Neoplasms
hsa-mir-124,tissue,Lung Neoplasms
hsa-mir-124,tissue,Heart Failure
hsa-mir-124,tissue,Crohn Disease
hsa-mir-124,tissue,Astrocytoma
hsa-mir-124,tissue,Carcinosarcoma
hsa-let-7f-2,tissue,Breast Neoplasms
hsa-let-7f-2,tissue,Ovarian Neoplasms
hsa-let-7f-2,tissue,Nasopharyngeal Neoplasms
hsa-let-7f-2,tissue,Pancreatic Neoplasms
hsa-let-7f-2,tissue,Heart Failure
hsa-let-7f-2,tissue,Biliary Tract Neoplasms
hsa-let-7f-2,tissue,Digestive System Neoplasms
hsa-let-7f-2,tissue,Mycosis Fungoides
hsa-mir-520b,tissue,Heart Failure
hsa-mir-498,tissue,Asthma
hsa-mir-498,tissue,Ovarian Neoplasms
hsa-mir-645,tissue,Rectal Neoplasms
hsa-mir-935,tissue,Medulloblastoma
hsa-mir-490,tissue,Lung Neoplasms
hsa-mir-490,tissue,Osteosarcoma
hsa-mir-490,tissue,Leiomyoma
hsa-mir-365a,tissue,Breast Neoplasms
hsa-mir-365a,tissue,Heart Failure
hsa-mir-365a,tissue,Endometriosis
hsa-mir-548d,tissue,Rectal Neoplasms
hsa-mir-132,tissue,Glioblastoma
hsa-mir-132,tissue,Glioma
hsa-mir-132,tissue,Amyotrophic Lateral Sclerosis
hsa-mir-132,tissue,Irritable Bowel Syndrome
hsa-mir-132,tissue,Osteoarthritis
hsa-mir-132,tissue,Inflammatory Bowel Diseases
hsa-mir-132,tissue,Periodontal Diseases
hsa-mir-888,tissue,Breast Neoplasms
hsa-mir-450a-1,tissue,Breast Neoplasms
hsa-mir-320b,tissue,Macular Degeneration
hsa-mir-7-1,tissue,Thyroid Neoplasms
hsa-mir-7-1,tissue,Mesothelioma
hsa-mir-7-1,tissue,Gastrointestinal Neoplasms
hsa-mir-7-1,tissue,Azoospermia
hsa-mir-7-1,tissue,Neurilemmoma
hsa-mir-7-1,tissue,Neuroblastoma
hsa-mir-9,tissue,Breast Neoplasms
hsa-mir-9,tissue,Lung Neoplasms
hsa-mir-9,tissue,Thyroid Neoplasms
hsa-mir-9,tissue,Ovarian Neoplasms
hsa-mir-9,tissue,Pancreatic Neoplasms
hsa-mir-9,tissue,Gastrointestinal Neoplasms
hsa-mir-9,tissue,Osteoarthritis
hsa-mir-9,tissue,Waldenstrom Macroglobulinemia
hsa-mir-9,tissue,Endocrine Gland Neoplasms
hsa-mir-377,tissue,Lung Neoplasms
hsa-mir-377,tissue,Heart Failure
hsa-mir-24,tissue,Glioma
hsa-mir-24,tissue,Irritable Bowel Syndrome
hsa-mir-24,tissue,Periodontitis
hsa-mir-24,tissue,Ependymoma
hsa-mir-24,tissue,Hyperglycemia
hsa-mir-24,tissue,Astrocytoma
hsa-mir-410,tissue,Neuroblastoma
hsa-mir-410,tissue,Alopecia
hsa-mir-296,tissue,Pancreatic Neoplasms
hsa-mir-296,tissue,Heart Failure
hsa-mir-296,tissue,Glioma
hsa-mir-296,tissue,Borna Disease
hsa-mir-526a,tissue,Gestational Trophoblastic Disease
hsa-mir-451b,tissue,Pancreatic Neoplasms
hsa-mir-659,tissue,Obesity
hsa-mir-579,tissue,Obesity
hsa-mir-181b-2,tissue,Breast Neoplasms
hsa-mir-181b-2,tissue,Pancreatic Neoplasms
hsa-mir-181b-2,tissue,Glioblastoma
hsa-mir-181b-2,tissue,Retinoblastoma
hsa-mir-181b-2,tissue,Osteosarcoma
hsa-mir-181b-2,tissue,Periodontitis
hsa-mir-181b-2,tissue,Medulloblastoma
hsa-mir-181b-2,tissue,Astrocytoma
hsa-mir-624,tissue,Hepatoblastoma
hsa-mir-613,tissue,Endocrine Gland Neoplasms
hsa-mir-10b,tissue,Lung Neoplasms
hsa-mir-10b,tissue,Thyroid Neoplasms
hsa-mir-10b,tissue,Ovarian Neoplasms
hsa-mir-10b,tissue,Heart Failure
hsa-mir-10b,tissue,Glioblastoma
hsa-mir-10b,tissue,Endometriosis
hsa-mir-10b,tissue,Retinoblastoma
hsa-mir-10b,tissue,Obesity
hsa-mir-10b,tissue,Glioma
hsa-mir-10b,tissue,Esophageal Neoplasms
hsa-mir-10b,tissue,Liver Neoplasms
hsa-mir-10b,tissue,Medulloblastoma
hsa-mir-10b,tissue,Ependymoma
hsa-mir-137,tissue,Astrocytoma
hsa-mir-137,tissue,Meningioma
hsa-mir-137,tissue,Leiomyoma
hsa-mir-137,tissue,Endocrine Gland Neoplasms
hsa-mir-3913,tissue,Thymoma
hsa-mir-24-2,tissue,Lung Neoplasms
hsa-mir-24-2,tissue,Pancreatic Neoplasms
hsa-mir-24-2,tissue,Heart Failure
hsa-mir-24-2,tissue,Liver Neoplasms
hsa-mir-103a-2,tissue,Lung Neoplasms
hsa-mir-507,tissue,Melanoma
hsa-mir-507,tissue,Heart Failure
hsa-let-7f,tissue,Pituitary Neoplasms
hsa-let-7f,tissue,Thyroid Neoplasms
hsa-let-7f,tissue,Obesity
hsa-let-7f,tissue,Amyotrophic Lateral Sclerosis
hsa-let-7f,tissue,Irritable Bowel Syndrome
hsa-let-7f,tissue,Bronchopulmonary Dysplasia
hsa-let-7f,tissue,Ischemia
hsa-mir-539,tissue,Glioblastoma
hsa-mir-539,tissue,Lymphoma
hsa-mir-539,tissue,Medulloblastoma
hsa-mir-539,tissue,Endocrine Gland Neoplasms
hsa-mir-509,tissue,Hearing Disorders
hsa-mir-326,tissue,Glioma
hsa-mir-326,tissue,Mycosis Fungoides
hsa-mir-195,tissue,Pituitary Neoplasms
hsa-mir-195,tissue,Ovarian Neoplasms
hsa-mir-195,tissue,Melanoma
hsa-mir-195,tissue,Adrenal Cortex Neoplasms
hsa-mir-195,tissue,Hirschsprung Disease
hsa-mir-195,tissue,Hepatoblastoma
hsa-mir-195,tissue,Astrocytoma
hsa-mir-195,tissue,Laryngeal Neoplasms
hsa-mir-195,tissue,Endocrine Gland Neoplasms
hsa-mir-195,tissue,Eclampsia
hsa-mir-519b,tissue,Atrial Fibrillation
hsa-mir-138-2,tissue,Thyroid Neoplasms
hsa-mir-138-2,tissue,Melanoma
hsa-mir-138-2,tissue,Lymphoma
hsa-mir-138-2,tissue,Astrocytoma
hsa-mir-675,tissue,Osteoarthritis
hsa-mir-675,tissue,Pterygium
hsa-mir-650,tissue,Heart Failure
hsa-mir-650,tissue,Glioma
hsa-mir-130a,tissue,Lung Neoplasms
hsa-mir-130a,tissue,Diabetes Mellitus
hsa-mir-130a,tissue,Esophageal Neoplasms
hsa-mir-130a,tissue,Amyotrophic Lateral Sclerosis
hsa-mir-130a,tissue,Periodontitis
hsa-mir-130a,tissue,Laryngeal Neoplasms
hsa-mir-130a,tissue,Prolactinoma
hsa-mir-130a,tissue,Cardiotoxicity
hsa-mir-133a,tissue,Breast Neoplasms
hsa-mir-133a,tissue,Pancreatic Neoplasms
hsa-mir-133a,tissue,Rectal Neoplasms
hsa-mir-133a,tissue,Neuroendocrine Tumors
hsa-mir-153,tissue,Breast Neoplasms
hsa-mir-153,tissue,Ovarian Neoplasms
hsa-mir-153,tissue,Alzheimer Disease
hsa-mir-153,tissue,Parkinson Disease
hsa-mir-335,tissue,Glioma
hsa-mir-335,tissue,Adrenal Cortex Neoplasms
hsa-mir-335,tissue,Eclampsia
hsa-mir-382,tissue,Heart Failure
hsa-mir-382,tissue,Bronchopulmonary Dysplasia
hsa-mir-382,tissue,Prolactinoma
hsa-mir-100,tissue,Lung Neoplasms
hsa-mir-100,tissue,Thyroid Neoplasms
hsa-mir-100,tissue,Pancreatic Neoplasms
hsa-mir-100,tissue,Endometriosis
hsa-mir-100,tissue,Endometrial Neoplasms
hsa-mir-100,tissue,Psoriasis
hsa-mir-100,tissue,Periodontitis
hsa-mir-155,tissue,Asthma
hsa-mir-155,tissue,Myelodysplastic Syndromes
hsa-mir-155,tissue,Atherosclerosis
hsa-mir-155,tissue,Choriocarcinoma
hsa-mir-155,tissue,Crohn Disease
hsa-mir-155,tissue,Obesity
hsa-mir-155,tissue,Lupus Nephritis
hsa-mir-155,tissue,Endometrial Neoplasms
hsa-mir-155,tissue,Osteosarcoma
hsa-mir-155,tissue,Rectal Neoplasms
hsa-mir-155,tissue,Atrial Fibrillation
hsa-mir-155,tissue,Liposarcoma
hsa-mir-155,tissue,Inflammation
hsa-mir-155,tissue,Down Syndrome
hsa-mir-155,tissue,Vitiligo
hsa-mir-155,tissue,Astrocytoma
hsa-mir-155,tissue,Laryngeal Neoplasms
hsa-mir-155,tissue,Periodontal Diseases
hsa-mir-155,tissue,Lichen Planus
hsa-mir-155,tissue,Demyelinating Diseases
hsa-mir-155,tissue,Mycosis Fungoides
hsa-mir-155,tissue,Gaucher Disease
hsa-mir-422a,tissue,Laryngeal Neoplasms
hsa-mir-15b,tissue,Ovarian Neoplasms
hsa-mir-15b,tissue,Pancreatic Neoplasms
hsa-mir-15b,tissue,Endometriosis
hsa-mir-15b,tissue,Spinal Cord Injuries
hsa-mir-15b,tissue,Amyotrophic Lateral Sclerosis
hsa-mir-15b,tissue,Atrial Fibrillation
hsa-mir-15b,tissue,Inflammation
hsa-mir-15b,tissue,Astrocytoma
hsa-mir-15b,tissue,Barrett Esophagus
hsa-mir-15b,tissue,Cardiotoxicity
hsa-mir-1244,tissue,Borna Disease
hsa-mir-29c,tissue,Ovarian Neoplasms
hsa-mir-29c,tissue,Lymphoma
hsa-mir-29c,tissue,Alzheimer Disease
hsa-mir-29c,tissue,Endometriosis
hsa-mir-29c,tissue,Retinoblastoma
hsa-mir-29c,tissue,Endometrial Neoplasms
hsa-mir-29c,tissue,Meningioma
hsa-mir-29c,tissue,Salivary Gland Neoplasms
hsa-mir-485,tissue,Asthma
hsa-mir-485,tissue,Ovarian Neoplasms
hsa-mir-485,tissue,Endometriosis
hsa-mir-485,tissue,Ependymoma
hsa-mir-4286,tissue,Melanoma
hsa-mir-107,tissue,Lung Neoplasms
hsa-mir-107,tissue,Heart Failure
hsa-mir-107,tissue,Glioma
hsa-mir-107,tissue,Astrocytoma
hsa-mir-107,tissue,Meningioma
hsa-mir-26a-2,tissue,Melanoma
hsa-mir-26a-2,tissue,Heart Failure
hsa-mir-26a-2,tissue,Alzheimer Disease
hsa-mir-26a-2,tissue,Multiple Endocrine Neoplasia Type 1
hsa-mir-186,tissue,Lung Neoplasms
hsa-mir-186,tissue,Pancreatic Neoplasms
hsa-mir-186,tissue,Heart Failure
hsa-mir-186,tissue,Glioma
hsa-mir-186,tissue,Endometrial Neoplasms
hsa-mir-186,tissue,Amyotrophic Lateral Sclerosis
hsa-mir-186,tissue,Peritoneal Neoplasms
hsa-mir-122,tissue,Thyroid Neoplasms
hsa-mir-122,tissue,Melanoma
hsa-mir-122,tissue,Liver Cirrhosis
hsa-mir-122,tissue,Hepatoblastoma
hsa-mir-122,tissue,Liver Failure
hsa-mir-122,tissue,Asthenozoospermia
hsa-mir-18b,tissue,Lung Neoplasms
hsa-mir-18b,tissue,Glioma
hsa-mir-376a-2,tissue,Lung Neoplasms
hsa-mir-376a-2,tissue,Medulloblastoma
hsa-mir-376a-2,tissue,Salivary Gland Neoplasms
hsa-mir-181d,tissue,Ovarian Neoplasms
hsa-mir-181d,tissue,Glioblastoma
hsa-mir-181d,tissue,Medulloblastoma
hsa-mir-500a,tissue,Heart Failure
hsa-mir-375,tissue,Thyroid Neoplasms
hsa-mir-375,tissue,Glioblastoma
hsa-mir-375,tissue,Endometriosis
hsa-mir-375,tissue,Glioma
hsa-mir-375,tissue,Gastrointestinal Neoplasms
hsa-mir-375,tissue,Irritable Bowel Syndrome
hsa-mir-375,tissue,Rectal Neoplasms
hsa-mir-375,tissue,Pterygium
hsa-mir-375,tissue,Laryngeal Neoplasms
hsa-mir-375,tissue,Salivary Gland Neoplasms
hsa-mir-433,tissue,Retinoblastoma
hsa-mir-433,tissue,Gastrointestinal Neoplasms
hsa-mir-518b,tissue,Lymphoma
hsa-mir-518b,tissue,Esophageal Neoplasms
hsa-mir-518b,tissue,Chondrosarcoma
hsa-mir-518b,tissue,Gestational Trophoblastic Disease
hsa-mir-25,tissue,Thyroid Neoplasms
hsa-mir-25,tissue,Mesothelioma
hsa-mir-25,tissue,Gastrointestinal Neoplasms
hsa-mir-25,tissue,Atrial Fibrillation
hsa-mir-25,tissue,Endocrine Gland Neoplasms
hsa-mir-205,tissue,Lung Neoplasms
hsa-mir-205,tissue,Choriocarcinoma
hsa-mir-205,tissue,Heart Failure
hsa-mir-205,tissue,Cholangiocarcinoma
hsa-mir-205,tissue,Esophageal Neoplasms
hsa-mir-205,tissue,Laryngeal Neoplasms
hsa-mir-205,tissue,Barrett Esophagus
hsa-mir-205,tissue,Endocrine Gland Neoplasms
hsa-mir-205,tissue,Smoke Inhalation Injury
hsa-mir-205,tissue,Nephrosclerosis
hsa-mir-205,tissue,Esophagitis
hsa-mir-302f,tissue,Breast Neoplasms
hsa-mir-1827,tissue,Medulloblastoma
hsa-mir-23b,tissue,Melanoma
hsa-mir-23b,tissue,Heart Failure
hsa-mir-23b,tissue,Lymphoma
hsa-mir-23b,tissue,Liver Cirrhosis
hsa-mir-23b,tissue,Diabetic Cardiomyopathies
hsa-mir-23b,tissue,Salivary Gland Neoplasms
hsa-mir-23b,tissue,Prolactinoma
hsa-mir-27b,tissue,Lung Neoplasms
hsa-mir-27b,tissue,Ovarian Neoplasms
hsa-mir-27b,tissue,Pancreatic Neoplasms
hsa-mir-27b,tissue,Glioblastoma
hsa-mir-27b,tissue,Lymphoma
hsa-mir-27b,tissue,Multiple Sclerosis
hsa-mir-27b,tissue,Glioma
hsa-mir-27b,tissue,Esophageal Neoplasms
hsa-mir-27b,tissue,Endometrial Neoplasms
hsa-mir-27b,tissue,Amyotrophic Lateral Sclerosis
hsa-mir-27b,tissue,Osteoarthritis
hsa-mir-27b,tissue,Down Syndrome
hsa-mir-27b,tissue,Acquired Immunodeficiency Syndrome
hsa-mir-27b,tissue,Laryngeal Neoplasms
hsa-mir-27b,tissue,Lichen Planus
hsa-mir-1260a,tissue,Glioblastoma
hsa-mir-634,tissue,Melanoma
hsa-mir-151a,tissue,Amyotrophic Lateral Sclerosis
hsa-mir-329,tissue,Down Syndrome
hsa-mir-510,tissue,Breast Neoplasms
hsa-mir-510,tissue,Melanoma
hsa-mir-510,tissue,Fragile X Syndrome
hsa-mir-16-1,tissue,Melanoma
hsa-mir-16-1,tissue,Heart Failure
hsa-mir-16-1,tissue,Glioblastoma
hsa-mir-16-1,tissue,Multiple Sclerosis
hsa-mir-16-1,tissue,Spinal Cord Injuries
hsa-mir-16-1,tissue,Acute Lung Injury
hsa-mir-16-1,tissue,Osteosarcoma
hsa-mir-194,tissue,Lung Neoplasms
hsa-mir-194,tissue,Choriocarcinoma
hsa-mir-194,tissue,Multiple Myeloma
hsa-mir-194,tissue,Esophageal Neoplasms
hsa-mir-194,tissue,Barrett Esophagus
hsa-mir-34b,tissue,Lung Neoplasms
hsa-mir-34b,tissue,Thyroid Neoplasms
hsa-mir-34b,tissue,Heart Failure
hsa-mir-34b,tissue,Parkinson Disease
hsa-mir-34b,tissue,Hepatoblastoma
hsa-mir-34b,tissue,Seizures
hsa-mir-34b,tissue,Cardiotoxicity
hsa-mir-34b,tissue,Sertoli Cell-Only Syndrome
hsa-mir-34b,tissue,Smoke Inhalation Injury
hsa-mir-1183,tissue,Rectal Neoplasms
hsa-mir-412,tissue,Lung Neoplasms
hsa-let-7d,tissue,Breast Neoplasms
hsa-let-7d,tissue,Pituitary Neoplasms
hsa-let-7d,tissue,Asthma
hsa-let-7d,tissue,Ovarian Neoplasms
hsa-let-7d,tissue,Nasopharyngeal Neoplasms
hsa-let-7d,tissue,Heart Failure
hsa-let-7d,tissue,Amyotrophic Lateral Sclerosis
hsa-let-7d,tissue,Digestive System Neoplasms
hsa-let-7d,tissue,Mycosis Fungoides
hsa-mir-379,tissue,Medulloblastoma
hsa-mir-379,tissue,Oligodendroglioma
hsa-mir-138,tissue,Thyroid Neoplasms
hsa-mir-138,tissue,Glioma
hsa-mir-138,tissue,Down Syndrome
hsa-mir-138,tissue,Chondrosarcoma
hsa-mir-4291,tissue,Melanoma
hsa-mir-139,tissue,Heart Failure
hsa-mir-139,tissue,Glioblastoma
hsa-mir-139,tissue,Lymphoma
hsa-mir-139,tissue,Multiple Myeloma
hsa-mir-139,tissue,Medulloblastoma
hsa-mir-346,tissue,Inflammatory Bowel Diseases
hsa-mir-425,tissue,Breast Neoplasms
hsa-mir-425,tissue,Pancreatic Neoplasms
hsa-mir-425,tissue,Amyotrophic Lateral Sclerosis
hsa-mir-214,tissue,Lung Neoplasms
hsa-mir-214,tissue,Pancreatic Neoplasms
hsa-mir-214,tissue,Mesothelioma
hsa-mir-214,tissue,Cholangiocarcinoma
hsa-mir-214,tissue,Liver Cirrhosis
hsa-mir-214,tissue,Adrenal Cortex Neoplasms
hsa-mir-214,tissue,Bronchopulmonary Dysplasia
hsa-mir-214,tissue,Hepatoblastoma
hsa-mir-214,tissue,Retinal Neovascularization
hsa-mir-214,tissue,Laryngeal Neoplasms
hsa-mir-214,tissue,Cardiotoxicity
hsa-mir-519a,tissue,Ovarian Neoplasms
hsa-mir-1299,tissue,Ovarian Neoplasms
hsa-mir-575,tissue,Obesity
hsa-mir-429,tissue,Pancreatic Neoplasms
hsa-mir-429,tissue,Heart Failure
hsa-mir-429,tissue,Endometriosis
hsa-mir-429,tissue,Azoospermia
hsa-mir-429,tissue,Colitis
hsa-mir-429,tissue,Barrett Esophagus
hsa-mir-429,tissue,Endocrine Gland Neoplasms
hsa-mir-429,tissue,Nephrosclerosis
hsa-mir-873,tissue,Glioblastoma
hsa-mir-873,tissue,Endometriosis
hsa-mir-873,tissue,Hearing Disorders
hsa-mir-188,tissue,Rectal Neoplasms
hsa-mir-188,tissue,Salivary Gland Neoplasms
hsa-mir-1283,tissue,Endometriosis
hsa-mir-1283,tissue,Parkinson Disease
hsa-mir-222,tissue,Ovarian Neoplasms
hsa-mir-222,tissue,Myelodysplastic Syndromes
hsa-mir-222,tissue,Melanoma
hsa-mir-222,tissue,Endometriosis
hsa-mir-222,tissue,Glioma
hsa-mir-222,tissue,Gastrointestinal Neoplasms
hsa-mir-222,tissue,Liver Cirrhosis
hsa-mir-222,tissue,Biliary Tract Neoplasms
hsa-mir-222,tissue,Hepatoblastoma
hsa-mir-222,tissue,Prion Diseases
hsa-mir-222,tissue,Medulloblastoma
hsa-mir-222,tissue,Inflammation
hsa-mir-222,tissue,Neuroblastoma
hsa-mir-222,tissue,Endocrine Gland Neoplasms
hsa-mir-222,tissue,Peritoneal Neoplasms
hsa-mir-222,tissue,Eclampsia
hsa-mir-345,tissue,Breast Neoplasms
hsa-mir-345,tissue,Lymphoma
hsa-mir-345,tissue,Neuroendocrine Tumors
hsa-mir-4644,tissue,Pancreatic Neoplasms
hsa-mir-20a,tissue,Pancreatic Neoplasms
hsa-mir-20a,tissue,Mesothelioma
hsa-mir-20a,tissue,Multiple Sclerosis
hsa-mir-20a,tissue,Retinoblastoma
hsa-mir-20a,tissue,Stroke
hsa-mir-20a,tissue,Gastrointestinal Neoplasms
hsa-mir-20a,tissue,Esophageal Neoplasms
hsa-mir-20a,tissue,Azoospermia
hsa-mir-20a,tissue,Inflammation
hsa-mir-20a,tissue,Salivary Gland Neoplasms
hsa-mir-642a,tissue,Ovarian Neoplasms
hsa-mir-885,tissue,Glioblastoma
hsa-mir-885,tissue,Hepatoblastoma
hsa-mir-124-3,tissue,Lung Neoplasms
hsa-mir-124-3,tissue,Glioblastoma
hsa-mir-124-3,tissue,Retinoblastoma
hsa-mir-124-3,tissue,Astrocytoma
hsa-mir-7-2,tissue,Thyroid Neoplasms
hsa-mir-7-2,tissue,Glioblastoma
hsa-mir-7-2,tissue,Mesothelioma
hsa-mir-7-2,tissue,Gastrointestinal Neoplasms
hsa-mir-7-2,tissue,Azoospermia
hsa-mir-7-2,tissue,Neurilemmoma
hsa-mir-1291,tissue,Laryngeal Neoplasms
hsa-mir-143,tissue,Lung Neoplasms
hsa-mir-143,tissue,Asthma
hsa-mir-143,tissue,Atherosclerosis
hsa-mir-143,tissue,Choriocarcinoma
hsa-mir-143,tissue,Pancreatic Neoplasms
hsa-mir-143,tissue,Glioblastoma
hsa-mir-143,tissue,Myocardial Infarction
hsa-mir-143,tissue,Esophageal Neoplasms
hsa-mir-143,tissue,Medulloblastoma
hsa-mir-143,tissue,Inflammation
hsa-mir-143,tissue,Intracranial Aneurysm
hsa-mir-143,tissue,Pterygium
hsa-mir-143,tissue,Barrett Esophagus
hsa-mir-143,tissue,Aortic Aneurysm
hsa-mir-143,tissue,Endotoxemia
hsa-mir-143,tissue,Fibromyalgia
hsa-mir-143,tissue,Esophagitis
hsa-mir-125b-1,tissue,Thyroid Neoplasms
hsa-mir-125b-1,tissue,Melanoma
hsa-mir-125b-1,tissue,Pancreatic Neoplasms
hsa-mir-125b-1,tissue,Endometriosis
hsa-mir-125b-1,tissue,Glioma
hsa-mir-125b-1,tissue,Psoriasis
hsa-mir-125b-1,tissue,Medulloblastoma
hsa-mir-125b-1,tissue,Laryngeal Neoplasms
hsa-mir-125b-1,tissue,Lichen Planus
hsa-mir-125b-1,tissue,Prolactinoma
hsa-mir-125b-1,tissue,Nevus
hsa-mir-486,tissue,Lung Neoplasms
hsa-mir-486,tissue,Thyroid Neoplasms
hsa-mir-486,tissue,Ovarian Neoplasms
hsa-mir-486,tissue,Pancreatic Neoplasms
hsa-mir-486,tissue,Lymphoma
hsa-mir-486,tissue,Multiple Sclerosis
hsa-mir-486,tissue,Esophageal Neoplasms
hsa-mir-486,tissue,Testicular Neoplasms
hsa-mir-486,tissue,Liver Neoplasms
hsa-mir-486,tissue,Glaucoma
hsa-mir-486,tissue,Atrial Fibrillation
hsa-mir-486,tissue,Pterygium
hsa-mir-486,tissue,Laryngeal Neoplasms
hsa-mir-486,tissue,Barrett Esophagus
hsa-mir-486,tissue,Prolactinoma
hsa-mir-486,tissue,Cardiotoxicity
hsa-mir-339,tissue,Heart Failure
hsa-mir-339,tissue,Neuroblastoma
hsa-mir-339,tissue,Neuroendocrine Tumors
hsa-mir-4324,tissue,Melanoma
hsa-mir-455,tissue,Glioblastoma
hsa-mir-1290,tissue,Borna Disease
hsa-mir-452,tissue,Heart Failure
hsa-mir-452,tissue,Glioblastoma
hsa-mir-452,tissue,Esophageal Neoplasms
hsa-mir-1264,tissue,Laryngeal Neoplasms
hsa-mir-148a,tissue,Pancreatic Neoplasms
hsa-mir-148a,tissue,Heart Failure
hsa-mir-148a,tissue,Glioblastoma
hsa-mir-148a,tissue,Alzheimer Disease
hsa-mir-148a,tissue,Amyotrophic Lateral Sclerosis
hsa-mir-148a,tissue,Hepatoblastoma
hsa-mir-106a,tissue,Breast Neoplasms
hsa-mir-106a,tissue,Lung Neoplasms
hsa-mir-106a,tissue,Ovarian Neoplasms
hsa-mir-106a,tissue,Choriocarcinoma
hsa-mir-106a,tissue,Melanoma
hsa-mir-106a,tissue,Mesothelioma
hsa-mir-106a,tissue,Glioma
hsa-mir-106a,tissue,Gastrointestinal Neoplasms
hsa-mir-106a,tissue,Psoriasis
hsa-mir-106a,tissue,Atrial Fibrillation
hsa-mir-106a,tissue,Medulloblastoma
hsa-mir-106a,tissue,Retinal Neovascularization
hsa-mir-106a,tissue,Astrocytoma
hsa-mir-106a,tissue,Alopecia
hsa-mir-523,tissue,Heart Failure
hsa-mir-523,tissue,Obesity
hsa-mir-1973,tissue,Pterygium
hsa-mir-671,tissue,Lung Neoplasms
hsa-mir-671,tissue,Rectal Neoplasms
hsa-mir-671,tissue,Prolactinoma
hsa-mir-151b,tissue,Breast Neoplasms
hsa-mir-151b,tissue,Amyotrophic Lateral Sclerosis
hsa-mir-564,tissue,Breast Neoplasms
hsa-mir-301a,tissue,Melanoma
hsa-mir-301a,tissue,Crohn Disease
hsa-mir-301a,tissue,Periodontitis
hsa-mir-301a,tissue,Salivary Gland Neoplasms
hsa-mir-376a,tissue,Pancreatic Neoplasms
hsa-mir-181a,tissue,Breast Neoplasms
hsa-mir-181a,tissue,Lung Neoplasms
hsa-mir-181a,tissue,Ovarian Neoplasms
hsa-mir-181a,tissue,Heart Failure
hsa-mir-181a,tissue,Glioblastoma
hsa-mir-181a,tissue,Glioma
hsa-mir-181a,tissue,African Swine Fever
hsa-mir-584,tissue,Glioma
hsa-mir-584,tissue,Amyotrophic Lateral Sclerosis
hsa-mir-584,tissue,Inflammation
hsa-mir-584,tissue,Endocrine Gland Neoplasms
hsa-mir-33b,tissue,Lung Neoplasms
hsa-mir-518a,tissue,Hypertension
hsa-mir-4521,tissue,Borna Disease
hsa-mir-514a-3,tissue,Melanoma
hsa-mir-384,tissue,Laryngeal Neoplasms
hsa-mir-647,tissue,Ovarian Neoplasms
hsa-mir-216b,tissue,Lung Neoplasms
hsa-mir-216b,tissue,Pancreatic Neoplasms
hsa-mir-216b,tissue,Heart Failure
hsa-mir-323a,tissue,Epilepsy
hsa-mir-323a,tissue,Medulloblastoma
hsa-mir-93,tissue,Lymphoma
hsa-mir-93,tissue,Kidney Neoplasms
hsa-mir-93,tissue,Esophageal Neoplasms
hsa-mir-93,tissue,Amyotrophic Lateral Sclerosis
hsa-mir-93,tissue,Atrial Fibrillation
hsa-mir-93,tissue,Neuroblastoma
hsa-mir-93,tissue,Macular Degeneration
hsa-mir-93,tissue,Laryngeal Neoplasms
hsa-mir-93,tissue,Neuroendocrine Tumors
hsa-mir-93,tissue,Mycosis Fungoides
hsa-mir-625,tissue,Ovarian Neoplasms
hsa-mir-625,tissue,Pancreatic Neoplasms
hsa-mir-625,tissue,Endometrial Neoplasms
hsa-mir-3923,tissue,Breast Neoplasms
hsa-mir-19b-2,tissue,Heart Failure
hsa-mir-19b-2,tissue,Glioblastoma
hsa-mir-19b-2,tissue,Mesothelioma
hsa-mir-19b-2,tissue,Atrial Fibrillation
hsa-mir-19b-2,tissue,Periodontitis
hsa-mir-19b-2,tissue,Azoospermia
hsa-mir-19b-2,tissue,Inflammatory Bowel Diseases
hsa-mir-19b-1,tissue,Heart Failure
hsa-mir-19b-1,tissue,Glioblastoma
hsa-mir-19b-1,tissue,Mesothelioma
hsa-mir-19b-1,tissue,Retinoblastoma
hsa-mir-19b-1,tissue,Stroke
hsa-mir-19b-1,tissue,Gastrointestinal Neoplasms
hsa-mir-19b-1,tissue,Periodontitis
hsa-mir-19b-1,tissue,Azoospermia
hsa-mir-19b-1,tissue,Inflammatory Bowel Diseases
hsa-mir-19b-1,tissue,Inflammation
hsa-mir-372,tissue,Heart Failure
hsa-mir-372,tissue,Glioma
hsa-mir-372,tissue,Liver Neoplasms
hsa-mir-372,tissue,Azoospermia
hsa-mir-372,tissue,Seminoma
hsa-mir-592,tissue,Irritable Bowel Syndrome
hsa-mir-29a,tissue,Myocardial Infarction
hsa-mir-29a,tissue,Retinoblastoma
hsa-mir-29a,tissue,Glioma
hsa-mir-29a,tissue,Irritable Bowel Syndrome
hsa-mir-29a,tissue,Liver Neoplasms
hsa-mir-29a,tissue,Bronchopulmonary Dysplasia
hsa-mir-29a,tissue,Ependymoma
hsa-mir-29a,tissue,Neuroblastoma
hsa-mir-29a,tissue,Macular Degeneration
hsa-mir-29a,tissue,Endocrine Gland Neoplasms
hsa-mir-29a,tissue,Silicosis
hsa-mir-1305,tissue,Glioblastoma
hsa-mir-548a-3,tissue,Periodontitis
hsa-mir-340,tissue,Heart Failure
hsa-mir-30b,tissue,Lung Neoplasms
hsa-mir-30b,tissue,Pancreatic Neoplasms
hsa-mir-30b,tissue,Esophageal Neoplasms
hsa-mir-30b,tissue,Ischemia
hsa-mir-338,tissue,Pancreatic Neoplasms
hsa-mir-338,tissue,Gastrointestinal Neoplasms
hsa-mir-338,tissue,Medulloblastoma
hsa-mir-338,tissue,Fibromyalgia
hsa-mir-21,tissue,Thyroid Neoplasms
hsa-mir-21,tissue,Mesothelioma
hsa-mir-21,tissue,Alzheimer Disease
hsa-mir-21,tissue,Endometriosis
hsa-mir-21,tissue,Parkinson Disease
hsa-mir-21,tissue,Acute Lung Injury
hsa-mir-21,tissue,Endometrial Neoplasms
hsa-mir-21,tissue,Irritable Bowel Syndrome
hsa-mir-21,tissue,Rectal Neoplasms
hsa-mir-21,tissue,Liver Neoplasms
hsa-mir-21,tissue,Bronchopulmonary Dysplasia
hsa-mir-21,tissue,Periodontitis
hsa-mir-21,tissue,Prion Diseases
hsa-mir-21,tissue,Medulloblastoma
hsa-mir-21,tissue,Cardiomegaly
hsa-mir-21,tissue,Astrocytoma
hsa-mir-21,tissue,Laryngeal Neoplasms
hsa-mir-21,tissue,Barrett Esophagus
hsa-mir-21,tissue,Meningioma
hsa-mir-21,tissue,Salivary Gland Neoplasms
hsa-mir-21,tissue,Lichen Planus
hsa-mir-21,tissue,Demyelinating Diseases
hsa-mir-21,tissue,Neuroma
hsa-mir-21,tissue,Fibromyalgia
hsa-mir-21,tissue,Endocrine Gland Neoplasms
hsa-mir-21,tissue,Peritoneal Neoplasms
hsa-mir-21,tissue,Eclampsia
hsa-mir-509-3,tissue,Endometriosis
hsa-mir-509-3,tissue,Asthenozoospermia
hsa-mir-499a,tissue,Ovarian Neoplasms
hsa-mir-499a,tissue,Lymphoma
hsa-mir-487a,tissue,Laryngeal Neoplasms
hsa-mir-96,tissue,Ovarian Neoplasms
hsa-mir-96,tissue,Endometrial Neoplasms
hsa-mir-96,tissue,Hepatoblastoma
hsa-mir-96,tissue,Retinitis Pigmentosa
hsa-mir-146b,tissue,Melanoma
hsa-mir-146b,tissue,Pancreatic Neoplasms
hsa-mir-146b,tissue,Glioblastoma
hsa-mir-146b,tissue,Parkinson Disease
hsa-mir-146b,tissue,Gastrointestinal Neoplasms
hsa-mir-146b,tissue,Endometrial Neoplasms
hsa-mir-146b,tissue,Amyotrophic Lateral Sclerosis
hsa-mir-146b,tissue,Bronchopulmonary Dysplasia
hsa-mir-146b,tissue,Atrial Fibrillation
hsa-mir-146b,tissue,Osteoarthritis
hsa-mir-146b,tissue,Neuroblastoma
hsa-mir-146b,tissue,Periodontal Diseases
hsa-mir-146b,tissue,Asthenozoospermia
hsa-mir-146b,tissue,Endotoxemia
hsa-mir-146b,tissue,Endocrine Gland Neoplasms
hsa-mir-146b,tissue,Otitis Media
hsa-mir-1908,tissue,Chordoma
hsa-mir-1908,tissue,Borna Disease
hsa-mir-367,tissue,Heart Failure
hsa-mir-367,tissue,Glioma
hsa-mir-135b,tissue,Pancreatic Neoplasms
hsa-mir-135b,tissue,Hypertension
hsa-mir-135b,tissue,Retinoblastoma
hsa-mir-135b,tissue,Esophageal Neoplasms
hsa-mir-135b,tissue,Osteosarcoma
hsa-mir-1471,tissue,Rectal Neoplasms
hsa-mir-922,tissue,Frontotemporal Lobar Degeneration
hsa-mir-297,tissue,Heart Failure
hsa-mir-515,tissue,Hearing Disorders
hsa-mir-520d,tissue,Heart Failure
hsa-mir-520d,tissue,Periodontitis
hsa-mir-520d,tissue,Azoospermia
hsa-mir-1,tissue,Breast Neoplasms
hsa-mir-1,tissue,Lung Neoplasms
hsa-mir-1,tissue,Pituitary Neoplasms
hsa-mir-1,tissue,Endometriosis
hsa-mir-1,tissue,Aortic Aneurysm
hsa-mir-1,tissue,Retinitis Pigmentosa
hsa-mir-1,tissue,Myositis
hsa-mir-202,tissue,Lung Neoplasms
hsa-mir-202,tissue,Endometriosis
hsa-mir-202,tissue,Multiple System Atrophy
hsa-mir-556,tissue,Endometriosis
hsa-mir-211,tissue,Medulloblastoma
hsa-mir-211,tissue,Pterygium
hsa-mir-187,tissue,Asthma
hsa-mir-187,tissue,Ovarian Neoplasms
hsa-mir-187,tissue,Cardiotoxicity
hsa-mir-466,tissue,Atrial Fibrillation
hsa-mir-550a,tissue,Amyotrophic Lateral Sclerosis
hsa-mir-302d,tissue,Glioma
hsa-mir-302d,tissue,Hepatoblastoma
hsa-mir-302d,tissue,Medulloblastoma
hsa-mir-942,tissue,Biliary Tract Neoplasms
hsa-mir-101,tissue,Breast Neoplasms
hsa-mir-101,tissue,Pancreatic Neoplasms
hsa-mir-101,tissue,Medulloblastoma
hsa-mir-101,tissue,Endocrine Gland Neoplasms
hsa-mir-7847,tissue,Prader-Willi Syndrome
hsa-mir-34a,tissue,Myelodysplastic Syndromes
hsa-mir-34a,tissue,Choriocarcinoma
hsa-mir-34a,tissue,Glioblastoma
hsa-mir-34a,tissue,Retinoblastoma
hsa-mir-34a,tissue,Amyotrophic Lateral Sclerosis
hsa-mir-34a,tissue,Osteosarcoma
hsa-mir-34a,tissue,Liver Neoplasms
hsa-mir-34a,tissue,Bronchopulmonary Dysplasia
hsa-mir-34a,tissue,Hepatoblastoma
hsa-mir-34a,tissue,Inflammation
hsa-mir-34a,tissue,Astrocytoma
hsa-mir-34a,tissue,Salivary Gland Neoplasms
hsa-mir-34a,tissue,Cardiotoxicity
hsa-mir-34a,tissue,Osteonecrosis
hsa-mir-622,tissue,Ovarian Neoplasms
hsa-mir-622,tissue,Rectal Neoplasms
hsa-mir-140,tissue,Lung Neoplasms
hsa-mir-140,tissue,Ovarian Neoplasms
hsa-mir-140,tissue,Multiple Sclerosis
hsa-mir-140,tissue,Hepatoblastoma
hsa-mir-140,tissue,Salivary Gland Neoplasms
hsa-mir-140,tissue,Thymoma
hsa-mir-223,tissue,Lung Neoplasms
hsa-mir-223,tissue,Atherosclerosis
hsa-mir-223,tissue,Melanoma
hsa-mir-223,tissue,Multiple Myeloma
hsa-mir-223,tissue,Endometriosis
hsa-mir-223,tissue,Gastrointestinal Neoplasms
hsa-mir-223,tissue,Esophageal Neoplasms
hsa-mir-223,tissue,Amyotrophic Lateral Sclerosis
hsa-mir-223,tissue,Irritable Bowel Syndrome
hsa-mir-223,tissue,Osteosarcoma
hsa-mir-223,tissue,Hepatoblastoma
hsa-mir-223,tissue,Atrial Fibrillation
hsa-mir-223,tissue,Medulloblastoma
hsa-mir-223,tissue,Acquired Immunodeficiency Syndrome
hsa-mir-223,tissue,Astrocytoma
hsa-mir-223,tissue,Mycosis Fungoides
hsa-mir-223,tissue,Fibromyalgia
hsa-mir-223,tissue,Lyme Disease
hsa-mir-223,tissue,Mastitis
hsa-mir-223,tissue,Peritoneal Neoplasms
hsa-mir-223,tissue,Chorioamnionitis
hsa-mir-449a,tissue,Ovarian Neoplasms
hsa-mir-449a,tissue,Osteosarcoma
hsa-mir-449a,tissue,Salivary Gland Neoplasms
hsa-mir-449a,tissue,Sertoli Cell-Only Syndrome
hsa-mir-30c-1,tissue,Pancreatic Neoplasms
hsa-mir-30c-1,tissue,Heart Failure
hsa-mir-30c-1,tissue,Mesothelioma
hsa-mir-128,tissue,Pancreatic Neoplasms
hsa-mir-128,tissue,Cholangiocarcinoma
hsa-mir-128,tissue,Amyotrophic Lateral Sclerosis
hsa-mir-300,tissue,Ovarian Neoplasms
hsa-mir-300,tissue,Heart Failure
hsa-mir-603,tissue,Pancreatic Neoplasms
hsa-mir-552,tissue,Pancreatic Neoplasms
hsa-mir-874,tissue,Asthma
hsa-mir-136,tissue,Lung Neoplasms
hsa-mir-136,tissue,Heart Failure
hsa-mir-136,tissue,Prolactinoma
hsa-mir-574,tissue,Melanoma
hsa-mir-574,tissue,Endometriosis
hsa-mir-574,tissue,Esophageal Neoplasms
hsa-mir-574,tissue,Atrial Fibrillation
hsa-let-7c,tissue,Pituitary Neoplasms
hsa-let-7c,tissue,Nasopharyngeal Neoplasms
hsa-let-7c,tissue,Pancreatic Neoplasms
hsa-let-7c,tissue,Retinoblastoma
hsa-let-7c,tissue,Esophageal Neoplasms
hsa-let-7c,tissue,Digestive System Neoplasms
hsa-let-7c,tissue,Periodontitis
hsa-let-7c,tissue,Nevus
hsa-let-7c,tissue,Smoke Inhalation Injury
hsa-mir-494,tissue,Pancreatic Neoplasms
hsa-mir-494,tissue,Heart Failure
hsa-mir-494,tissue,Glioma
hsa-mir-494,tissue,Cholangiocarcinoma
hsa-mir-494,tissue,Medulloblastoma
hsa-mir-668,tissue,Breast Neoplasms
hsa-mir-374b,tissue,Breast Neoplasms
hsa-mir-374b,tissue,Asthenozoospermia
hsa-mir-144,tissue,Amyotrophic Lateral Sclerosis
hsa-mir-144,tissue,Osteosarcoma
hsa-mir-144,tissue,Atrial Fibrillation
hsa-mir-144,tissue,Medulloblastoma
hsa-mir-144,tissue,Laryngeal Neoplasms
hsa-mir-144,tissue,Salivary Gland Neoplasms
hsa-mir-144,tissue,Prolactinoma
hsa-let-7a-2,tissue,Nasopharyngeal Neoplasms
hsa-let-7a-2,tissue,Pancreatic Neoplasms
hsa-let-7a-2,tissue,Heart Failure
hsa-let-7a-2,tissue,Glioblastoma
hsa-let-7a-2,tissue,Spinal Cord Injuries
hsa-let-7a-2,tissue,Digestive System Neoplasms
hsa-let-7a-2,tissue,Periodontitis
hsa-let-7a-2,tissue,Cholesteatoma
hsa-let-7a-2,tissue,Barrett Esophagus
hsa-let-7a-2,tissue,Salivary Gland Neoplasms
hsa-let-7a-2,tissue,Mycosis Fungoides
hsa-mir-9-3,tissue,Lung Neoplasms
hsa-mir-9-3,tissue,Endometrial Neoplasms
hsa-mir-9-3,tissue,Biliary Tract Neoplasms
hsa-mir-9-3,tissue,Brain Neoplasms
hsa-mir-9-3,tissue,Neuroblastoma
hsa-mir-197,tissue,Melanoma
hsa-mir-197,tissue,Glioblastoma
hsa-mir-197,tissue,Psoriasis
hsa-mir-197,tissue,Astrocytoma
hsa-mir-218,tissue,Breast Neoplasms
hsa-mir-218,tissue,Lung Neoplasms
hsa-mir-218,tissue,Pancreatic Neoplasms
hsa-mir-218,tissue,Glioma
hsa-mir-218,tissue,Gastrointestinal Neoplasms
hsa-mir-218,tissue,Medulloblastoma
hsa-mir-218,tissue,Astrocytoma
hsa-mir-484,tissue,Melanoma
hsa-mir-484,tissue,Multiple Sclerosis
hsa-mir-484,tissue,Adrenal Cortex Neoplasms
hsa-mir-185,tissue,Breast Neoplasms
hsa-mir-185,tissue,Asthma
hsa-mir-663b,tissue,Pterygium
hsa-mir-663b,tissue,Balkan Nephropathy
hsa-mir-95,tissue,Lung Neoplasms
hsa-mir-95,tissue,Pancreatic Neoplasms
hsa-mir-95,tissue,Glioblastoma
hsa-mir-95,tissue,Hepatoblastoma
hsa-let-7g,tissue,Pituitary Neoplasms
hsa-let-7g,tissue,Ovarian Neoplasms
hsa-let-7g,tissue,Nasopharyngeal Neoplasms
hsa-let-7g,tissue,Parkinson Disease
hsa-let-7g,tissue,Gastrointestinal Neoplasms
hsa-let-7g,tissue,Amyotrophic Lateral Sclerosis
hsa-let-7g,tissue,Rectal Neoplasms
hsa-let-7g,tissue,Digestive System Neoplasms
hsa-let-7g,tissue,Endotoxemia
hsa-mir-302b,tissue,Heart Failure
hsa-mir-302b,tissue,Glioma
hsa-mir-302b,tissue,Medulloblastoma
hsa-mir-495,tissue,Breast Neoplasms
hsa-mir-495,tissue,Leukemia
hsa-mir-495,tissue,Crohn Disease
hsa-mir-495,tissue,Periodontitis
hsa-mir-495,tissue,Medulloblastoma
hsa-mir-495,tissue,Salivary Gland Neoplasms
hsa-mir-527,tissue,Hypertension
hsa-mir-527,tissue,Glioma
hsa-mir-544b,tissue,Glioma
hsa-mir-17,tissue,Pancreatic Neoplasms
hsa-mir-17,tissue,Heart Failure
hsa-mir-17,tissue,Glioblastoma
hsa-mir-17,tissue,Retinoblastoma
hsa-mir-17,tissue,Stroke
hsa-mir-17,tissue,Glioma
hsa-mir-17,tissue,Gastrointestinal Neoplasms
hsa-mir-17,tissue,Tuberculosis
hsa-mir-17,tissue,Hepatoblastoma
hsa-mir-17,tissue,Periodontitis
hsa-mir-17,tissue,Azoospermia
hsa-mir-17,tissue,Inflammation
hsa-mir-17,tissue,Ependymoma
hsa-mir-17,tissue,Salivary Gland Neoplasms
hsa-mir-17,tissue,Prolactinoma
hsa-mir-17,tissue,Lymphoproliferative Disorders
hsa-mir-30e,tissue,Ovarian Neoplasms
hsa-mir-30e,tissue,Obesity
hsa-mir-30e,tissue,Periodontal Diseases
hsa-mir-633,tissue,Endometrial Neoplasms
hsa-mir-619,tissue,Prader-Willi Syndrome
hsa-mir-371a,tissue,Glioma
hsa-mir-371a,tissue,Azoospermia
hsa-mir-92a-1,tissue,Thyroid Neoplasms
hsa-mir-92a-1,tissue,Mesothelioma
hsa-mir-92a-1,tissue,Osteosarcoma
hsa-mir-92a-1,tissue,Azoospermia
hsa-mir-92a-1,tissue,Neuroblastoma
hsa-mir-92a-1,tissue,Mycosis Fungoides
hsa-mir-199b,tissue,Lung Neoplasms
hsa-mir-199b,tissue,Pancreatic Neoplasms
hsa-mir-199b,tissue,Heart Failure
hsa-mir-199b,tissue,Cholangiocarcinoma
hsa-mir-199b,tissue,Hepatoblastoma
hsa-mir-199b,tissue,Prolactinoma
hsa-mir-199b,tissue,Cardiotoxicity
hsa-mir-373,tissue,Heart Failure
hsa-mir-373,tissue,Azoospermia
hsa-mir-373,tissue,Medulloblastoma
hsa-mir-618,tissue,Obesity
hsa-mir-361,tissue,Crohn Disease
hsa-mir-361,tissue,Medulloblastoma
hsa-mir-198,tissue,Breast Neoplasms
hsa-mir-198,tissue,Lupus Nephritis
hsa-mir-152,tissue,Breast Neoplasms
hsa-mir-152,tissue,Neuroblastoma
hsa-mir-503,tissue,Breast Neoplasms
hsa-mir-503,tissue,Lung Neoplasms
hsa-mir-503,tissue,Glioblastoma
hsa-mir-503,tissue,Endometriosis
hsa-mir-503,tissue,Adrenal Cortex Neoplasms
hsa-mir-503,tissue,Bronchopulmonary Dysplasia
hsa-mir-133b,tissue,Breast Neoplasms
hsa-mir-133b,tissue,Thyroid Neoplasms
hsa-mir-133b,tissue,Ovarian Neoplasms
hsa-mir-133b,tissue,Pancreatic Neoplasms
hsa-mir-133b,tissue,Heart Failure
hsa-mir-133b,tissue,Lymphoma
hsa-mir-133b,tissue,Glioma
hsa-mir-133b,tissue,Testicular Neoplasms
hsa-mir-133b,tissue,Liver Neoplasms
hsa-mir-133b,tissue,Salivary Gland Neoplasms
hsa-mir-129-1,tissue,Breast Neoplasms
hsa-mir-129-1,tissue,Brain Neoplasms
hsa-let-7b,tissue,Pituitary Neoplasms
hsa-let-7b,tissue,Thyroid Neoplasms
hsa-let-7b,tissue,Nasopharyngeal Neoplasms
hsa-let-7b,tissue,Melanoma
hsa-let-7b,tissue,Pancreatic Neoplasms
hsa-let-7b,tissue,Obesity
hsa-let-7b,tissue,Esophageal Neoplasms
hsa-let-7b,tissue,Digestive System Neoplasms
hsa-let-7b,tissue,Periodontitis
hsa-let-7b,tissue,Prion Diseases
hsa-let-7b,tissue,Infertility
hsa-let-7b,tissue,Endocrine Gland Neoplasms
hsa-let-7b,tissue,Carcinosarcoma
hsa-let-7b,tissue,Smoke Inhalation Injury
hsa-mir-145,tissue,Eosinophilic Esophagitis
hsa-mir-145,tissue,Multiple Myeloma
hsa-mir-145,tissue,Glioma
hsa-mir-145,tissue,Lupus Nephritis
hsa-mir-145,tissue,Esophageal Neoplasms
hsa-mir-145,tissue,Biliary Tract Neoplasms
hsa-mir-145,tissue,Irritable Bowel Syndrome
hsa-mir-145,tissue,Hepatoblastoma
hsa-mir-145,tissue,Liposarcoma
hsa-mir-145,tissue,Medulloblastoma
hsa-mir-145,tissue,Inflammation
hsa-mir-145,tissue,Vitiligo
hsa-mir-145,tissue,Laryngeal Neoplasms
hsa-mir-145,tissue,Barrett Esophagus
hsa-mir-145,tissue,Meningioma
hsa-mir-145,tissue,Aortic Aneurysm
hsa-mir-145,tissue,Fibromyalgia
hsa-mir-145,tissue,Esophagitis
hsa-mir-302c,tissue,Heart Failure
hsa-mir-302c,tissue,Glioma
hsa-mir-302c,tissue,Biliary Tract Neoplasms
hsa-mir-302c,tissue,Salivary Gland Neoplasms
hsa-mir-183,tissue,Thyroid Neoplasms
hsa-mir-183,tissue,Ovarian Neoplasms
hsa-mir-183,tissue,Pancreatic Neoplasms
hsa-mir-183,tissue,Esophageal Neoplasms
hsa-mir-183,tissue,Endometrial Neoplasms
hsa-mir-183,tissue,Amyotrophic Lateral Sclerosis
hsa-mir-183,tissue,Osteoarthritis
hsa-mir-183,tissue,Astrocytoma
hsa-mir-183,tissue,Pheochromocytoma
hsa-mir-183,tissue,Retinitis Pigmentosa
hsa-mir-183,tissue,Endocrine Gland Neoplasms
hsa-mir-513b,tissue,Melanoma
hsa-mir-513b,tissue,Retinoblastoma
hsa-mir-106b,tissue,Mesothelioma
hsa-mir-106b,tissue,Glioma
hsa-mir-106b,tissue,Gastrointestinal Neoplasms
hsa-mir-106b,tissue,Esophageal Neoplasms
hsa-mir-106b,tissue,Amyotrophic Lateral Sclerosis
hsa-mir-106b,tissue,Osteosarcoma
hsa-mir-106b,tissue,Hepatoblastoma
hsa-mir-106b,tissue,Atrial Fibrillation
hsa-mir-106b,tissue,Medulloblastoma
hsa-mir-106b,tissue,Neuroblastoma
hsa-mir-106b,tissue,Periodontal Diseases
hsa-mir-4758,tissue,Ganglioglioma
hsa-mir-642b,tissue,Guillain-Barre Syndrome
hsa-mir-363,tissue,Lymphoma
hsa-mir-363,tissue,Atrial Fibrillation
hsa-mir-363,tissue,Leiomyoma
hsa-mir-1265,tissue,Laryngeal Neoplasms
hsa-mir-4317,tissue,Melanoma
hsa-mir-1322,tissue,Esophageal Neoplasms
hsa-mir-320a,tissue,Macular Degeneration
hsa-mir-24-1,tissue,Lung Neoplasms
hsa-mir-24-1,tissue,Melanoma
hsa-mir-24-1,tissue,Pancreatic Neoplasms
hsa-mir-24-1,tissue,Heart Failure
hsa-mir-24-1,tissue,Liver Neoplasms
hsa-mir-23a,tissue,Ovarian Neoplasms
hsa-mir-23a,tissue,Melanoma
hsa-mir-23a,tissue,Pancreatic Neoplasms
hsa-mir-23a,tissue,Multiple Myeloma
hsa-mir-23a,tissue,Coronary Artery Disease
hsa-mir-23a,tissue,Glioma
hsa-mir-23a,tissue,Amyotrophic Lateral Sclerosis
hsa-mir-23a,tissue,Osteosarcoma
hsa-mir-23a,tissue,Periodontitis
hsa-mir-23a,tissue,Astrocytoma
hsa-mir-586,tissue,Osteosarcoma
hsa-mir-590,tissue,Breast Neoplasms
hsa-mir-590,tissue,Atrial Fibrillation
hsa-mir-27a,tissue,Ovarian Neoplasms
hsa-mir-27a,tissue,Glioma
hsa-mir-27a,tissue,Osteoporosis
hsa-mir-27a,tissue,Esophageal Neoplasms
hsa-mir-27a,tissue,Rectal Neoplasms
hsa-mir-27a,tissue,Glaucoma
hsa-mir-27a,tissue,Osteoarthritis
hsa-mir-27a,tissue,Down Syndrome
hsa-mir-27a,tissue,Intervertebral Disc Degeneration
hsa-mir-483,tissue,Rectal Neoplasms
hsa-mir-483,tissue,Atrial Fibrillation
hsa-mir-483,tissue,Medulloblastoma
hsa-mir-483,tissue,Pheochromocytoma
hsa-mir-483,tissue,Peritoneal Neoplasms
hsa-mir-496,tissue,Neuroblastoma
hsa-mir-489,tissue,Ovarian Neoplasms
hsa-mir-29b-2,tissue,Lung Neoplasms
hsa-mir-29b-2,tissue,Myocardial Infarction
hsa-mir-29b-2,tissue,Retinoblastoma
hsa-mir-29b-2,tissue,Osteosarcoma
hsa-mir-29b-2,tissue,Ischemia
hsa-mir-767,tissue,Glioma
hsa-mir-708,tissue,Pancreatic Neoplasms
hsa-mir-708,tissue,Lymphoma
hsa-mir-708,tissue,Endometriosis
hsa-mir-708,tissue,Laryngeal Neoplasms
hsa-mir-299,tissue,Salivary Gland Neoplasms
hsa-mir-652,tissue,Lung Neoplasms
hsa-mir-652,tissue,Osteosarcoma
hsa-mir-492,tissue,Hepatoblastoma
hsa-mir-208b,tissue,Heart Failure
hsa-mir-208b,tissue,Spinal Cord Injuries
hsa-mir-92a,tissue,Lung Neoplasms
hsa-mir-92a,tissue,Ovarian Neoplasms
hsa-mir-92a,tissue,Atherosclerosis
hsa-mir-92a,tissue,Heart Failure
hsa-mir-92a,tissue,Lymphoma
hsa-mir-92a,tissue,Myocardial Infarction
hsa-mir-92a,tissue,Multiple Sclerosis
hsa-mir-92a,tissue,Esophageal Neoplasms
hsa-mir-92a,tissue,Ischemia
hsa-mir-92a,tissue,Prolactinoma
hsa-mir-92a,tissue,Smoke Inhalation Injury
hsa-mir-504,tissue,Lung Neoplasms
hsa-mir-504,tissue,Glioblastoma
hsa-mir-504,tissue,Endometriosis
hsa-mir-504,tissue,Glioma
hsa-mir-504,tissue,Amyotrophic Lateral Sclerosis
hsa-mir-504,tissue,Medulloblastoma
hsa-mir-138-1,tissue,Thyroid Neoplasms
hsa-mir-138-1,tissue,Melanoma
hsa-mir-138-1,tissue,Lymphoma
hsa-mir-138-1,tissue,Astrocytoma
hsa-mir-200a,tissue,Pancreatic Neoplasms
hsa-mir-200a,tissue,Endometriosis
hsa-mir-200a,tissue,Obesity
hsa-mir-200a,tissue,Cholangiocarcinoma
hsa-mir-200a,tissue,Esophageal Neoplasms
hsa-mir-200a,tissue,Liver Neoplasms
hsa-mir-200a,tissue,Pterygium
hsa-mir-200a,tissue,Barrett Esophagus
hsa-mir-200a,tissue,Endocrine Gland Neoplasms
hsa-mir-200a,tissue,Nephrosclerosis
hsa-mir-208a,tissue,Atrial Fibrillation
hsa-mir-208a,tissue,Cardiomegaly
hsa-mir-612,tissue,Glioblastoma
hsa-mir-125a,tissue,Retinal Degeneration
hsa-mir-125a,tissue,Lymphoma
hsa-mir-125a,tissue,Endometriosis
hsa-mir-125a,tissue,Obesity
hsa-mir-125a,tissue,Rectal Neoplasms
hsa-mir-125a,tissue,Hepatoblastoma
hsa-mir-125a,tissue,Leiomyosarcoma
hsa-mir-98,tissue,Breast Neoplasms
hsa-mir-98,tissue,Heart Failure
hsa-mir-98,tissue,Hypertension
hsa-mir-98,tissue,Myocardial Infarction
hsa-mir-98,tissue,Glioma
hsa-mir-98,tissue,Gastrointestinal Neoplasms
hsa-mir-98,tissue,Osteoarthritis
hsa-mir-192,tissue,Lung Neoplasms
hsa-mir-192,tissue,Asthma
hsa-mir-192,tissue,Ovarian Neoplasms
hsa-mir-192,tissue,Crohn Disease
hsa-mir-192,tissue,Esophageal Neoplasms
hsa-mir-192,tissue,Irritable Bowel Syndrome
hsa-mir-192,tissue,Laryngeal Neoplasms
hsa-mir-192,tissue,Barrett Esophagus
hsa-mir-192,tissue,Nephrosclerosis
hsa-mir-30c-2,tissue,Breast Neoplasms
hsa-mir-30c-2,tissue,Pancreatic Neoplasms
hsa-mir-30c-2,tissue,Heart Failure
hsa-mir-30c-2,tissue,Mesothelioma
hsa-mir-30c-2,tissue,Retinoblastoma
hsa-mir-524,tissue,Glioblastoma
hsa-mir-342,tissue,Breast Neoplasms
hsa-mir-342,tissue,Diabetes Mellitus
hsa-mir-342,tissue,Lymphoma
hsa-mir-342,tissue,Obesity
hsa-mir-342,tissue,Amyotrophic Lateral Sclerosis
hsa-mir-342,tissue,Endotoxemia
hsa-mir-342,tissue,Prolactinoma
hsa-mir-203a,tissue,Breast Neoplasms
hsa-let-7a-3,tissue,Nasopharyngeal Neoplasms
hsa-let-7a-3,tissue,Pancreatic Neoplasms
hsa-let-7a-3,tissue,Glioblastoma
hsa-let-7a-3,tissue,Spinal Cord Injuries
hsa-let-7a-3,tissue,Digestive System Neoplasms
hsa-let-7a-3,tissue,Periodontitis
hsa-let-7a-3,tissue,Cholesteatoma
hsa-let-7a-3,tissue,Barrett Esophagus
hsa-let-7a-3,tissue,Salivary Gland Neoplasms
hsa-let-7a-3,tissue,Mycosis Fungoides
hsa-mir-661,tissue,Breast Neoplasms
hsa-mir-190b,tissue,Breast Neoplasms
hsa-mir-190b,tissue,Lung Neoplasms
hsa-mir-331,tissue,Lung Neoplasms
hsa-mir-34c,tissue,Heart Failure
hsa-mir-34c,tissue,Glioblastoma
hsa-mir-34c,tissue,Alzheimer Disease
hsa-mir-34c,tissue,Endometriosis
hsa-mir-34c,tissue,Parkinson Disease
hsa-mir-34c,tissue,Liver Neoplasms
hsa-mir-34c,tissue,Hepatoblastoma
hsa-mir-34c,tissue,Medulloblastoma
hsa-mir-34c,tissue,Infertility
hsa-mir-34c,tissue,Leiomyosarcoma
hsa-mir-34c,tissue,Asthenozoospermia
hsa-mir-34c,tissue,Cardiotoxicity
hsa-mir-34c,tissue,Sertoli Cell-Only Syndrome
hsa-mir-34c,tissue,Smoke Inhalation Injury
hsa-mir-32,tissue,Pancreatic Neoplasms
hsa-mir-32,tissue,Heart Failure
hsa-mir-376b,tissue,Parkinson Disease
hsa-mir-663a,tissue,Breast Neoplasms
hsa-mir-663a,tissue,Rectal Neoplasms
hsa-mir-663a,tissue,Chordoma
hsa-mir-663a,tissue,Burns
hsa-mir-548b,tissue,Astrocytoma
hsa-mir-548b,tissue,Frontotemporal Lobar Degeneration
hsa-mir-103a,tissue,Pancreatic Neoplasms
hsa-mir-103a,tissue,Mesothelioma
hsa-mir-103a,tissue,Amyotrophic Lateral Sclerosis
hsa-mir-200c,tissue,Pancreatic Neoplasms
hsa-mir-200c,tissue,Heart Failure
hsa-mir-200c,tissue,Endometriosis
hsa-mir-200c,tissue,Gastrointestinal Neoplasms
hsa-mir-200c,tissue,Barrett Esophagus
hsa-mir-200c,tissue,Endocrine Gland Neoplasms
hsa-mir-19a,tissue,Glioblastoma
hsa-mir-19a,tissue,Retinoblastoma
hsa-mir-19a,tissue,Stroke
hsa-mir-19a,tissue,Gastrointestinal Neoplasms
hsa-mir-19a,tissue,Psoriasis
hsa-mir-19a,tissue,Huntington Disease
hsa-mir-19a,tissue,Azoospermia
hsa-mir-19a,tissue,Inflammation
hsa-mir-19a,tissue,Osteonecrosis
hsa-let-7f-1,target,Melanoma
hsa-let-7f-1,target,Mesothelioma
hsa-let-7f-1,target,Endometrial Neoplasms
hsa-let-7f-1,target,Medulloblastoma
hsa-let-7f-1,target,Inflammation
hsa-mir-129,target,Lung Neoplasms
hsa-mir-129,target,Ovarian Neoplasms
hsa-mir-129,target,Glioblastoma
hsa-mir-129,target,Parkinson Disease
hsa-mir-129,target,Glioma
hsa-mir-129,target,Osteosarcoma
hsa-mir-129,target,Neuroblastoma
hsa-mir-147a,target,Breast Neoplasms
hsa-mir-26b,target,Glioma
hsa-mir-26b,target,Cholangiocarcinoma
hsa-mir-26b,target,Psoriasis
hsa-mir-193a,target,Ovarian Neoplasms
hsa-mir-193a,target,Glioma
hsa-mir-193a,target,Endometrial Neoplasms
hsa-mir-193a,target,Osteosarcoma
hsa-mir-193a,target,Inflammatory Bowel Diseases
hsa-mir-323b,target,Osteosarcoma
hsa-mir-217,target,Lung Neoplasms
hsa-mir-217,target,Liver Cirrhosis
hsa-mir-217,target,Osteosarcoma
hsa-mir-526b,target,Lung Neoplasms
hsa-mir-526b,target,Coronary Artery Disease
hsa-mir-758,target,Atherosclerosis
hsa-mir-758,target,Glioblastoma
hsa-mir-190a,target,Breast Neoplasms
hsa-mir-665,target,Ovarian Neoplasms
hsa-mir-665,target,Intervertebral Disc Degeneration
hsa-mir-765,target,Breast Neoplasms
hsa-mir-1228,target,Breast Neoplasms
hsa-mir-1228,target,Lung Neoplasms
hsa-mir-1228,target,Osteosarcoma
hsa-mir-324,target,Alzheimer Disease
hsa-mir-324,target,Glioma
hsa-mir-324,target,Osteoarthritis
hsa-mir-324,target,Medulloblastoma
hsa-mir-1207,target,Breast Neoplasms
hsa-mir-1207,target,Nasopharyngeal Neoplasms
hsa-mir-216a,target,Asthma
hsa-mir-216a,target,Atherosclerosis
hsa-mir-216a,target,Osteoporosis
hsa-mir-216a,target,Liver Neoplasms
hsa-mir-320c,target,Pancreatic Neoplasms
hsa-mir-92a-2,target,Ovarian Neoplasms
hsa-mir-92a-2,target,Glioblastoma
hsa-mir-92a-2,target,Medulloblastoma
hsa-mir-610,target,Lung Neoplasms
hsa-mir-610,target,Multiple Myeloma
hsa-mir-218-1,target,Nasopharyngeal Neoplasms
hsa-mir-218-1,target,Pancreatic Neoplasms
hsa-mir-218-1,target,Glioblastoma
hsa-mir-218-1,target,Medulloblastoma
hsa-mir-520e,target,Lung Neoplasms
hsa-mir-210,target,Sepsis
hsa-mir-210,target,Spinal Cord Injuries
hsa-mir-210,target,Obesity
hsa-mir-210,target,Cholangiocarcinoma
hsa-mir-210,target,Psoriasis
hsa-mir-210,target,Neurilemmoma
hsa-mir-210,target,Idiopathic Pulmonary Fibrosis
hsa-mir-210,target,Neuroblastoma
hsa-mir-210,target,Laryngeal Neoplasms
hsa-mir-210,target,Pheochromocytoma
hsa-mir-497,target,Lung Neoplasms
hsa-mir-497,target,Diabetes Mellitus
hsa-mir-497,target,Kidney Neoplasms
hsa-mir-497,target,Gastrointestinal Neoplasms
hsa-mir-497,target,Neuroblastoma
hsa-mir-16-2,target,Ovarian Neoplasms
hsa-mir-16-2,target,Pancreatic Neoplasms
hsa-mir-16-2,target,Retinoblastoma
hsa-mir-16-2,target,Glioma
hsa-mir-16-2,target,Liver Failure
hsa-mir-16-2,target,Laryngeal Neoplasms
hsa-mir-16-2,target,Odontogenic Tumors
hsa-mir-196b,target,Breast Neoplasms
hsa-mir-944,target,Osteosarcoma
hsa-mir-802,target,Osteosarcoma
hsa-mir-451a,target,Glioblastoma
hsa-mir-451a,target,Glioma
hsa-mir-451a,target,Epilepsy
hsa-mir-130b,target,Glioma
hsa-mir-130b,target,Endometrial Neoplasms
hsa-mir-130b,target,Fragile X Syndrome
hsa-mir-370,target,Breast Neoplasms
hsa-mir-370,target,Atherosclerosis
hsa-mir-370,target,Liver Cirrhosis
hsa-mir-370,target,Osteoarthritis
hsa-mir-431,target,Atherosclerosis
hsa-mir-431,target,Glioblastoma
hsa-mir-431,target,Medulloblastoma
hsa-mir-411,target,Mesothelioma
hsa-mir-411,target,Spinal Cord Injuries
hsa-mir-411,target,Rhabdomyosarcoma
hsa-mir-92b,target,Breast Neoplasms
hsa-mir-92b,target,Glioblastoma
hsa-mir-92b,target,Glioma
hsa-mir-92b,target,Esophageal Neoplasms
hsa-mir-2278,target,Leukemia
hsa-mir-449b,target,Liver Neoplasms
hsa-mir-33a,target,Osteosarcoma
hsa-mir-33a,target,Osteoarthritis
hsa-mir-33a,target,Laryngeal Neoplasms
hsa-mir-608,target,Hypertension
hsa-mir-608,target,Metabolic Syndrome
hsa-mir-608,target,Chordoma
hsa-mir-525,target,Liver Neoplasms
hsa-mir-105,target,Lung Neoplasms
hsa-mir-105,target,Heart Failure
hsa-mir-105,target,Hypertension
hsa-mir-105,target,Inflammation
hsa-mir-657,target,Diabetes Mellitus
hsa-mir-206,target,Atherosclerosis
hsa-mir-206,target,Pancreatic Neoplasms
hsa-mir-206,target,Bronchopulmonary Dysplasia
hsa-mir-206,target,Inflammation
hsa-mir-206,target,Encephalitis
hsa-mir-206,target,Legg-Calve-Perthes Disease
hsa-mir-454,target,Coronary Artery Disease
hsa-mir-454,target,Kidney Neoplasms
hsa-mir-454,target,Osteosarcoma
hsa-mir-215,target,Pancreatic Neoplasms
hsa-mir-215,target,Multiple Myeloma
hsa-mir-215,target,Kidney Neoplasms
hsa-mir-215,target,Endometrial Neoplasms
hsa-mir-215,target,Hirschsprung Disease
hsa-mir-3928,target,Osteosarcoma
hsa-mir-383,target,Heart Failure
hsa-mir-383,target,Lymphoma
hsa-mir-383,target,Spinal Cord Injuries
hsa-mir-383,target,Glioma
hsa-mir-383,target,Cholangiocarcinoma
hsa-mir-383,target,Skin Neoplasms
hsa-mir-383,target,Granulosa Cell Tumor
hsa-mir-9500,target,Liver Neoplasms
hsa-mir-545,target,Lung Neoplasms
hsa-mir-545,target,Coronary Artery Disease
hsa-mir-4739,target,Lymphoma
hsa-mir-125b-2,target,Leukemia
hsa-mir-125b-2,target,Alzheimer Disease
hsa-mir-125b-2,target,Glioma
hsa-mir-125b-2,target,Endometrial Neoplasms
hsa-mir-125b-2,target,Osteosarcoma
hsa-mir-125b-2,target,Huntington Disease
hsa-mir-125b-2,target,Hematologic Neoplasms
hsa-mir-605,target,Cholangiocarcinoma
hsa-mir-760,target,Breast Neoplasms
hsa-mir-933,target,Ovarian Neoplasms
hsa-mir-26a-1,target,Breast Neoplasms
hsa-mir-26a-1,target,Nasopharyngeal Neoplasms
hsa-mir-26a-1,target,Lymphoma
hsa-mir-26a-1,target,Cholangiocarcinoma
hsa-mir-26a-1,target,Esophageal Neoplasms
hsa-mir-18a,target,Leukemia
hsa-mir-18a,target,Heart Failure
hsa-mir-18a,target,Glioblastoma
hsa-mir-18a,target,Alzheimer Disease
hsa-mir-18a,target,Coronary Artery Disease
hsa-mir-18a,target,Medulloblastoma
hsa-mir-18a,target,Neuroblastoma
hsa-mir-18a,target,Hemangiosarcoma
hsa-mir-30a,target,Sepsis
hsa-mir-30a,target,Glioma
hsa-mir-30a,target,Giant Cell Tumor of Bone
hsa-mir-30a,target,Osteosarcoma
hsa-mir-30a,target,Chondrosarcoma
hsa-mir-30a,target,Hidradenitis Suppurativa
hsa-mir-656,target,Glioma
hsa-mir-15a,target,Endometriosis
hsa-mir-15a,target,Myasthenia Gravis
hsa-mir-15a,target,Retinoblastoma
hsa-mir-15a,target,Arthritis
hsa-mir-15a,target,Osteosarcoma
hsa-mir-15a,target,Acute Coronary Syndrome
hsa-mir-15a,target,Inflammation
hsa-mir-15a,target,Neuroblastoma
hsa-mir-15a,target,Intervertebral Disc Degeneration
hsa-mir-15a,target,Odontogenic Tumors
hsa-mir-15a,target,Varicocele
hsa-mir-585,target,Coronary Artery Disease
hsa-mir-142,target,Thyroid Neoplasms
hsa-mir-142,target,Spinal Cord Injuries
hsa-mir-142,target,Inflammation
hsa-mir-142,target,Fever
hsa-mir-142,target,Peritoneal Fibrosis
hsa-mir-302a,target,Atherosclerosis
hsa-mir-302a,target,Glioblastoma
hsa-mir-302a,target,Osteosarcoma
hsa-mir-302a,target,Periodontitis
hsa-mir-199a,target,Multiple Myeloma
hsa-mir-199a,target,Endometriosis
hsa-mir-199a,target,Coronary Artery Disease
hsa-mir-199a,target,Spinal Cord Injuries
hsa-mir-199a,target,Liver Cirrhosis
hsa-mir-199a,target,Liver Neoplasms
hsa-mir-199a,target,Atrial Fibrillation
hsa-mir-199a,target,Osteoarthritis
hsa-mir-376c,target,Ovarian Neoplasms
hsa-mir-148b,target,Pancreatic Neoplasms
hsa-mir-148b,target,Kidney Neoplasms
hsa-mir-149,target,Ovarian Neoplasms
hsa-mir-149,target,Diabetes Mellitus
hsa-mir-149,target,Osteoarthritis
hsa-mir-149,target,Inflammation
hsa-mir-562,target,Breast Neoplasms
hsa-mir-548c,target,Ovarian Neoplasms
hsa-mir-718,target,Sepsis
hsa-mir-491,target,Breast Neoplasms
hsa-mir-491,target,Glioma
hsa-mir-491,target,Osteosarcoma
hsa-mir-491,target,Tongue Neoplasms
hsa-mir-1288,target,Chronic Pain
hsa-mir-127,target,Glioblastoma
hsa-mir-127,target,Osteoarthritis
hsa-mir-127,target,Inflammation
hsa-mir-181c,target,Breast Neoplasms
hsa-mir-181c,target,Pancreatic Neoplasms
hsa-mir-181c,target,Diabetes Mellitus
hsa-mir-181c,target,Machado-Joseph Disease
hsa-mir-181c,target,Neuroblastoma
hsa-mir-664a,target,Osteosarcoma
hsa-mir-638,target,Asthma
hsa-mir-638,target,Melanoma
hsa-mir-638,target,Glioma
hsa-mir-126,target,Melanoma
hsa-mir-126,target,Giant Cell Tumor of Bone
hsa-mir-126,target,Liver Cirrhosis
hsa-mir-126,target,Liver Neoplasms
hsa-mir-126,target,Diabetic Retinopathy
hsa-mir-126,target,Chondrosarcoma
hsa-mir-126,target,Leishmaniasis
hsa-mir-126,target,Thrombosis
hsa-mir-204,target,Thyroid Neoplasms
hsa-mir-204,target,Diabetes Mellitus
hsa-mir-204,target,Glioblastoma
hsa-mir-204,target,Lymphoma
hsa-mir-204,target,Hypertension
hsa-mir-204,target,Endometrial Neoplasms
hsa-mir-204,target,Osteosarcoma
hsa-mir-204,target,Osteoarthritis
hsa-mir-204,target,Inflammation
hsa-mir-1271,target,Ovarian Neoplasms
hsa-mir-1271,target,Pancreatic Neoplasms
hsa-mir-939,target,Hemangioma
hsa-mir-939,target,Coronary Artery Disease
hsa-mir-22,target,Myelodysplastic Syndromes
hsa-mir-22,target,Sepsis
hsa-mir-22,target,Lymphoma
hsa-mir-22,target,Coronary Artery Disease
hsa-mir-22,target,Esophageal Neoplasms
hsa-mir-22,target,Huntington Disease
hsa-mir-22,target,Arteriosclerosis Obliterans
hsa-mir-22,target,Rhabdomyosarcoma
hsa-mir-22,target,Medulloblastoma
hsa-mir-22,target,Astrocytoma
hsa-mir-22,target,Emphysema
hsa-mir-501,target,Glioma
hsa-mir-520f,target,Glioblastoma
hsa-mir-301b,target,Melanoma
hsa-mir-301b,target,Diabetes Mellitus
hsa-mir-154,target,Coronary Artery Disease
hsa-mir-30d,target,Thyroid Neoplasms
hsa-mir-30d,target,Intervertebral Disc Degeneration
hsa-mir-30d,target,Pelvic Organ Prolapse
hsa-mir-1224,target,Glioma
hsa-mir-29b-1,target,Melanoma
hsa-mir-29b-1,target,Glioblastoma
hsa-mir-29b-1,target,Multiple Sclerosis
hsa-mir-29b-1,target,Rhabdomyosarcoma
hsa-mir-487b,target,Lung Neoplasms
hsa-mir-328,target,Atherosclerosis
hsa-mir-328,target,Hypertension
hsa-mir-328,target,Glioma
hsa-mir-328,target,Hepatoblastoma
hsa-mir-328,target,Inflammation
hsa-mir-125b,target,Sepsis
hsa-mir-125b,target,Heart Failure
hsa-mir-125b,target,Liver Cirrhosis
hsa-mir-125b,target,Endomyocardial Fibrosis
hsa-mir-125b,target,Liver Neoplasms
hsa-mir-125b,target,Arteriosclerosis Obliterans
hsa-mir-125b,target,Osteoarthritis
hsa-mir-125b,target,Inflammatory Bowel Diseases
hsa-mir-125b,target,Medulloblastoma
hsa-mir-4480,target,Macular Degeneration
hsa-mir-3648,target,Breast Neoplasms
hsa-mir-29b,target,Thyroid Neoplasms
hsa-mir-29b,target,Asthma
hsa-mir-29b,target,Glioblastoma
hsa-mir-29b,target,Multiple Myeloma
hsa-mir-29b,target,Obesity
hsa-mir-29b,target,Cholangiocarcinoma
hsa-mir-29b,target,Glaucoma
hsa-mir-29b,target,Diabetic Retinopathy
hsa-mir-29b,target,Inflammation
hsa-mir-29b,target,Neuroblastoma
hsa-let-7i,target,Retinal Degeneration
hsa-let-7i,target,Coronary Artery Disease
hsa-let-7i,target,Endometrial Neoplasms
hsa-mir-629,target,Multiple Sclerosis
hsa-mir-218-2,target,Thyroid Neoplasms
hsa-mir-218-2,target,Nasopharyngeal Neoplasms
hsa-mir-218-2,target,Pancreatic Neoplasms
hsa-mir-218-2,target,Glioblastoma
hsa-mir-218-2,target,Medulloblastoma
hsa-mir-378a,target,Endometrial Neoplasms
hsa-mir-378a,target,Rhabdomyosarcoma
hsa-mir-378a,target,Cardiomegaly
hsa-mir-664b,target,Lymphoma
hsa-mir-643,target,Pancreatic Neoplasms
hsa-mir-181a-2,target,Liver Cirrhosis
hsa-mir-181a-2,target,Ischemia
hsa-mir-7,target,Ovarian Neoplasms
hsa-mir-7,target,Melanoma
hsa-mir-7,target,Brain Neoplasms
hsa-mir-7,target,Intervertebral Disc Degeneration
hsa-mir-7,target,Aniridia
hsa-mir-20b,target,Tuberculosis
hsa-mir-20b,target,Diabetic Retinopathy
hsa-mir-20b,target,Encephalomyelitis
hsa-mir-543,target,Hypertension
hsa-mir-543,target,Esophageal Neoplasms
hsa-mir-543,target,Osteosarcoma
hsa-mir-543,target,Periodontitis
hsa-mir-432,target,Atherosclerosis
hsa-mir-432,target,Melanoma
hsa-mir-432,target,Neuroblastoma
hsa-mir-630,target,Breast Neoplasms
hsa-mir-630,target,Lung Neoplasms
hsa-mir-630,target,Pancreatic Neoplasms
hsa-mir-639,target,Tongue Neoplasms
hsa-mir-1246,target,Inflammatory Bowel Diseases
hsa-mir-1246,target,Corneal Neovascularization
hsa-mir-542,target,Lung Neoplasms
hsa-mir-542,target,Glioma
hsa-mir-542,target,Neuroblastoma
hsa-mir-542,target,Astrocytoma
hsa-mir-595,target,Inflammatory Bowel Diseases
hsa-mir-595,target,Neuroblastoma
hsa-mir-330,target,Lung Neoplasms
hsa-mir-330,target,Ovarian Neoplasms
hsa-mir-330,target,Pancreatic Neoplasms
hsa-mir-330,target,Glioblastoma
hsa-mir-330,target,Alzheimer Disease
hsa-mir-2682,target,Osteosarcoma
hsa-mir-493,target,Melanoma
hsa-mir-16,target,Pituitary Neoplasms
hsa-mir-16,target,Atherosclerosis
hsa-mir-16,target,Hypertension
hsa-mir-16,target,Myocardial Infarction
hsa-mir-16,target,Spinal Cord Injuries
hsa-mir-16,target,Cholangiocarcinoma
hsa-mir-16,target,Cystic Fibrosis
hsa-mir-16,target,Short Bowel Syndrome
hsa-mir-409,target,Osteosarcoma
hsa-mir-409,target,Encephalomyelitis
hsa-mir-200b,target,Retinal Degeneration
hsa-mir-200b,target,Diabetes Mellitus
hsa-mir-200b,target,Lymphoma
hsa-mir-200b,target,Metabolic Syndrome
hsa-mir-200b,target,Osteosarcoma
hsa-mir-200b,target,Liver Neoplasms
hsa-mir-200b,target,Periodontitis
hsa-mir-200b,target,Inflammatory Bowel Diseases
hsa-mir-200b,target,Tongue Neoplasms
hsa-mir-200b,target,Biliary Atresia
hsa-mir-128-2,target,Breast Neoplasms
hsa-mir-128-2,target,Ovarian Neoplasms
hsa-mir-128-2,target,Glioma
hsa-mir-128-2,target,Neuroblastoma
hsa-mir-134,target,Breast Neoplasms
hsa-mir-134,target,Atherosclerosis
hsa-mir-134,target,Glioblastoma
hsa-mir-134,target,Fragile X Syndrome
hsa-mir-134,target,Osteosarcoma
hsa-mir-134,target,Epilepsy
hsa-mir-141,target,Glioma
hsa-mir-141,target,Kidney Neoplasms
hsa-mir-141,target,Amyotrophic Lateral Sclerosis
hsa-mir-141,target,Liver Neoplasms
hsa-mir-141,target,Hirschsprung Disease
hsa-mir-141,target,Osteoarthritis
hsa-mir-141,target,Hyperglycemia
hsa-mir-31,target,Leukemia
hsa-mir-31,target,Sepsis
hsa-mir-31,target,Hypertrophy
hsa-mir-31,target,Coronary Artery Disease
hsa-mir-31,target,Endometrial Neoplasms
hsa-mir-31,target,Liver Neoplasms
hsa-mir-31,target,Arteriosclerosis Obliterans
hsa-mir-31,target,Cystic Fibrosis
hsa-mir-31,target,Colitis
hsa-mir-31,target,Chordoma
hsa-mir-1225,target,Breast Neoplasms
hsa-mir-1225,target,Glioblastoma
hsa-mir-421,target,Hypertension
hsa-mir-421,target,Biliary Tract Neoplasms
hsa-mir-421,target,Neuroblastoma
hsa-mir-191,target,Thyroid Neoplasms
hsa-mir-191,target,Endometriosis
hsa-mir-224,target,Ovarian Neoplasms
hsa-mir-224,target,Melanoma
hsa-mir-224,target,Pancreatic Neoplasms
hsa-mir-224,target,Cholangiocarcinoma
hsa-mir-224,target,Liver Cirrhosis
hsa-mir-224,target,Inflammatory Bowel Diseases
hsa-mir-224,target,Meningioma
hsa-let-7a,target,Retinal Degeneration
hsa-let-7a,target,Heart Failure
hsa-let-7a,target,Glioblastoma
hsa-let-7a,target,Esophageal Neoplasms
hsa-let-7a,target,Psoriasis
hsa-let-7a,target,Hirschsprung Disease
hsa-let-7a,target,Brain Neoplasms
hsa-mir-1185,target,Atherosclerosis
hsa-let-7e,target,Retinal Degeneration
hsa-let-7e,target,Melanoma
hsa-let-7e,target,Multiple Myeloma
hsa-let-7e,target,Endometrial Neoplasms
hsa-let-7e,target,Inflammation
hsa-mir-3162,target,Asthma
hsa-mir-1281,target,Osteosarcoma
hsa-mir-520h,target,Lung Neoplasms
hsa-mir-598,target,Glioblastoma
hsa-mir-4736,target,Lymphoma
hsa-mir-184,target,Ovarian Neoplasms
hsa-mir-184,target,Nasopharyngeal Neoplasms
hsa-mir-212,target,Breast Neoplasms
hsa-mir-212,target,Ovarian Neoplasms
hsa-mir-212,target,Pancreatic Neoplasms
hsa-mir-212,target,Glioblastoma
hsa-mir-212,target,Alzheimer Disease
hsa-mir-212,target,Dementia
hsa-mir-196a,target,Melanoma
hsa-mir-196a,target,Laryngeal Neoplasms
hsa-mir-766,target,Alzheimer Disease
hsa-mir-1202,target,Glioma
hsa-mir-26a,target,Heart Failure
hsa-mir-26a,target,Lymphoma
hsa-mir-26a,target,Retinoblastoma
hsa-mir-26a,target,Glaucoma
hsa-mir-26a,target,Inflammation
hsa-mir-26a,target,Idiopathic Pulmonary Fibrosis
hsa-mir-19b,target,Atherosclerosis
hsa-mir-19b,target,Melanoma
hsa-mir-19b,target,Heart Failure
hsa-mir-19b,target,Diabetes Mellitus
hsa-mir-19b,target,Hypertrophy
hsa-mir-19b,target,Hypertension
hsa-mir-19b,target,Gastrointestinal Neoplasms
hsa-mir-19b,target,Osteosarcoma
hsa-mir-19b,target,Medulloblastoma
hsa-mir-19b,target,Cardiomegaly
hsa-mir-19b,target,Antiphospholipid Syndrome
hsa-mir-182,target,Myocardial Infarction
hsa-mir-182,target,Multiple Myeloma
hsa-mir-182,target,Metabolic Syndrome
hsa-mir-182,target,Liver Neoplasms
hsa-mir-182,target,Inflammation
hsa-mir-381,target,Breast Neoplasms
hsa-mir-381,target,Lung Neoplasms
hsa-mir-381,target,Pituitary Neoplasms
hsa-mir-381,target,Glioma
hsa-mir-381,target,Kidney Neoplasms
hsa-mir-381,target,Osteosarcoma
hsa-mir-381,target,Tuberculosis
hsa-mir-146a,target,Leukemia
hsa-mir-146a,target,Graves Disease
hsa-mir-146a,target,Acute Lung Injury
hsa-mir-146a,target,Astrocytoma
hsa-mir-146a,target,Coronavirus Infections
hsa-mir-513a,target,Lung Neoplasms
hsa-mir-520c,target,Breast Neoplasms
hsa-mir-520c,target,Glioma
hsa-mir-520c,target,Fibrosarcoma
hsa-mir-424,target,Leukemia
hsa-mir-424,target,Diabetes Mellitus
hsa-mir-424,target,Hypertension
hsa-mir-424,target,Glioma
hsa-mir-193b,target,Breast Neoplasms
hsa-mir-193b,target,Glioblastoma
hsa-mir-193b,target,Obesity
hsa-mir-193b,target,Glioma
hsa-mir-193b,target,Inflammation
hsa-mir-365b,target,Lung Neoplasms
hsa-mir-10a,target,Lung Neoplasms
hsa-mir-10a,target,Glioma
hsa-mir-10a,target,Lupus Nephritis
hsa-mir-10a,target,Neuroblastoma
hsa-mir-632,target,Breast Neoplasms
hsa-mir-30c,target,Atherosclerosis
hsa-mir-30c,target,Glioma
hsa-mir-150,target,Breast Neoplasms
hsa-mir-150,target,Thyroid Neoplasms
hsa-mir-150,target,Hypertrophy
hsa-mir-150,target,Multiple Myeloma
hsa-mir-150,target,Metabolic Syndrome
hsa-mir-150,target,Osteoporosis
hsa-mir-150,target,Esophageal Neoplasms
hsa-mir-150,target,Huntington Disease
hsa-mir-150,target,Osteoarthritis
hsa-mir-150,target,Inflammatory Bowel Diseases
hsa-mir-150,target,Pulmonary Embolism
hsa-mir-150,target,Cardiomegaly
hsa-mir-150,target,Thrombosis
hsa-mir-150,target,Fever
hsa-mir-150,target,Venous Thromboembolism
hsa-mir-181b,target,Ovarian Neoplasms
hsa-mir-181b,target,Pancreatic Neoplasms
hsa-mir-181b,target,Retinoblastoma
hsa-mir-181b,target,Glioma
hsa-mir-181b,target,Aortic Valve Disease
hsa-mir-181b,target,Acute Lung Injury
hsa-mir-181b,target,Liver Cirrhosis
hsa-mir-181b,target,Psoriasis
hsa-mir-181b,target,Osteosarcoma
hsa-mir-99a,target,Atherosclerosis
hsa-mir-99a,target,Multiple Myeloma
hsa-mir-99a,target,Liver Cirrhosis
hsa-mir-99a,target,Esophageal Neoplasms
hsa-mir-99a,target,Thrombocytopenia
hsa-mir-502,target,Esophageal Neoplasms
hsa-mir-637,target,Melanoma
hsa-mir-637,target,Glioma
hsa-mir-637,target,Hirschsprung Disease
hsa-mir-1247,target,Pancreatic Neoplasms
hsa-mir-1247,target,Osteosarcoma
hsa-mir-1247,target,Pneumonia
hsa-mir-660,target,Lung Neoplasms
hsa-mir-660,target,Graves Disease
hsa-mir-505,target,Alzheimer Disease
hsa-mir-532,target,Melanoma
hsa-mir-221,target,Lung Neoplasms
hsa-mir-221,target,Marek Disease
hsa-mir-221,target,Brain Neoplasms
hsa-mir-221,target,Neuroblastoma
hsa-mir-221,target,Liver Failure
hsa-mir-221,target,Laryngeal Neoplasms
hsa-mir-221,target,Diarrhea
hsa-mir-221,target,Peritoneal Fibrosis
hsa-mir-548t,target,Breast Neoplasms
hsa-mir-128-1,target,Breast Neoplasms
hsa-mir-128-1,target,Ovarian Neoplasms
hsa-mir-128-1,target,Glioma
hsa-mir-128-1,target,Neuroblastoma
hsa-mir-124,target,Ovarian Neoplasms
hsa-mir-124,target,Melanoma
hsa-mir-124,target,Alzheimer Disease
hsa-mir-124,target,Myocardial Infarction
hsa-mir-124,target,Liver Neoplasms
hsa-mir-124,target,Inflammatory Bowel Diseases
hsa-mir-124,target,Inflammation
hsa-mir-124,target,Lichen Planus
hsa-mir-124,target,Angiomyolipoma
hsa-mir-124,target,Congenital Hypothyroidism
hsa-let-7f-2,target,Melanoma
hsa-let-7f-2,target,Mesothelioma
hsa-let-7f-2,target,Endometrial Neoplasms
hsa-let-7f-2,target,Inflammation
hsa-mir-520b,target,Breast Neoplasms
hsa-mir-520b,target,Lung Neoplasms
hsa-mir-498,target,Lung Neoplasms
hsa-mir-645,target,Osteosarcoma
hsa-mir-645,target,Chronic Pain
hsa-mir-490,target,Atherosclerosis
hsa-mir-365a,target,Lung Neoplasms
hsa-mir-548d,target,Breast Neoplasms
hsa-mir-548d,target,Osteopetrosis
hsa-mir-132,target,Pituitary Neoplasms
hsa-mir-132,target,Atherosclerosis
hsa-mir-132,target,Melanoma
hsa-mir-132,target,Myocardial Infarction
hsa-mir-132,target,Multiple Sclerosis
hsa-mir-132,target,Parkinson Disease
hsa-mir-132,target,Liver Neoplasms
hsa-mir-132,target,Dementia
hsa-mir-132,target,Angiomyolipoma
hsa-mir-4650,target,Pancreatic Neoplasms
hsa-mir-320b,target,Multiple Sclerosis
hsa-mir-7-1,target,Lung Neoplasms
hsa-mir-7-1,target,Melanoma
hsa-mir-7-1,target,Parkinson Disease
hsa-mir-7-1,target,Glioma
hsa-mir-9,target,Asthma
hsa-mir-9,target,Atherosclerosis
hsa-mir-9,target,Hemangioma
hsa-mir-9,target,Diabetes Mellitus
hsa-mir-9,target,Alzheimer Disease
hsa-mir-9,target,Multiple Sclerosis
hsa-mir-9,target,Metabolic Syndrome
hsa-mir-9,target,Liver Cirrhosis
hsa-mir-9,target,Diabetic Cardiomyopathies
hsa-mir-9,target,Angiomyolipoma
hsa-mir-9,target,MELAS Syndrome
hsa-mir-1245b,target,Breast Neoplasms
hsa-mir-937,target,Alzheimer Disease
hsa-mir-377,target,Breast Neoplasms
hsa-mir-377,target,Glioblastoma
hsa-mir-377,target,Osteosarcoma
hsa-mir-377,target,Atrial Fibrillation
hsa-mir-24,target,Atherosclerosis
hsa-mir-24,target,Glioblastoma
hsa-mir-24,target,Obesity
hsa-mir-24,target,Gastrointestinal Neoplasms
hsa-mir-24,target,Osteosarcoma
hsa-mir-24,target,Liver Neoplasms
hsa-mir-24,target,Hirschsprung Disease
hsa-mir-24,target,Arteriosclerosis Obliterans
hsa-mir-24,target,Osteoarthritis
hsa-mir-24,target,Inflammation
hsa-mir-24,target,Osteomyelitis
hsa-mir-410,target,Lung Neoplasms
hsa-mir-410,target,Pituitary Neoplasms
hsa-mir-410,target,Retinal Degeneration
hsa-mir-410,target,Atherosclerosis
hsa-mir-410,target,Pancreatic Neoplasms
hsa-mir-410,target,Glioma
hsa-mir-410,target,Osteosarcoma
hsa-mir-296,target,Alzheimer Disease
hsa-mir-296,target,Brain Neoplasms
hsa-mir-181b-2,target,Lung Neoplasms
hsa-mir-181b-2,target,Glioma
hsa-mir-181b-2,target,Liver Cirrhosis
hsa-mir-624,target,Coronary Artery Disease
hsa-mir-613,target,Alzheimer Disease
hsa-mir-613,target,Retinoblastoma
hsa-mir-613,target,Osteosarcoma
hsa-mir-646,target,Osteosarcoma
hsa-mir-10b,target,Nasopharyngeal Neoplasms
hsa-mir-10b,target,Osteosarcoma
hsa-mir-10b,target,Neuroblastoma
hsa-mir-10b,target,Intervertebral Disc Degeneration
hsa-mir-137,target,Breast Neoplasms
hsa-mir-137,target,Ovarian Neoplasms
hsa-mir-137,target,Multiple Myeloma
hsa-mir-137,target,Osteoporosis
hsa-mir-137,target,Osteosarcoma
hsa-mir-137,target,Intellectual Disability
hsa-mir-137,target,Oligodendroglioma
hsa-mir-1231,target,Glioma
hsa-mir-24-2,target,Retinoblastoma
hsa-mir-24-2,target,Glioma
hsa-mir-24-2,target,Osteosarcoma
hsa-mir-24-2,target,Laryngeal Neoplasms
hsa-mir-103a-2,target,Alzheimer Disease
hsa-mir-103a-2,target,Endometrial Neoplasms
hsa-mir-103a-2,target,Pain
hsa-let-7f,target,Retinal Degeneration
hsa-mir-539,target,Thyroid Neoplasms
hsa-mir-539,target,Heart Failure
hsa-mir-539,target,Osteosarcoma
hsa-mir-509,target,Ovarian Neoplasms
hsa-mir-326,target,Thyroid Neoplasms
hsa-mir-326,target,Osteosarcoma
hsa-mir-326,target,Brain Neoplasms
hsa-mir-326,target,Medulloblastoma
hsa-mir-1236,target,Inflammation
hsa-mir-4262,target,Acute Lung Injury
hsa-mir-195,target,Leukemia
hsa-mir-195,target,Lung Neoplasms
hsa-mir-195,target,Sepsis
hsa-mir-195,target,Pancreatic Neoplasms
hsa-mir-195,target,Glioblastoma
hsa-mir-195,target,Alzheimer Disease
hsa-mir-195,target,Endometriosis
hsa-mir-195,target,Glioma
hsa-mir-195,target,Liver Cirrhosis
hsa-mir-195,target,Diabetic Retinopathy
hsa-mir-195,target,Wilms Tumor
hsa-mir-362,target,Lung Neoplasms
hsa-mir-362,target,Kidney Neoplasms
hsa-mir-362,target,Neuroblastoma
hsa-mir-138-2,target,Lung Neoplasms
hsa-mir-138-2,target,Ovarian Neoplasms
hsa-mir-138-2,target,Nasopharyngeal Neoplasms
hsa-mir-655,target,Pituitary Neoplasms
hsa-mir-641,target,Lung Neoplasms
hsa-mir-675,target,Breast Neoplasms
hsa-mir-675,target,Melanoma
hsa-mir-675,target,Glioma
hsa-mir-675,target,Osteosarcoma
hsa-mir-675,target,Cataract
hsa-mir-511,target,Lung Neoplasms
hsa-mir-511,target,Alzheimer Disease
hsa-mir-569,target,Hepatoblastoma
hsa-mir-1301,target,Osteosarcoma
hsa-mir-130a,target,Glioblastoma
hsa-mir-130a,target,Myocardial Infarction
hsa-mir-130a,target,Glioma
hsa-mir-130a,target,Psoriasis
hsa-mir-130a,target,Osteoarthritis
hsa-mir-133a,target,Asthma
hsa-mir-133a,target,Ovarian Neoplasms
hsa-mir-133a,target,Atherosclerosis
hsa-mir-133a,target,Diabetes Mellitus
hsa-mir-133a,target,Osteosarcoma
hsa-mir-133a,target,Arteriosclerosis Obliterans
hsa-mir-133a,target,Inflammation
hsa-mir-133a,target,Intracranial Aneurysm
hsa-mir-153,target,Lung Neoplasms
hsa-mir-153,target,Pancreatic Neoplasms
hsa-mir-153,target,Osteosarcoma
hsa-mir-153,target,Neuroblastoma
hsa-mir-153,target,Intervertebral Disc Degeneration
hsa-mir-335,target,Lung Neoplasms
hsa-mir-335,target,Sepsis
hsa-mir-335,target,Pancreatic Neoplasms
hsa-mir-335,target,Osteosarcoma
hsa-mir-335,target,Osteoarthritis
hsa-mir-335,target,Neuroblastoma
hsa-mir-335,target,Meningioma
hsa-mir-382,target,Ovarian Neoplasms
hsa-mir-382,target,Atherosclerosis
hsa-mir-382,target,Osteosarcoma
hsa-mir-100,target,Nasopharyngeal Neoplasms
hsa-mir-100,target,Glioblastoma
hsa-mir-100,target,Alzheimer Disease
hsa-mir-100,target,Multiple Sclerosis
hsa-mir-100,target,Chondrosarcoma
hsa-mir-100,target,Pneumonia
hsa-mir-155,target,Marek Disease
hsa-mir-155,target,Kidney Neoplasms
hsa-mir-155,target,Metabolic Syndrome
hsa-mir-155,target,Gastrointestinal Neoplasms
hsa-mir-155,target,Liver Cirrhosis
hsa-mir-155,target,Acute Coronary Syndrome
hsa-mir-155,target,Tuberculosis
hsa-mir-155,target,Liver Neoplasms
hsa-mir-155,target,Intervertebral Disc Degeneration
hsa-mir-155,target,Colitis
hsa-mir-155,target,Chordoma
hsa-mir-155,target,Biliary Atresia
hsa-mir-155,target,Pneumonia
hsa-mir-155,target,Nephrolithiasis
hsa-mir-155,target,Thrombocytopenia
hsa-mir-155,target,Lymphocytic Choriomeningitis
hsa-mir-422a,target,Glioma
hsa-mir-15b,target,Breast Neoplasms
hsa-mir-15b,target,Glioblastoma
hsa-mir-15b,target,Retinoblastoma
hsa-mir-15b,target,Coronary Artery Disease
hsa-mir-15b,target,Tongue Neoplasms
hsa-mir-15b,target,Liver Failure
hsa-mir-29c,target,Pancreatic Neoplasms
hsa-mir-29c,target,Glioblastoma
hsa-mir-29c,target,Esophageal Neoplasms
hsa-mir-29c,target,Osteosarcoma
hsa-mir-29c,target,Liver Neoplasms
hsa-mir-29c,target,Rhabdomyosarcoma
hsa-mir-29c,target,Neurilemmoma
hsa-mir-29c,target,Idiopathic Pulmonary Fibrosis
hsa-mir-485,target,Leukemia
hsa-mir-485,target,Lung Neoplasms
hsa-mir-4286,target,Lung Neoplasms
hsa-mir-1226,target,Hematologic Neoplasms
hsa-mir-107,target,Leukemia
hsa-mir-107,target,Pituitary Neoplasms
hsa-mir-107,target,Atherosclerosis
hsa-mir-107,target,Myocardial Infarction
hsa-mir-107,target,Multiple Sclerosis
hsa-mir-107,target,Stroke
hsa-mir-107,target,Gastrointestinal Neoplasms
hsa-mir-107,target,Osteosarcoma
hsa-mir-107,target,Burns
hsa-mir-26a-2,target,Breast Neoplasms
hsa-mir-26a-2,target,Lung Neoplasms
hsa-mir-26a-2,target,Nasopharyngeal Neoplasms
hsa-mir-26a-2,target,Lymphoma
hsa-mir-26a-2,target,Cholangiocarcinoma
hsa-mir-26a-2,target,Esophageal Neoplasms
hsa-mir-186,target,Ovarian Neoplasms
hsa-mir-186,target,Alzheimer Disease
hsa-mir-186,target,Multiple Myeloma
hsa-mir-320e,target,Breast Neoplasms
hsa-mir-122,target,Leukemia
hsa-mir-122,target,Asthma
hsa-mir-122,target,Atherosclerosis
hsa-mir-122,target,Heart Failure
hsa-mir-122,target,Diabetes Mellitus
hsa-mir-122,target,Lymphoma
hsa-mir-122,target,Multiple Sclerosis
hsa-mir-122,target,Crohn Disease
hsa-mir-122,target,Glioma
hsa-mir-122,target,Endomyocardial Fibrosis
hsa-mir-122,target,Inflammatory Bowel Diseases
hsa-mir-122,target,Infertility
hsa-mir-18b,target,Heart Failure
hsa-mir-181d,target,Glioma
hsa-mir-181d,target,Osteosarcoma
hsa-mir-500a,target,Glioblastoma
hsa-mir-375,target,Melanoma
hsa-mir-375,target,Alzheimer Disease
hsa-mir-375,target,Metabolic Syndrome
hsa-mir-375,target,Osteosarcoma
hsa-mir-375,target,Liver Neoplasms
hsa-mir-375,target,Neuroblastoma
hsa-mir-433,target,Atherosclerosis
hsa-mir-433,target,Parkinson Disease
hsa-mir-433,target,Endomyocardial Fibrosis
hsa-mir-631,target,Multiple Myeloma
hsa-mir-518b,target,Glioblastoma
hsa-mir-25,target,Glioblastoma
hsa-mir-25,target,Retinoblastoma
hsa-mir-25,target,Glioma
hsa-mir-25,target,Cholangiocarcinoma
hsa-mir-25,target,Osteosarcoma
hsa-mir-25,target,Inflammation
hsa-mir-25,target,Barrett Esophagus
hsa-mir-1261,target,Pancreatic Neoplasms
hsa-mir-205,target,Nasopharyngeal Neoplasms
hsa-mir-205,target,Glioblastoma
hsa-mir-205,target,Parkinson Disease
hsa-mir-205,target,Osteoporosis
hsa-mir-205,target,Osteosarcoma
hsa-mir-205,target,Neuroblastoma
hsa-mir-205,target,Dermatomyositis
hsa-mir-762,target,Breast Neoplasms
hsa-mir-23b,target,Ovarian Neoplasms
hsa-mir-23b,target,Sepsis
hsa-mir-23b,target,Pancreatic Neoplasms
hsa-mir-23b,target,Glioblastoma
hsa-mir-23b,target,Multiple Myeloma
hsa-mir-23b,target,Endometriosis
hsa-mir-23b,target,Glioma
hsa-mir-23b,target,Kidney Neoplasms
hsa-mir-23b,target,Inflammation
hsa-mir-23b,target,Chondrosarcoma
hsa-mir-23b,target,Intracranial Aneurysm
hsa-mir-23b,target,Pain
hsa-mir-23b,target,Burns
hsa-mir-27b,target,Leukemia
hsa-mir-27b,target,Neuroblastoma
hsa-mir-27b,target,Asthenozoospermia
hsa-mir-1260a,target,Asthma
hsa-mir-634,target,Ovarian Neoplasms
hsa-mir-151a,target,Asthenozoospermia
hsa-mir-329,target,Pituitary Neoplasms
hsa-mir-329,target,Glioma
hsa-mir-329,target,Neuroblastoma
hsa-mir-16-1,target,Pancreatic Neoplasms
hsa-mir-16-1,target,Parkinson Disease
hsa-mir-16-1,target,Retinoblastoma
hsa-mir-16-1,target,Glioma
hsa-mir-16-1,target,Liver Failure
hsa-mir-16-1,target,Laryngeal Neoplasms
hsa-mir-16-1,target,Odontogenic Tumors
hsa-mir-194,target,Breast Neoplasms
hsa-mir-194,target,Melanoma
hsa-mir-194,target,Glioma
hsa-mir-194,target,Liver Cirrhosis
hsa-mir-194,target,Psoriasis
hsa-mir-194,target,Osteosarcoma
hsa-mir-194,target,Inflammation
hsa-mir-34b,target,Melanoma
hsa-mir-34b,target,Spinal Cord Injuries
hsa-mir-34b,target,Acute Lung Injury
hsa-mir-3151,target,Leukemia
hsa-mir-548,target,Glioma
hsa-let-7d,target,Retinal Degeneration
hsa-let-7d,target,Parkinson Disease
hsa-let-7d,target,Crohn Disease
hsa-let-7d,target,Endometrial Neoplasms
hsa-let-7d,target,Inflammation
hsa-let-7d,target,Idiopathic Pulmonary Fibrosis
hsa-mir-379,target,Breast Neoplasms
hsa-mir-379,target,Nasopharyngeal Neoplasms
hsa-mir-379,target,Mesothelioma
hsa-mir-379,target,Metabolic Syndrome
hsa-mir-379,target,Osteosarcoma
hsa-mir-138,target,Breast Neoplasms
hsa-mir-138,target,Leukemia
hsa-mir-138,target,Sepsis
hsa-mir-138,target,Pancreatic Neoplasms
hsa-mir-138,target,Alzheimer Disease
hsa-mir-138,target,Kidney Neoplasms
hsa-mir-138,target,Psoriasis
hsa-mir-138,target,Periodontal Diseases
hsa-mir-139,target,Leukemia
hsa-mir-139,target,Lung Neoplasms
hsa-mir-139,target,Ovarian Neoplasms
hsa-mir-139,target,Pancreatic Neoplasms
hsa-mir-139,target,Alzheimer Disease
hsa-mir-139,target,Myasthenia Gravis
hsa-mir-139,target,Glioma
hsa-mir-139,target,Osteoporosis
hsa-mir-139,target,Epilepsy
hsa-mir-139,target,Osteoarthritis
hsa-mir-346,target,Graves Disease
hsa-mir-425,target,Heart Failure
hsa-mir-425,target,Glioblastoma
hsa-mir-425,target,Hypertension
hsa-mir-425,target,Glioma
hsa-mir-3200,target,Breast Neoplasms
hsa-mir-3200,target,Osteosarcoma
hsa-mir-214,target,Nasopharyngeal Neoplasms
hsa-mir-214,target,Heart Failure
hsa-mir-214,target,Glioma
hsa-mir-214,target,Esophageal Neoplasms
hsa-mir-214,target,Huntington Disease
hsa-mir-1825,target,Chronic Pain
hsa-mir-575,target,Breast Neoplasms
hsa-mir-575,target,Atherosclerosis
hsa-mir-575,target,Alopecia
hsa-mir-429,target,Glioblastoma
hsa-mir-429,target,Osteosarcoma
hsa-mir-429,target,Liver Neoplasms
hsa-mir-429,target,Fibrosarcoma
hsa-mir-873,target,Breast Neoplasms
hsa-mir-873,target,Lung Neoplasms
hsa-mir-873,target,Ovarian Neoplasms
hsa-mir-873,target,Glioma
hsa-mir-873,target,Esophageal Neoplasms
hsa-mir-188,target,Alzheimer Disease
hsa-mir-188,target,Glioma
hsa-mir-3614,target,Multiple Sclerosis
hsa-mir-1283,target,Hypertension
hsa-mir-522,target,Glioblastoma
hsa-mir-222,target,Lung Neoplasms
hsa-mir-222,target,Marek Disease
hsa-mir-222,target,Alzheimer Disease
hsa-mir-222,target,Multiple Myeloma
hsa-mir-222,target,Liver Neoplasms
hsa-mir-222,target,Brain Neoplasms
hsa-mir-222,target,Biliary Atresia
hsa-mir-4487,target,Neuroblastoma
hsa-mir-345,target,Pancreatic Neoplasms
hsa-mir-298,target,Breast Neoplasms
hsa-mir-298,target,Epilepsy
hsa-mir-568,target,Breast Neoplasms
hsa-mir-20a,target,Leukemia
hsa-mir-20a,target,Thyroid Neoplasms
hsa-mir-20a,target,Myelodysplastic Syndromes
hsa-mir-20a,target,Atherosclerosis
hsa-mir-20a,target,Diabetes Mellitus
hsa-mir-20a,target,Cholangiocarcinoma
hsa-mir-20a,target,Tuberculosis
hsa-mir-20a,target,Medulloblastoma
hsa-mir-20a,target,Neuroblastoma
hsa-mir-20a,target,Antiphospholipid Syndrome
hsa-mir-20a,target,Hemangiosarcoma
hsa-mir-885,target,Neuroblastoma
hsa-mir-124-3,target,Alzheimer Disease
hsa-mir-124-3,target,Medulloblastoma
hsa-mir-7-2,target,Lung Neoplasms
hsa-mir-7-2,target,Melanoma
hsa-mir-7-2,target,Parkinson Disease
hsa-mir-7-2,target,Glioma
hsa-mir-143,target,Ovarian Neoplasms
hsa-mir-143,target,Melanoma
hsa-mir-143,target,Heart Failure
hsa-mir-143,target,Lymphoma
hsa-mir-143,target,Crohn Disease
hsa-mir-143,target,Glioma
hsa-mir-143,target,Endometrial Neoplasms
hsa-mir-143,target,Hepatoblastoma
hsa-mir-143,target,Neuroblastoma
hsa-mir-143,target,Fever
hsa-mir-125b-1,target,Leukemia
hsa-mir-125b-1,target,Glioblastoma
hsa-mir-125b-1,target,Alzheimer Disease
hsa-mir-125b-1,target,Endometrial Neoplasms
hsa-mir-125b-1,target,Osteosarcoma
hsa-mir-125b-1,target,Huntington Disease
hsa-mir-125b-1,target,Hematologic Neoplasms
hsa-mir-1285,target,Breast Neoplasms
hsa-mir-486,target,Leukemia
hsa-mir-486,target,Diabetes Mellitus
hsa-mir-486,target,Glioblastoma
hsa-mir-486,target,Myocardial Infarction
hsa-mir-486,target,Spinal Cord Injuries
hsa-mir-486,target,Aortic Valve Disease
hsa-mir-486,target,Osteoarthritis
hsa-mir-512,target,Lung Neoplasms
hsa-mir-512,target,Alzheimer Disease
hsa-mir-339,target,Thyroid Neoplasms
hsa-mir-339,target,Alzheimer Disease
hsa-mir-339,target,Coronary Artery Disease
hsa-mir-1294,target,Chronic Pain
hsa-mir-455,target,Glioma
hsa-mir-455,target,Inflammation
hsa-mir-455,target,Intracranial Aneurysm
hsa-mir-1290,target,Breast Neoplasms
hsa-mir-452,target,Rectal Neoplasms
hsa-mir-148a,target,Thyroid Neoplasms
hsa-mir-148a,target,Ovarian Neoplasms
hsa-mir-148a,target,Glomerulonephritis
hsa-mir-148a,target,Melanoma
hsa-mir-148a,target,Endometriosis
hsa-mir-148a,target,Obesity
hsa-mir-148a,target,Glioma
hsa-mir-148a,target,Cholangiocarcinoma
hsa-mir-148a,target,Lupus Nephritis
hsa-mir-148a,target,Inflammation
hsa-mir-148a,target,Thrombosis
hsa-mir-148a,target,Myositis Ossificans
hsa-mir-378b,target,Osteosarcoma
hsa-mir-106a,target,Kidney Neoplasms
hsa-mir-106a,target,Osteoarthritis
hsa-mir-106a,target,Diabetic Retinopathy
hsa-mir-106a,target,Rhabdomyosarcoma
hsa-mir-106a,target,Neuroblastoma
hsa-mir-371b,target,Chondrosarcoma
hsa-mir-1973,target,Lung Neoplasms
hsa-mir-671,target,Glioma
hsa-mir-744,target,Ovarian Neoplasms
hsa-mir-744,target,Glioblastoma
hsa-mir-744,target,Inflammation
hsa-mir-564,target,Lung Neoplasms
hsa-mir-301a,target,Pancreatic Neoplasms
hsa-mir-301a,target,Multiple Myeloma
hsa-mir-301a,target,Esophageal Neoplasms
hsa-mir-301a,target,Osteosarcoma
hsa-mir-301a,target,Demyelinating Diseases
hsa-mir-376a,target,Ovarian Neoplasms
hsa-mir-181a,target,Thyroid Neoplasms
hsa-mir-181a,target,Myocardial Infarction
hsa-mir-181a,target,Stroke
hsa-mir-181a,target,Acute Lung Injury
hsa-mir-181a,target,Osteoporosis
hsa-mir-181a,target,Osteosarcoma
hsa-mir-181a,target,Inflammation
hsa-mir-33b,target,Breast Neoplasms
hsa-mir-33b,target,Ovarian Neoplasms
hsa-mir-33b,target,Atherosclerosis
hsa-mir-33b,target,Melanoma
hsa-mir-33b,target,Osteosarcoma
hsa-mir-4521,target,Breast Neoplasms
hsa-mir-4521,target,Myasthenia Gravis
hsa-mir-369,target,Multiple Sclerosis
hsa-mir-1238,target,Lung Neoplasms
hsa-mir-384,target,Glioma
hsa-mir-384,target,Osteoarthritis
hsa-mir-384,target,Diabetic Retinopathy
hsa-mir-216b,target,Nasopharyngeal Neoplasms
hsa-mir-216b,target,Glioma
hsa-mir-323a,target,Thyroid Neoplasms
hsa-mir-323a,target,Osteosarcoma
hsa-mir-93,target,Asthma
hsa-mir-93,target,Glioblastoma
hsa-mir-93,target,Osteosarcoma
hsa-mir-93,target,Intervertebral Disc Degeneration
hsa-mir-93,target,Barrett Esophagus
hsa-mir-93,target,Leiomyoma
hsa-mir-625,target,Thyroid Neoplasms
hsa-mir-19b-2,target,Leukemia
hsa-mir-19b-2,target,Medulloblastoma
hsa-mir-19b-1,target,Multiple Myeloma
hsa-mir-19b-1,target,Cholangiocarcinoma
hsa-mir-19b-1,target,Rectal Neoplasms
hsa-mir-19b-1,target,Medulloblastoma
hsa-mir-19b-1,target,Neuroblastoma
hsa-mir-19b-1,target,Hemangiosarcoma
hsa-mir-1297,target,Lung Neoplasms
hsa-mir-1297,target,Melanoma
hsa-mir-372,target,Breast Neoplasms
hsa-mir-372,target,Lung Neoplasms
hsa-mir-372,target,Pituitary Neoplasms
hsa-mir-592,target,Glioma
hsa-mir-29a,target,Melanoma
hsa-mir-29a,target,Pancreatic Neoplasms
hsa-mir-29a,target,Multiple Sclerosis
hsa-mir-29a,target,Spinal Cord Injuries
hsa-mir-29a,target,Cholangiocarcinoma
hsa-mir-29a,target,Osteosarcoma
hsa-mir-29a,target,Diabetic Retinopathy
hsa-mir-29a,target,Rhabdomyosarcoma
hsa-mir-29a,target,Inflammation
hsa-mir-29a,target,Neurilemmoma
hsa-mir-576,target,Breast Neoplasms
hsa-mir-340,target,Lung Neoplasms
hsa-mir-340,target,Thyroid Neoplasms
hsa-mir-340,target,Melanoma
hsa-mir-340,target,Coronary Artery Disease
hsa-mir-340,target,Psoriasis
hsa-mir-340,target,Osteosarcoma
hsa-mir-3622b,target,Alzheimer Disease
hsa-mir-30b,target,Glioblastoma
hsa-mir-30b,target,Glioma
hsa-mir-30b,target,Osteosarcoma
hsa-mir-30b,target,Atrial Fibrillation
hsa-mir-30b,target,Osteoarthritis
hsa-mir-30b,target,Inflammation
hsa-mir-338,target,Glioma
hsa-mir-338,target,Neuroblastoma
hsa-mir-21,target,Pituitary Neoplasms
hsa-mir-21,target,Nasopharyngeal Neoplasms
hsa-mir-21,target,Endomyocardial Fibrosis
hsa-mir-21,target,Arteriosclerosis Obliterans
hsa-mir-21,target,Osteoarthritis
hsa-mir-21,target,Dementia
hsa-mir-21,target,Leprosy
hsa-mir-21,target,Biliary Atresia
hsa-mir-21,target,Oral Submucous Fibrosis
hsa-mir-21,target,Cardio-Renal Syndrome
hsa-mir-21,target,Peritoneal Fibrosis
hsa-mir-21,target,Seizures
hsa-mir-21,target,Gliosis
hsa-mir-499a,target,Atherosclerosis
hsa-mir-499a,target,Glioma
hsa-mir-96,target,Melanoma
hsa-mir-96,target,Multiple Myeloma
hsa-mir-96,target,Liver Cirrhosis
hsa-mir-96,target,Osteosarcoma
hsa-mir-96,target,Cardiomegaly
hsa-mir-96,target,Pain
hsa-mir-146b,target,Sepsis
hsa-mir-146b,target,Diabetes Mellitus
hsa-mir-146b,target,Obesity
hsa-mir-146b,target,Glioma
hsa-mir-146b,target,Osteosarcoma
hsa-mir-1245a,target,Breast Neoplasms
hsa-mir-1908,target,Obesity
hsa-mir-1908,target,Osteosarcoma
hsa-mir-367,target,Glioblastoma
hsa-mir-135b,target,Lung Neoplasms
hsa-mir-135b,target,Atherosclerosis
hsa-mir-135b,target,Hypertrophy
hsa-mir-135b,target,Glioblastoma
hsa-mir-135b,target,Lymphoma
hsa-mir-135b,target,Endometriosis
hsa-mir-135b,target,Glioma
hsa-mir-922,target,Alzheimer Disease
hsa-mir-297,target,Glioblastoma
hsa-mir-591,target,Ovarian Neoplasms
hsa-mir-520d,target,Breast Neoplasms
hsa-mir-1,target,Asthma
hsa-mir-1,target,Ovarian Neoplasms
hsa-mir-1,target,Diabetes Mellitus
hsa-mir-1,target,Hypertrophy
hsa-mir-1,target,Osteosarcoma
hsa-mir-1,target,Diabetic Cardiomyopathies
hsa-mir-1,target,Rhabdomyosarcoma
hsa-mir-1,target,Intracranial Aneurysm
hsa-mir-1,target,Chordoma
hsa-mir-602,target,Alopecia
hsa-mir-517a,target,Lung Neoplasms
hsa-mir-202,target,Pancreatic Neoplasms
hsa-mir-202,target,Osteosarcoma
hsa-mir-4467,target,Alzheimer Disease
hsa-mir-211,target,Glaucoma
hsa-mir-211,target,Diabetic Retinopathy
hsa-mir-187,target,Lung Neoplasms
hsa-mir-466,target,Lymphoma
hsa-mir-302d,target,Glioblastoma
hsa-mir-101,target,Atherosclerosis
hsa-mir-101,target,Melanoma
hsa-mir-101,target,Alzheimer Disease
hsa-mir-101,target,Retinoblastoma
hsa-mir-101,target,Endometrial Neoplasms
hsa-mir-101,target,Liver Neoplasms
hsa-mir-101,target,Osteoarthritis
hsa-mir-34a,target,Sepsis
hsa-mir-34a,target,Multiple Myeloma
hsa-mir-34a,target,Coronary Artery Disease
hsa-mir-34a,target,Kidney Neoplasms
hsa-mir-34a,target,Metabolic Syndrome
hsa-mir-34a,target,Liver Cirrhosis
hsa-mir-34a,target,Huntington Disease
hsa-mir-34a,target,Brain Neoplasms
hsa-mir-34a,target,Medulloblastoma
hsa-mir-34a,target,Cataract
hsa-mir-34a,target,Laryngeal Neoplasms
hsa-mir-34a,target,Chordoma
hsa-mir-34a,target,Peritoneal Fibrosis
hsa-mir-622,target,Glioma
hsa-mir-593,target,Esophageal Neoplasms
hsa-mir-1178,target,Pancreatic Neoplasms
hsa-mir-1178,target,Tuberculosis
hsa-mir-140,target,Multiple Myeloma
hsa-mir-140,target,Retinoblastoma
hsa-mir-140,target,Spinal Cord Injuries
hsa-mir-140,target,Acute Lung Injury
hsa-mir-140,target,Gout
hsa-mir-223,target,Hypertrophy
hsa-mir-223,target,Crohn Disease
hsa-mir-223,target,Glioma
hsa-mir-223,target,Lupus Nephritis
hsa-mir-223,target,Epilepsy
hsa-mir-223,target,Hematologic Neoplasms
hsa-mir-223,target,Barrett Esophagus
hsa-mir-223,target,Periodontal Diseases
hsa-mir-223,target,Peritoneal Fibrosis
hsa-mir-449a,target,Lung Neoplasms
hsa-mir-449a,target,Glioblastoma
hsa-mir-449a,target,Glioma
hsa-mir-128,target,Breast Neoplasms
hsa-mir-128,target,Ovarian Neoplasms
hsa-mir-128,target,Alzheimer Disease
hsa-mir-128,target,Glioma
hsa-mir-128,target,Osteosarcoma
hsa-mir-300,target,Pituitary Neoplasms
hsa-mir-300,target,Osteosarcoma
hsa-mir-874,target,Ovarian Neoplasms
hsa-mir-874,target,Sepsis
hsa-mir-874,target,Multiple Sclerosis
hsa-mir-874,target,Osteoporosis
hsa-mir-136,target,Ovarian Neoplasms
hsa-mir-136,target,Atherosclerosis
hsa-mir-136,target,Spinal Cord Injuries
hsa-mir-136,target,Glioma
hsa-mir-136,target,Keratitis
hsa-mir-574,target,Lung Neoplasms
hsa-mir-574,target,Obesity
hsa-mir-574,target,Osteosarcoma
hsa-let-7c,target,Retinal Degeneration
hsa-let-7c,target,Atherosclerosis
hsa-let-7c,target,Melanoma
hsa-let-7c,target,Glioblastoma
hsa-let-7c,target,Endometrial Neoplasms
hsa-let-7c,target,Inflammation
hsa-let-7c,target,Moyamoya Disease
hsa-let-7c,target,Leiomyoma
hsa-mir-5100,target,Lung Neoplasms
hsa-mir-494,target,Breast Neoplasms
hsa-mir-494,target,Diabetes Mellitus
hsa-mir-494,target,Glioblastoma
hsa-mir-494,target,Lymphoma
hsa-mir-494,target,Multiple Sclerosis
hsa-mir-494,target,Spinal Cord Injuries
hsa-mir-494,target,Gastrointestinal Neoplasms
hsa-mir-494,target,Ischemia
hsa-mir-494,target,Chondrosarcoma
hsa-mir-494,target,Intervertebral Disc Degeneration
hsa-mir-374b,target,Ovarian Neoplasms
hsa-mir-374b,target,Melanoma
hsa-mir-144,target,Leukemia
hsa-mir-144,target,Lung Neoplasms
hsa-mir-144,target,Nasopharyngeal Neoplasms
hsa-mir-144,target,Atherosclerosis
hsa-mir-144,target,Glioblastoma
hsa-mir-144,target,Alzheimer Disease
hsa-mir-144,target,Cholangiocarcinoma
hsa-mir-144,target,Osteoporosis
hsa-let-7a-2,target,Melanoma
hsa-let-7a-2,target,Gastrointestinal Neoplasms
hsa-let-7a-2,target,Endometrial Neoplasms
hsa-let-7a-2,target,Inflammation
hsa-mir-9-3,target,Glioblastoma
hsa-mir-197,target,Ovarian Neoplasms
hsa-mir-197,target,Pancreatic Neoplasms
hsa-mir-197,target,Graves Disease
hsa-mir-197,target,Multiple Myeloma
hsa-mir-197,target,Multiple Sclerosis
hsa-mir-197,target,Metabolic Syndrome
hsa-mir-218,target,Choriocarcinoma
hsa-mir-218,target,Melanoma
hsa-mir-218,target,Glioblastoma
hsa-mir-218,target,Parkinson Disease
hsa-mir-218,target,Retinoblastoma
hsa-mir-218,target,Osteoporosis
hsa-mir-218,target,Osteosarcoma
hsa-mir-218,target,Liver Neoplasms
hsa-mir-218,target,Pterygium
hsa-mir-185,target,Lung Neoplasms
hsa-mir-185,target,Ovarian Neoplasms
hsa-mir-185,target,Diabetes Mellitus
hsa-mir-185,target,Esophageal Neoplasms
hsa-mir-185,target,Congenital Microtia
hsa-mir-185,target,Cleidocranial Dysplasia
hsa-mir-663b,target,Nasopharyngeal Neoplasms
hsa-mir-95,target,Glioma
hsa-mir-95,target,Osteoarthritis
hsa-let-7g,target,Retinal Degeneration
hsa-let-7g,target,Atherosclerosis
hsa-let-7g,target,Glioblastoma
hsa-let-7g,target,Endometrial Neoplasms
hsa-let-7g,target,Inflammation
hsa-mir-302b,target,Thyroid Neoplasms
hsa-mir-302b,target,Glioblastoma
hsa-mir-495,target,Atherosclerosis
hsa-mir-495,target,Pancreatic Diseases
hsa-mir-519c,target,Breast Neoplasms
hsa-mir-17,target,Myelodysplastic Syndromes
hsa-mir-17,target,Diabetes Mellitus
hsa-mir-17,target,Cholangiocarcinoma
hsa-mir-17,target,Epilepsy
hsa-mir-17,target,Rectal Neoplasms
hsa-mir-17,target,Cystic Fibrosis
hsa-mir-17,target,Pulmonary Embolism
hsa-mir-17,target,Neuroblastoma
hsa-mir-17,target,Encephalomyelitis
hsa-mir-17,target,Hemangiosarcoma
hsa-mir-582,target,Lung Neoplasms
hsa-mir-582,target,Tuberculosis
hsa-mir-30e,target,Glioblastoma
hsa-mir-30e,target,Parkinson Disease
hsa-mir-30e,target,Glioma
hsa-mir-92a-1,target,Pancreatic Neoplasms
hsa-mir-92a-1,target,Glioblastoma
hsa-mir-92a-1,target,Medulloblastoma
hsa-mir-92a-1,target,Hemangiosarcoma
hsa-mir-199b,target,Atrial Fibrillation
hsa-mir-199b,target,Inflammation
hsa-mir-373,target,Lung Neoplasms
hsa-mir-373,target,Pituitary Neoplasms
hsa-mir-373,target,Ovarian Neoplasms
hsa-mir-373,target,Pancreatic Neoplasms
hsa-mir-373,target,Retinoblastoma
hsa-mir-373,target,Esophageal Neoplasms
hsa-mir-373,target,Osteoarthritis
hsa-mir-373,target,Fibrosarcoma
hsa-mir-361,target,Coronary Artery Disease
hsa-mir-361,target,Obesity
hsa-mir-361,target,Glioma
hsa-mir-577,target,Osteoarthritis
hsa-mir-198,target,Pancreatic Neoplasms
hsa-mir-198,target,Glioblastoma
hsa-mir-198,target,Osteosarcoma
hsa-mir-2909,target,Coronary Artery Disease
hsa-mir-4271,target,Parkinson Disease
hsa-mir-599,target,Glioma
hsa-mir-152,target,Ovarian Neoplasms
hsa-mir-152,target,Pancreatic Neoplasms
hsa-mir-152,target,Glioblastoma
hsa-mir-152,target,Multiple Myeloma
hsa-mir-152,target,Glioma
hsa-mir-152,target,Cholangiocarcinoma
hsa-mir-152,target,Osteosarcoma
hsa-mir-152,target,Diabetic Retinopathy
hsa-mir-503,target,Atherosclerosis
hsa-mir-503,target,Hypertension
hsa-mir-503,target,Nephrotic Syndrome
hsa-mir-133b,target,Hypertrophy
hsa-mir-133b,target,Glioblastoma
hsa-mir-133b,target,Parkinson Disease
hsa-mir-133b,target,Inflammation
hsa-mir-133b,target,Cardiomegaly
hsa-mir-133b,target,Intracranial Aneurysm
hsa-mir-133b,target,Infertility
hsa-mir-129-1,target,Lung Neoplasms
hsa-mir-129-1,target,Glioblastoma
hsa-let-7b,target,Retinal Degeneration
hsa-let-7b,target,Hypertension
hsa-let-7b,target,Retinoblastoma
hsa-let-7b,target,Endometrial Neoplasms
hsa-let-7b,target,Epilepsy
hsa-let-7b,target,Inflammation
hsa-let-7b,target,Pancreatic Diseases
hsa-mir-145,target,Thyroid Neoplasms
hsa-mir-145,target,Asthma
hsa-mir-145,target,Nasopharyngeal Neoplasms
hsa-mir-145,target,Sepsis
hsa-mir-145,target,Choriocarcinoma
hsa-mir-145,target,Retinoblastoma
hsa-mir-145,target,Obesity
hsa-mir-145,target,Endometrial Neoplasms
hsa-mir-145,target,Osteosarcoma
hsa-mir-145,target,Osteoarthritis
hsa-mir-145,target,Neuroblastoma
hsa-mir-145,target,Intracranial Aneurysm
hsa-mir-145,target,Aneurysm
hsa-mir-448,target,Breast Neoplasms
hsa-mir-448,target,Asthma
hsa-mir-448,target,Ovarian Neoplasms
hsa-mir-448,target,Multiple Sclerosis
hsa-mir-448,target,Aneurysm
hsa-mir-302c,target,Glioblastoma
hsa-mir-302c,target,Skin Neoplasms
hsa-mir-183,target,Leukemia
hsa-mir-183,target,Choriocarcinoma
hsa-mir-183,target,Glomerulonephritis
hsa-mir-183,target,Graves Disease
hsa-mir-183,target,Endometriosis
hsa-mir-183,target,Retinoblastoma
hsa-mir-183,target,Osteosarcoma
hsa-mir-183,target,Neuroblastoma
hsa-mir-183,target,Pain
hsa-mir-106b,target,Thyroid Neoplasms
hsa-mir-106b,target,Pancreatic Neoplasms
hsa-mir-106b,target,Alzheimer Disease
hsa-mir-106b,target,Retinoblastoma
hsa-mir-106b,target,Cholangiocarcinoma
hsa-mir-106b,target,Giant Cell Tumor of Bone
hsa-mir-106b,target,Cholesteatoma
hsa-mir-106b,target,Laryngeal Neoplasms
hsa-mir-106b,target,Barrett Esophagus
hsa-mir-106b,target,Leiomyoma
hsa-mir-363,target,Breast Neoplasms
hsa-mir-363,target,Ovarian Neoplasms
hsa-mir-1265,target,Ovarian Neoplasms
hsa-mir-320a,target,Atherosclerosis
hsa-mir-320a,target,Diabetes Mellitus
hsa-mir-320a,target,Glioblastoma
hsa-mir-320a,target,Myasthenia Gravis
hsa-mir-320a,target,Glioma
hsa-mir-320a,target,Osteoporosis
hsa-mir-320a,target,Epilepsy
hsa-mir-320a,target,Diabetic Retinopathy
hsa-mir-320a,target,Ischemia
hsa-mir-320a,target,Granulosa Cell Tumor
hsa-mir-320a,target,Osteopetrosis
hsa-mir-24-1,target,Retinoblastoma
hsa-mir-24-1,target,Glioma
hsa-mir-24-1,target,Osteosarcoma
hsa-mir-24-1,target,Intracranial Aneurysm
hsa-mir-24-1,target,Laryngeal Neoplasms
hsa-mir-1298,target,Lung Neoplasms
hsa-mir-1298,target,Arteriosclerosis Obliterans
hsa-mir-4455,target,Pancreatic Neoplasms
hsa-mir-23a,target,Leukemia
hsa-mir-23a,target,Lung Neoplasms
hsa-mir-23a,target,Myelodysplastic Syndromes
hsa-mir-23a,target,Atherosclerosis
hsa-mir-23a,target,Sepsis
hsa-mir-23a,target,Endometriosis
hsa-mir-23a,target,Gastrointestinal Neoplasms
hsa-mir-23a,target,Liver Cirrhosis
hsa-mir-23a,target,Ischemia
hsa-mir-590,target,Asthma
hsa-mir-590,target,Atherosclerosis
hsa-mir-590,target,Glioblastoma
hsa-mir-590,target,Crohn Disease
hsa-mir-590,target,Kidney Neoplasms
hsa-mir-590,target,Osteosarcoma
hsa-mir-27a,target,Diabetes Mellitus
hsa-mir-27a,target,Acute Lung Injury
hsa-mir-27a,target,Kidney Neoplasms
hsa-mir-27a,target,Rhabdomyosarcoma
hsa-mir-27a,target,Astrocytoma
hsa-mir-27a,target,Laryngeal Neoplasms
hsa-mir-27a,target,Peri-Implantitis
hsa-mir-483,target,Glioma
hsa-mir-483,target,Osteoporosis
hsa-mir-483,target,Glaucoma
hsa-mir-483,target,Ischemia
hsa-mir-483,target,Thrombosis
hsa-mir-489,target,Breast Neoplasms
hsa-mir-489,target,Cardiomegaly
hsa-mir-29b-2,target,Breast Neoplasms
hsa-mir-29b-2,target,Melanoma
hsa-mir-29b-2,target,Glioblastoma
hsa-mir-29b-2,target,Multiple Sclerosis
hsa-mir-29b-2,target,Rhabdomyosarcoma
hsa-mir-29b-2,target,Intracranial Aneurysm
hsa-mir-614,target,Lung Neoplasms
hsa-mir-708,target,Asthma
hsa-mir-708,target,Ovarian Neoplasms
hsa-mir-708,target,Alzheimer Disease
hsa-mir-708,target,Inflammation
hsa-mir-299,target,Lung Neoplasms
hsa-mir-299,target,Glioblastoma
hsa-mir-652,target,Pancreatic Neoplasms
hsa-mir-492,target,Breast Neoplasms
hsa-mir-208b,target,Osteosarcoma
hsa-mir-92a,target,Asthma
hsa-mir-92a,target,Diabetes Mellitus
hsa-mir-92a,target,Alzheimer Disease
hsa-mir-92a,target,Glioma
hsa-mir-92a,target,Osteoarthritis
hsa-mir-92a,target,Idiopathic Pulmonary Fibrosis
hsa-mir-92a,target,Intracranial Aneurysm
hsa-mir-92a,target,Hyperuricemia
hsa-mir-504,target,Lymphoma
hsa-mir-138-1,target,Lung Neoplasms
hsa-mir-138-1,target,Ovarian Neoplasms
hsa-mir-138-1,target,Nasopharyngeal Neoplasms
hsa-mir-200a,target,Lung Neoplasms
hsa-mir-200a,target,Diabetes Mellitus
hsa-mir-200a,target,Lymphoma
hsa-mir-200a,target,Alzheimer Disease
hsa-mir-200a,target,Glioma
hsa-mir-200a,target,Kidney Neoplasms
hsa-mir-200a,target,Liver Cirrhosis
hsa-mir-200a,target,Amyotrophic Lateral Sclerosis
hsa-mir-200a,target,Irritable Bowel Syndrome
hsa-mir-200a,target,Huntington Disease
hsa-mir-200a,target,Neuroblastoma
hsa-mir-200a,target,Leiomyoma
hsa-mir-940,target,Breast Neoplasms
hsa-mir-135a,target,Lung Neoplasms
hsa-mir-135a,target,Ovarian Neoplasms
hsa-mir-135a,target,Atherosclerosis
hsa-mir-135a,target,Glioma
hsa-mir-135a,target,Inflammation
hsa-mir-208a,target,Lung Neoplasms
hsa-mir-506,target,Lung Neoplasms
hsa-mir-506,target,Ovarian Neoplasms
hsa-mir-506,target,Glioblastoma
hsa-mir-506,target,Retinoblastoma
hsa-mir-506,target,Glioma
hsa-mir-506,target,Liver Cirrhosis
hsa-mir-506,target,Liver Neoplasms
hsa-mir-125a,target,Pancreatic Neoplasms
hsa-mir-125a,target,Multiple Myeloma
hsa-mir-125a,target,Glioma
hsa-mir-125a,target,Osteosarcoma
hsa-mir-125a,target,Inflammation
hsa-mir-98,target,Ovarian Neoplasms
hsa-mir-98,target,Nasopharyngeal Neoplasms
hsa-mir-98,target,Atherosclerosis
hsa-mir-98,target,Melanoma
hsa-mir-98,target,Coronary Artery Disease
hsa-mir-98,target,Esophageal Neoplasms
hsa-mir-98,target,Endomyocardial Fibrosis
hsa-mir-192,target,Breast Neoplasms
hsa-mir-192,target,Multiple Myeloma
hsa-mir-192,target,Kidney Neoplasms
hsa-mir-192,target,Osteosarcoma
hsa-mir-192,target,Hirschsprung Disease
hsa-mir-192,target,Inflammation
hsa-mir-192,target,Neuroblastoma
hsa-mir-1275,target,Breast Neoplasms
hsa-mir-1275,target,Glioblastoma
hsa-mir-1275,target,Lymphoma
hsa-mir-1275,target,Corneal Neovascularization
hsa-mir-524,target,Melanoma
hsa-mir-524,target,Glioma
hsa-mir-524,target,Osteosarcoma
hsa-mir-342,target,Lung Neoplasms
hsa-mir-342,target,Nasopharyngeal Neoplasms
hsa-mir-342,target,Parkinson Disease
hsa-mir-342,target,Osteoporosis
hsa-mir-203a,target,Lung Neoplasms
hsa-let-7a-3,target,Melanoma
hsa-let-7a-3,target,Mesothelioma
hsa-let-7a-3,target,Gastrointestinal Neoplasms
hsa-let-7a-3,target,Endometrial Neoplasms
hsa-let-7a-3,target,Inflammation
hsa-mir-661,target,Glioma
hsa-mir-661,target,Osteosarcoma
hsa-mir-4500,target,Lung Neoplasms
hsa-mir-331,target,Breast Neoplasms
hsa-mir-331,target,Glioblastoma
hsa-mir-34c,target,Leukemia
hsa-mir-34c,target,Myocardial Infarction
hsa-mir-34c,target,Spinal Cord Injuries
hsa-mir-34c,target,Endometrial Neoplasms
hsa-mir-34c,target,Osteosarcoma
hsa-mir-34c,target,Inflammatory Bowel Diseases
hsa-mir-34c,target,Laryngeal Neoplasms
hsa-mir-32,target,Breast Neoplasms
hsa-mir-32,target,Glioblastoma
hsa-mir-32,target,Machado-Joseph Disease
hsa-mir-32,target,Osteosarcoma
hsa-mir-663a,target,Nasopharyngeal Neoplasms
hsa-mir-200c,target,Thyroid Neoplasms
hsa-mir-200c,target,Glioblastoma
hsa-mir-200c,target,Lymphoma
hsa-mir-200c,target,Glioma
hsa-mir-200c,target,Kidney Neoplasms
hsa-mir-200c,target,Huntington Disease
hsa-mir-200c,target,Liver Neoplasms
hsa-mir-200c,target,Leiomyoma
hsa-mir-200c,target,Congenital Microtia
hsa-mir-19a,target,Thyroid Neoplasms
hsa-mir-19a,target,Atherosclerosis
hsa-mir-19a,target,Sepsis
hsa-mir-19a,target,Pancreatic Neoplasms
hsa-mir-19a,target,Heart Failure
hsa-mir-19a,target,Diabetes Mellitus
hsa-mir-19a,target,Hypertrophy
hsa-mir-19a,target,Cholangiocarcinoma
hsa-mir-19a,target,Esophageal Neoplasms
hsa-mir-19a,target,Rectal Neoplasms
hsa-mir-19a,target,Osteoarthritis
hsa-mir-19a,target,Cardiomegaly
hsa-mir-19a,target,Neuroblastoma
hsa-mir-19a,target,Colitis
hsa-mir-19a,target,Lichen Planus
hsa-mir-19a,target,Hemangiosarcoma
hsa-mir-19a,target,Ileus
